handle,display_name,slug,rank,team_name,score,submission_count,last_submission,team_members,lb_quality
arunodhayan,Arunodhayan,2023-kaggle-ai-report,136,Arunodhayan,136,1,2023-06-18 19:50:16,arunodhayan,ok
hydantess,hyd,AI4Code,1,hyd,0.9232,2,2022-08-11 13:00:12,hydantess,ok
wowfattie,Guanshuo Xu,AI4Code,10,Guanshuo Xu,0.9068,2,2022-08-10 18:58:15,wowfattie,ok
yuanzhezhou,yuanzhe zhou,AI4Code,13,single model gbdt,0.8990,2,2022-08-11 14:14:09,"handedong,jiayi1024,yuanzhezhou",ok
leehann,HZM,AI4Code,14,BladeRunner #2,0.8953,2,2022-08-11 12:20:32,"bladerunner2022,brandonhu0215,leehann,regiusquant",ok
christofhenkel,Dieter,AI4Code,17,CD,0.8910,2,2022-08-11 14:28:27,"christofhenkel,cpmpml",ok
cpmpml,CPMP,AI4Code,17,CD,0.8910,2,2022-08-11 14:28:27,"christofhenkel,cpmpml",ok
dc5e964768ef56302a32,Rib~,AI4Code,26,first epoch,0.8781,2,2022-08-11 11:21:42,"bestpredict,dc5e964768ef56302a32,emiria",ok
daiwakun,daiwakun,AI4Code,36,daiwakun,0.8656,2,2022-08-08 03:17:05,daiwakun,ok
asalhi,Ali,AI4Code,93,Ali Salhi 🇵🇸,0.8540,2,2022-08-11 16:07:12,asalhi,ok
titericz,Giba,AI4Code,256,Giba,0.8482,2,2022-08-04 23:44:39,titericz,ok
aerdem4,Ahmet Erdem,AI4Code,710,Ahmet Erdem,0.7665,2,2022-05-12 11:48:09,aerdem4,ok
cdeotte,Chris Deotte,MABe-mouse-behavior-detection,2,Chris Deotte,0.56123,148,2025-12-15 20:51:11,cdeotte,ok
ren4yu,yu4u,MABe-mouse-behavior-detection,3,monnu + yu4u,0.55750,107,2025-12-15 15:10:14,"fuumin621,ren4yu",ok
ebinan92,Ebi,MABe-mouse-behavior-detection,7,Ebi,0.54327,72,2025-12-15 17:18:41,ebinan92,ok
aerdem4,Ahmet Erdem,MABe-mouse-behavior-detection,11,🧀 The Social Gnaw-twork,0.53986,71,2025-12-15 18:36:45,"aerdem4,arc144,tomirol",ok
arc144,Eduardo Rocha de Andrade,MABe-mouse-behavior-detection,11,🧀 The Social Gnaw-twork,0.53986,71,2025-12-15 18:36:45,"aerdem4,arc144,tomirol",ok
tomirol,matheus,MABe-mouse-behavior-detection,11,🧀 The Social Gnaw-twork,0.53986,71,2025-12-15 18:36:45,"aerdem4,arc144,tomirol",ok
yuanzhezhou,yuanzhe zhou,MABe-mouse-behavior-detection,13,SnapPyLemuR,0.53124,140,2025-12-15 11:47:59,"antoninadolgorukova,ogurtsov,yuanzhezhou",ok
yijiey,Luca,MABe-mouse-behavior-detection,37,Luca,0.49659,47,2025-12-15 19:02:21,yijiey,ok
xiaoz259,xz,MABe-mouse-behavior-detection,38,Xz,0.49561,26,2025-12-15 21:32:24,xiaoz259,ok
tonylica,Tony Li,MABe-mouse-behavior-detection,67,Mochi,0.48883,260,2025-12-15 16:19:10,"evanarlenhandy,supriani,tonylica,williamwu88",ok
mathurinache,Mathurin Ache,MABe-mouse-behavior-detection,259,Mathurin Aché,0.45058,16,2025-11-12 16:37:24,mathurinache,ok
titericz,Giba,MABe-mouse-behavior-detection,362,Giba,0.44919,9,2025-12-12 12:15:35,titericz,ok
jamalsaeedi,Cyrus,MABe-mouse-behavior-detection,475,Cyrus,0.44904,13,2025-12-15 23:34:50,jamalsaeedi,ok
nikitababich,Nikita Babych,MABe-mouse-behavior-detection,1069,Nikita Babych,0.33754,4,2025-11-15 23:55:46,nikitababich,ok
tascj0,tascj,UBC-OCEAN,5,[Rist]40man,0.63,164,2024-01-02 17:13:33,"kapenon,liushuzhi,tascj0",ok
brendanartley,Bartley,UBC-OCEAN,8,KB,0.61,172,2024-01-03 07:48:18,"brendanartley,kevin0912",ok
harshitsheoran,Harshit Sheoran,UBC-OCEAN,12,HungryLearner,0.60,328,2024-01-03 12:29:29,"alabibojesomo,harshitsheoran,ivanaerlic,ivanisaev",ok
ebinan92,Ebi,UBC-OCEAN,20,Ebi,0.57,106,2024-01-03 07:48:38,ebinan92,ok
arc144,Eduardo Rocha de Andrade,UBC-OCEAN,54,Eduardo & Matheus,0.51,58,2024-01-03 15:20:25,"arc144,tomirol",ok
tomirol,matheus,UBC-OCEAN,54,Eduardo & Matheus,0.51,58,2024-01-03 15:20:25,"arc144,tomirol",ok
arunodhayan,Arunodhayan,UBC-OCEAN,149,Arunodhayan,0.45,112,2023-12-27 08:00:29,arunodhayan,ok
jamalsaeedi,Cyrus,UBC-OCEAN,161,Jamal Saeedi,0.45,37,2024-01-03 20:18:18,jamalsaeedi,ok
mathurinache,Mathurin Ache,UBC-OCEAN,164,Mathurin Aché,0.45,14,2023-12-29 20:56:55,mathurinache,ok
guoooooooss,guo dashuai,ai-agent-security-multi-step-tool-attacks,4,no shake thanks :),140.58000,214,2026-09-01 11:02:53,"guoooooooss,guoqingu,huanligong,juliencst,wraith53",ok
arunodhayan,Arunodhayan,ai-agent-security-multi-step-tool-attacks,8,The Final Ensemble,137.85000,139,2026-09-01 11:25:51,"arunodhayan,peilwang,pilkwang,rashmibanthia,tonylica",ok
tonylica,Tony Li,ai-agent-security-multi-step-tool-attacks,8,The Final Ensemble,137.85000,139,2026-09-01 11:25:51,"arunodhayan,peilwang,pilkwang,rashmibanthia,tonylica",ok
xiaoz259,xz,ai-agent-security-multi-step-tool-attacks,19,Xz,124.17000,114,2026-09-01 09:42:11,xiaoz259,ok
yuanzhezhou,yuanzhe zhou,ai-agent-security-multi-step-tool-attacks,84,Team BlackBox and AIRIS,103.05000,157,2026-08-31 03:16:26,"aadigupta7686,del=46a2189cba2f6d40,koushikrudra,krisdreemurr,yuanzhezhou",ok
simingtan,samuel tan,ai-agent-security-multi-step-tool-attacks,208,samuel tan,94.41000,95,2026-08-31 12:01:59,simingtan,ok
jamalsaeedi,Cyrus,ai-agent-security-multi-step-tool-attacks,272,Cyrus,92.47500,125,2026-09-01 08:46:43,jamalsaeedi,ok
asalhi,Ali,ai-agent-security-multi-step-tool-attacks,501,Ali,90.16500,68,2026-09-01 03:26:54,asalhi,ok
yiheng,Yiheng Wang,ai-agent-security-multi-step-tool-attacks,564,Yiheng Wang,89.76000,14,2026-08-20 04:49:37,yiheng,ok
mathurinache,Mathurin Ache,ai-agent-security-multi-step-tool-attacks,591,Mathurin Ache,89.59500,55,2026-09-01 06:16:32,mathurinache,ok
cdeotte,Chris Deotte,ai-agent-security-multi-step-tool-attacks,623,Chris Deotte,89.46000,64,2026-09-01 11:32:02,cdeotte,ok
jaejohn,g john rao,ai-agent-security-multi-step-tool-attacks,1457,john,85.81500,6,2026-08-08 10:36:23,jaejohn,ok
leehann,HZM,ai-agent-security-multi-step-tool-attacks,1573,HZM,85.09500,2,2026-07-21 01:09:31,leehann,ok
tomirol,matheus,ai-agent-security-multi-step-tool-attacks,2141,matheus,78.48000,4,2026-08-21 22:06:41,tomirol,ok
jiweiliu,Jiwei Liu,ai-agent-security-multi-step-tool-attacks,2289,Jiwei Liu,67.94000,2,2026-08-01 03:22:14,jiweiliu,ok
samson8,Yurnero,ai-agent-security-multi-step-tool-attacks,2783,Team name placeholder,33.70500,126,2026-09-01 06:42:05,"alehandreus,conormacamhlaoibh,samson8",ok
tascj0,tascj,ai-agent-security-multi-step-tool-attacks,2905,tascj,25.33500,1,2026-09-01 05:25:40,tascj0,ok
asalhi,Ali,ai-mathematical-olympiad-prize,62,Ali,0,1,2024-05-01 11:20:48,asalhi,zero_score
cpmpml,CPMP,ai-mathematical-olympiad-prize,162,CPMP,0,1,2024-05-11 20:44:31,cpmpml,zero_score
jaejohn,g john rao,ai-mathematical-olympiad-prize,266,G John Rao,0,1,2024-05-18 14:17:59,jaejohn,zero_score
leehann,HZM,ai-mathematical-olympiad-prize,303,SkyFish,0,2,2024-05-21 14:53:30,"clairehz,leehann,shihuijin,wuwenmin,xiaotong0201",zero_score
yuanzhezhou,yuanzhe zhou,ai-mathematical-olympiad-prize,430,.,0,2,2024-05-27 18:57:34,yuanzhezhou,zero_score
cdeotte,Chris Deotte,ai-mathematical-olympiad-prize,832,Chris Deotte,0,2,2024-06-19 07:42:45,cdeotte,zero_score
tomirol,matheus,ai-mathematical-olympiad-prize,906,tomirol,0,2,2024-06-26 23:08:36,tomirol,zero_score
xiaoz259,xz,ai-mathematical-olympiad-prize,1147,q-xZzz,0,2,2024-06-27 14:57:45,xiaoz259,zero_score
cnumber,c-number,ai-mathematical-olympiad-progress-prize-2,818,c-number,0,2,2025-02-21 02:18:23,cnumber,zero_score
jaejohn,g john rao,ai-mathematical-olympiad-progress-prize-2,819,johnny,0,2,2025-03-11 13:48:18,jaejohn,zero_score
asalhi,Ali,ai-mathematical-olympiad-progress-prize-2,866,Ali,0,2,2025-04-01 08:06:37,asalhi,zero_score
yuanzhezhou,yuanzhe zhou,ai-mathematical-olympiad-progress-prize-2,992,yuanzhe zhou,0,2,2025-04-01 09:24:14,yuanzhezhou,zero_score
mathurinache,Mathurin Ache,ai-mathematical-olympiad-progress-prize-2,1030,Mathurin Aché,0,2,2025-03-08 08:25:43,mathurinache,zero_score
christofhenkel,Dieter,ai-mathematical-olympiad-progress-prize-2,1048,NemoSkills,0,2,2025-03-20 23:13:39,"benediktschifferer,christofhenkel,darraghdog,igitman,ivainn,shtoshni,sorokin",zero_score
darraghdog,Darragh,ai-mathematical-olympiad-progress-prize-2,1048,NemoSkills,0,2,2025-03-20 23:13:39,"benediktschifferer,christofhenkel,darraghdog,igitman,ivainn,shtoshni,sorokin",zero_score
jeroencottaar,Jeroen Cottaar,ai-mathematical-olympiad-progress-prize-2,1100,Jeroen Cottaar,0,2,2025-03-31 05:28:59,jeroencottaar,zero_score
ebinan92,Ebi,ai-mathematical-olympiad-progress-prize-2,1351,Ebi,0,2,2025-03-29 12:05:33,ebinan92,zero_score
pingfan,Baiph,ai-mathematical-olympiad-progress-prize-2,1353,Baiph,0,2,2025-03-23 15:51:15,pingfan,zero_score
guoooooooss,guo dashuai,ai-mathematical-olympiad-progress-prize-2,1417,guo dashuai,0,2,2025-03-14 05:47:35,guoooooooss,zero_score
titericz,Giba,ai-mathematical-olympiad-progress-prize-2,1479,Giba,0,1,2025-03-14 17:32:42,titericz,zero_score
samson8,Yurnero,ai-mathematical-olympiad-progress-prize-2,1680,samson,0,2,2025-04-01 09:04:12,samson8,zero_score
leehann,HZM,ai-mathematical-olympiad-progress-prize-2,1758,Roschild.Rui,0,1,2025-03-21 18:28:34,"alejopaullier,gauravbrills,leehann,lihaoweicvch,lizhecheng,roschildrui",zero_score
jamalsaeedi,Cyrus,ai-mathematical-olympiad-progress-prize-2,1833,Jamal Saeedi,0,2,2025-04-01 14:45:46,jamalsaeedi,zero_score
cdeotte,Chris Deotte,ai-mathematical-olympiad-progress-prize-2,2065,Chris Deotte,0,2,2025-03-31 21:35:56,cdeotte,zero_score
hydantess,hyd,ai-mathematical-olympiad-progress-prize-2,2069,hyd,0,2,2025-04-01 18:01:17,hydantess,zero_score
sayoulala,sayoulala,ai-mathematical-olympiad-progress-prize-2,2142,DFS,0,2,2025-04-01 09:44:54,"doonut,forcewithme,sayoulala",zero_score
conjuring92,Raja Biswas,ai-mathematical-olympiad-progress-prize-2,2176,∞,0,2,2025-04-01 05:34:33,"amedprof,chankhavu,conjuring92,ubamba98,xyzdivergence,yeoyunsianggeremie",zero_score
xiaoz259,xz,ai-mathematical-olympiad-progress-prize-2,2196,Meth&Medics,0,2,2025-04-01 16:29:29,xiaoz259,zero_score
tascj0,tascj,ai-mathematical-olympiad-progress-prize-2,2210,tascj,0,1,2025-04-01 17:24:43,tascj0,zero_score
jiweiliu,Jiwei Liu,ai-mathematical-olympiad-progress-prize-3,22,Jiwei Liu,0.0,1,2025-11-23 19:29:07,jiweiliu,zero_score
jaejohn,g john rao,ai-mathematical-olympiad-progress-prize-3,26,john,0.0,1,2025-11-24 03:45:27,jaejohn,zero_score
leehann,HZM,ai-mathematical-olympiad-progress-prize-3,210,HZM,0.0,1,2025-12-15 06:46:29,leehann,zero_score
titericz,Giba,ai-mathematical-olympiad-progress-prize-3,233,Giba,0.0,1,2025-12-17 19:35:16,titericz,zero_score
pingfan,Baiph,ai-mathematical-olympiad-progress-prize-3,564,Baiph,0.0,1,2026-01-13 16:01:29,pingfan,zero_score
yiheng,Yiheng Wang,ai-mathematical-olympiad-progress-prize-3,569,Yiheng Wang,0.0,1,2026-01-14 00:00:25,yiheng,zero_score
xiaoz259,xz,ai-mathematical-olympiad-progress-prize-3,821,Xz,0.0,1,2026-01-27 00:51:16,xiaoz259,zero_score
asalhi,Ali,ai-mathematical-olympiad-progress-prize-3,833,Ali,0.0,1,2026-01-27 19:20:58,asalhi,zero_score
mathurinache,Mathurin Ache,ai-mathematical-olympiad-progress-prize-3,841,Mathurin Aché,0.0,1,2026-01-28 07:01:29,mathurinache,zero_score
arunodhayan,Arunodhayan,ai-mathematical-olympiad-progress-prize-3,1255,Arunodhayan,0.0,1,2026-02-15 11:00:29,arunodhayan,zero_score
wowfattie,Guanshuo Xu,ai-mathematical-olympiad-progress-prize-3,1280,Guanshuo Xu,0.0,1,2026-02-17 00:21:30,wowfattie,zero_score
samson8,Yurnero,ai-mathematical-olympiad-progress-prize-3,1545,Yurnero,0.0,1,2026-03-03 07:00:02,samson8,zero_score
jeroencottaar,Jeroen Cottaar,ai-mathematical-olympiad-progress-prize-3,1773,Jeroen Cottaar,0.0,1,2026-03-12 17:34:09,jeroencottaar,zero_score
yuanzhezhou,yuanzhe zhou,ai-mathematical-olympiad-progress-prize-3,1863,yuanzhe zhou,0.0,1,2026-03-16 13:05:53,yuanzhezhou,zero_score
brendanartley,Bartley,ai-mathematical-olympiad-progress-prize-3,1876,Bartley,0.0,1,2026-03-16 23:41:05,brendanartley,zero_score
darraghdog,Darragh,ai-mathematical-olympiad-progress-prize-3,2368,Darragh,0.0,1,2026-04-01 21:05:34,"darraghdog,igitman,ivainn",zero_score
tonylica,Tony Li,ai-mathematical-olympiad-progress-prize-3,2911,Tony Li,0.0,1,2026-04-10 23:52:22,tonylica,zero_score
tomirol,matheus,ai-mathematical-olympiad-progress-prize-3,3082,matheus,0.0,1,2026-04-13 00:04:54,tomirol,zero_score
jamalsaeedi,Cyrus,ai-mathematical-olympiad-progress-prize-3,3128,Cyrus,0.0,1,2026-04-13 10:41:37,jamalsaeedi,zero_score
arc144,Eduardo Rocha de Andrade,ai-mathematical-olympiad-progress-prize-3,3312,Eduardo Rocha de Andrade,0.0,1,2026-04-14 23:33:37,arc144,zero_score
tatamikenn,Bilzard,ai-mathematical-olympiad-progress-prize-3,3428,Bilzard,0.0,1,2026-04-15 10:41:43,tatamikenn,zero_score
cnumber,c-number,ai-mathematical-olympiad-progress-prize-3,3437,FishMath🐠,0.0,1,2026-04-15 12:49:30,"analokamus,charmq,cnumber,corochann,inoueu1,koshie,setuna2,takiba,takkyu,takuyainoue",zero_score
asalhi,Ali,ai-village-capture-the-flag-defcon31,17,Ali Salhi 🇵🇸,23,43,2023-11-09 23:24:14,asalhi,ok
titericz,Giba,ai-village-capture-the-flag-defcon31,46,5 to go,22,40,2023-10-23 14:05:37,titericz,ok
aerdem4,Ahmet Erdem,ai-village-capture-the-flag-defcon31,406,AE,10,11,2023-10-10 09:52:31,aerdem4,ok
harshitsheoran,Harshit Sheoran,ai-village-capture-the-flag-defcon31,418,Harshit Sheoran,10,6,2023-10-12 16:32:06,harshitsheoran,ok
ferdinandlimburg,flg,ai-village-capture-the-flag-defcon31,653,flg,3,3,2023-10-10 10:17:18,ferdinandlimburg,ok
christofhenkel,Dieter,ai-village-capture-the-flag-defcon31,657,Dieter,3,2,2023-10-10 19:18:18,christofhenkel,ok
mathurinache,Mathurin Ache,ai-village-capture-the-flag-defcon31,1137,Mathurin Aché,1,3,2023-10-27 06:36:22,mathurinache,ok
samson8,Yurnero,ai-village-capture-the-flag-defcon31,1186,samson,1,1,2023-11-04 13:47:17,samson8,ok
takoihiraokazu,Takoi,ai-village-capture-the-flag-defcon31,1328,Takoi,0,1,2023-11-06 01:31:00,takoihiraokazu,ok
pressman1,IsaiahP,ai-village-ctf,1,IsaiahP,0.894,7,2022-08-17 01:10:17,pressman1,ok
cdeotte,Chris Deotte,ai-village-ctf,7,Chris Deotte,0.894,9,2022-09-11 19:56:23,cdeotte,ok
titericz,Giba,ai-village-ctf,17,Giba,0.894,22,2022-09-03 17:49:19,titericz,ok
tatamikenn,Bilzard,ai-village-ctf,44,bilzard,0.842,14,2022-08-28 09:32:15,tatamikenn,ok
asalhi,Ali,ai-village-ctf,45,Ali Salhi 🇵🇸,0.842,17,2022-08-29 05:32:26,asalhi,ok
aerdem4,Ahmet Erdem,ai-village-ctf,172,Ahmet Erdem,0.328,5,2022-08-13 05:15:45,aerdem4,ok
mathurinache,Mathurin Ache,ai-village-ctf,550,Mathurin Aché,0.026,2,2022-08-25 12:38:01,mathurinache,ok
cdeotte,Chris Deotte,amex-default-prediction,19,Chris Deotte,0.80114,196,2022-08-24 23:54:24,cdeotte,ok
titericz,Giba,amex-default-prediction,23,CI^2+K+Uncle Giba,0.80105,366,2022-08-24 23:57:04,"chumajin,imeintanis,kurokurob,titericz,yamsam",ok
jiweiliu,Jiwei Liu,amex-default-prediction,40,A🌟🌟,0.80077,74,2022-08-24 23:46:12,jiweiliu,ok
dc5e964768ef56302a32,Rib~,amex-default-prediction,43,Riiiiiiiiiiiiiiiiiiiiiiiiiiiii,0.80071,35,2022-08-24 19:09:07,"dc5e964768ef56302a32,emiria",ok
mathurinache,Mathurin Ache,amex-default-prediction,435,Mathurin Aché,0.79991,61,2022-08-24 21:03:34,mathurinache,ok
arunodhayan,Arunodhayan,amex-default-prediction,637,Arunodhayan,0.79987,49,2022-08-22 02:51:48,arunodhayan,ok
yuanzhezhou,yuanzhe zhou,amex-default-prediction,915,linear regression,0.79978,18,2022-08-11 20:09:49,yuanzhezhou,ok
cpmpml,CPMP,amex-default-prediction,2667,CPMP,0.79499,3,2022-06-08 20:39:13,cpmpml,ok
cnumber,c-number,amex-default-prediction,2926,c-number,0.79343,1,2022-07-13 15:18:24,cnumber,ok
cdeotte,Chris Deotte,amp-parkinsons-disease-progression-prediction,1,Chris Deotte,52.849,213,2023-05-18 18:12:23,cdeotte,ok
dc5e964768ef56302a32,Rib~,amp-parkinsons-disease-progression-prediction,6,no luck all skill,53.880,244,2023-05-18 07:25:19,"chenxin1991,dc5e964768ef56302a32,hydantess",ok
hydantess,hyd,amp-parkinsons-disease-progression-prediction,6,no luck all skill,53.880,244,2023-05-18 07:25:19,"chenxin1991,dc5e964768ef56302a32,hydantess",ok
titericz,Giba,amp-parkinsons-disease-progression-prediction,63,Giba,55.584,55,2023-05-18 23:54:22,titericz,ok
samson8,Yurnero,amp-parkinsons-disease-progression-prediction,100,а ты любил по-настоящему?,55.711,102,2023-05-18 06:14:44,samson8,ok
takoihiraokazu,Takoi,amp-parkinsons-disease-progression-prediction,101,OsciiArt,55.712,125,2023-05-17 20:22:27,"osciiart,takoihiraokazu",ok
aypyaypy,AyPy,amp-parkinsons-disease-progression-prediction,122,AyPy,55.766,70,2023-05-18 22:53:50,aypyaypy,ok
asalhi,Ali,amp-parkinsons-disease-progression-prediction,269,Ali Salhi 🇵🇸,56.056,43,2023-05-06 15:17:48,asalhi,ok
mathurinache,Mathurin Ache,amp-parkinsons-disease-progression-prediction,316,Mathurin Aché,56.056,21,2023-05-12 11:53:27,mathurinache,ok
yuanzhezhou,yuanzhe zhou,amp-parkinsons-disease-progression-prediction,527,啊,56.128,23,2023-05-14 16:33:07,yuanzhezhou,ok
yuanzhezhou,yuanzhe zhou,arc-prize-2024,20,linear regression,29.00,44,2024-11-10 05:31:38,yuanzhezhou,ok
asalhi,Ali,arc-prize-2024,30,Ali,27.00,107,2024-10-09 16:56:05,asalhi,ok
mathurinache,Mathurin Ache,arc-prize-2024,64,Mathurin Aché & Serge Krier,26.00,9,2024-08-13 08:21:25,"mathurinache,sekrier",ok
jaejohn,g john rao,arc-prize-2024,89,johnny,26.00,15,2024-09-06 11:14:36,jaejohn,ok
xiaoz259,xz,arc-prize-2024,341,q-xZzz,26.00,1,2024-07-28 00:12:53,xiaoz259,ok
pingfan,Baiph,arc-prize-2024,434,Beelzebul,26.00,109,2024-09-08 16:25:41,"lizhecheng,pingfan,tonyarobertson,xiaoqinglong1996,xuanmingzhang777",ok
titericz,Giba,arc-prize-2024,610,Giba,26.00,2,2024-11-09 20:38:43,titericz,ok
sayoulala,sayoulala,arc-prize-2024,662,sayoulala,26.00,1,2024-10-10 07:40:20,sayoulala,ok
cpmpml,CPMP,arc-prize-2024,775,CPMP,26.00,86,2024-11-10 18:22:26,cpmpml,ok
cpmpml,CPMP,arc-prize-2025,1,NVARC,27.64,90,2025-11-03 10:19:43,"cpmpml,sorokin",ok
pressman1,IsaiahP,arc-prize-2025,3,MindsAI & Tufa Labs,15.42,208,2025-11-03 03:37:17,"driessmit1,jcole75,michaelhodel,moeosman,pressman1",ok
jamalsaeedi,Cyrus,arc-prize-2025,61,Cyrus,6.67,13,2025-11-03 09:43:52,jamalsaeedi,ok
titericz,Giba,arc-prize-2025,77,Giba,6.67,7,2025-11-03 15:38:16,titericz,ok
yiheng,Yiheng Wang,arc-prize-2025,108,Yiheng Wang,6.25,3,2025-11-03 00:45:52,yiheng,ok
asalhi,Ali,arc-prize-2025,114,Ali,6.25,101,2025-11-03 04:24:05,asalhi,ok
yuanzhezhou,yuanzhe zhou,arc-prize-2025,130,yuanzhe zhou,6.25,6,2025-11-03 03:27:30,yuanzhezhou,ok
cdeotte,Chris Deotte,arc-prize-2025,181,Chris Deotte,5.42,11,2025-11-02 11:10:24,cdeotte,ok
tonylica,Tony Li,arc-prize-2025,208,Tony Li,5.00,9,2025-11-03 04:16:26,tonylica,ok
mathurinache,Mathurin Ache,arc-prize-2025,219,Mathurin Aché,5.00,33,2025-11-03 07:03:23,mathurinache,ok
xiaoz259,xz,arc-prize-2025,306,Xz,4.17,24,2025-09-25 23:17:27,xiaoz259,ok
jaejohn,g john rao,arc-prize-2025,659,johnn,1.67,3,2025-07-05 02:44:22,jaejohn,ok
jeroencottaar,Jeroen Cottaar,ariel-data-challenge-2024,1,Jeroen Cottaar,0.7342855,166,2024-10-31 14:30:43,jeroencottaar,ok
cnumber,c-number,ariel-data-challenge-2024,2,c-number + daiwakun,0.7330321,42,2024-10-31 18:08:07,"cnumber,daiwakun",ok
daiwakun,daiwakun,ariel-data-challenge-2024,2,c-number + daiwakun,0.7330321,42,2024-10-31 18:08:07,"cnumber,daiwakun",ok
w5833946,Ruby,ariel-data-challenge-2024,6,Ruby,0.6928248,59,2024-10-31 12:22:22,w5833946,ok
yuanzhezhou,yuanzhe zhou,ariel-data-challenge-2024,19,C Z,0.6531656,162,2024-10-31 17:06:40,"carbon6c,yuanzhezhou",ok
ren4yu,yu4u,ariel-data-challenge-2024,24,yu4u,0.6453797,27,2024-10-31 17:57:41,ren4yu,ok
samson8,Yurnero,ariel-data-challenge-2024,66,Erika,0.6089740,45,2024-10-11 07:32:15,samson8,ok
jamalsaeedi,Cyrus,ariel-data-challenge-2024,116,Jamal Saeedi,0.5520781,35,2024-10-31 18:33:26,jamalsaeedi,ok
jaejohn,g john rao,ariel-data-challenge-2024,200,john,0.5489134,57,2024-10-25 18:37:32,jaejohn,ok
asalhi,Ali,ariel-data-challenge-2024,250,Ali,0.5488557,6,2024-10-23 16:31:40,asalhi,ok
mathurinache,Mathurin Ache,ariel-data-challenge-2024,414,Mathurin Aché,0.5484274,32,2024-10-24 08:25:56,mathurinache,ok
tatamikenn,Bilzard,ariel-data-challenge-2024,764,bilzard,0.5194495,26,2024-08-23 08:03:46,tatamikenn,ok
arunodhayan,Arunodhayan,ariel-data-challenge-2024,771,Arunodhayan,0.5176069,9,2024-09-10 12:18:23,arunodhayan,ok
jeroencottaar,Jeroen Cottaar,ariel-data-challenge-2025,1,Jeroen Cottaar,0.63700,175,2025-09-24 16:06:32,jeroencottaar,ok
christofhenkel,Dieter,ariel-data-challenge-2025,13,CD,0.56083,197,2025-09-24 15:35:54,"christofhenkel,cpmpml",ok
cpmpml,CPMP,ariel-data-challenge-2025,13,CD,0.56083,197,2025-09-24 15:35:54,"christofhenkel,cpmpml",ok
cnumber,c-number,ariel-data-challenge-2025,19,CP GMs,0.54625,36,2025-09-24 18:03:46,"cnumber,daiwakun",ok
daiwakun,daiwakun,ariel-data-challenge-2025,19,CP GMs,0.54625,36,2025-09-24 18:03:46,"cnumber,daiwakun",ok
samson8,Yurnero,ariel-data-challenge-2025,21,Arseny Poyda,0.51547,7,2025-09-24 18:49:45,"arsenypoyda,samson8",ok
jamalsaeedi,Cyrus,ariel-data-challenge-2025,139,Jamal Saeedi,0.37820,12,2025-09-24 22:16:42,jamalsaeedi,ok
tonylica,Tony Li,ariel-data-challenge-2025,268,Tony Li,0.37441,11,2025-09-24 21:21:16,tonylica,ok
mathurinache,Mathurin Ache,ariel-data-challenge-2025,294,Mathurin Aché,0.37441,18,2025-09-23 06:06:16,mathurinache,ok
takoihiraokazu,Takoi,ariel-data-challenge-2025,358,Takoi,0.36978,1,2025-09-21 00:41:40,takoihiraokazu,ok
jaejohn,g john rao,ariel-data-challenge-2025,517,john,0.32266,76,2025-07-29 23:57:21,jaejohn,ok
christofhenkel,Dieter,asl-fingerspelling,1,Darragh & Dieter,0.839,101,2023-08-24 16:56:41,"christofhenkel,darraghdog",ok
darraghdog,Darragh,asl-fingerspelling,1,Darragh & Dieter,0.839,101,2023-08-24 16:56:41,"christofhenkel,darraghdog",ok
ferdinandlimburg,flg,asl-fingerspelling,3,flg,0.821,100,2023-08-24 16:18:09,ferdinandlimburg,ok
chack3,ohkawa3,asl-fingerspelling,26,ohkawa3,0.785,49,2023-08-23 23:35:47,chack3,ok
cdeotte,Chris Deotte,asl-fingerspelling,42,Chris Deotte,0.771,27,2023-08-24 19:34:30,cdeotte,ok
sayoulala,sayoulala,asl-fingerspelling,45,sayoulala,0.767,55,2023-08-24 17:23:58,"sayoulala,tilbur",ok
yuanzhezhou,yuanzhe zhou,asl-fingerspelling,102,谁发个高分baseline来耍耍？,0.714,19,2023-06-18 15:21:04,yuanzhezhou,ok
titericz,Giba,asl-fingerspelling,144,Giba,0.702,1,2023-08-16 13:18:53,titericz,ok
arunodhayan,Arunodhayan,asl-fingerspelling,154,Arunodhayan,0.701,24,2023-08-17 14:06:21,arunodhayan,ok
mathurinache,Mathurin Ache,asl-fingerspelling,212,Mathurin Aché,0.698,17,2023-08-15 07:15:29,mathurinache,ok
samson8,Yurnero,asl-fingerspelling,257,samson,0.697,10,2023-08-23 09:22:25,samson8,ok
takoihiraokazu,Takoi,asl-fingerspelling,426,Takoi,0.692,3,2023-08-08 21:38:30,takoihiraokazu,ok
asalhi,Ali,asl-fingerspelling,924,Ali Salhi 🇵🇸,0.561,2,2023-06-16 00:53:23,asalhi,ok
yuanzhezhou,yuanzhe zhou,asl-signs,4,⭐⭐⭐in the prize line⭐⭐⭐,0.8044565,256,2023-05-01 21:21:59,"qiaoshiji,yuanzhezhou,zengzhaoyang",ok
chack3,ohkawa3,asl-signs,5,ohkawa3,0.7998857,66,2023-05-01 22:42:36,chack3,ok
christofhenkel,Dieter,asl-signs,6,👉👈😳?,0.7958863,40,2023-05-01 22:36:41,"christofhenkel,theoviel",ok
darraghdog,Darragh,asl-signs,10,Darragh,0.7895300,64,2023-05-01 18:04:08,darraghdog,ok
tatamikenn,Bilzard,asl-signs,15,bilzard,0.7856734,68,2023-05-01 16:04:52,tatamikenn,ok
cdeotte,Chris Deotte,asl-signs,36,Chris Deotte,0.7706041,40,2023-05-01 22:39:01,cdeotte,ok
brendanartley,Bartley,asl-signs,37,🍁 Syrup,0.7695329,22,2023-05-01 22:32:28,brendanartley,ok
asalhi,Ali,asl-signs,128,Ali Salhi 🇵🇸,0.7371089,17,2023-05-01 07:43:06,asalhi,ok
mathurinache,Mathurin Ache,asl-signs,194,Mathurin Aché,0.7330381,16,2023-04-29 08:33:39,mathurinache,ok
hydantess,hyd,asl-signs,359,hyd,0.7227538,25,2023-04-08 10:37:32,hydantess,ok
leehann,HZM,asl-signs,504,ZHAO YIKAI,0.7180402,2,2023-04-16 05:33:44,"leehann,zhaoyikai",ok
cnumber,c-number,asl-signs,549,c-number,0.7021139,10,2023-04-02 09:24:27,cnumber,ok
sayoulala,sayoulala,asl-signs,560,sayoulala,0.6983288,41,2023-04-17 16:44:50,sayoulala,ok
mathurinache,Mathurin Ache,autonomous-agent-prediction-beta,14,Mathurin Ache,0.825,5,2026-08-06 06:57:47,mathurinache,ok
asalhi,Ali,autonomous-agent-prediction-beta,18,Ali,0.825,15,2026-07-26 00:01:45,asalhi,ok
conjuring92,Raja Biswas,benetech-making-graphs-accessible,2,Hallstatt,0.87,34,2023-06-19 07:56:51,conjuring92,ok
christofhenkel,Dieter,benetech-making-graphs-accessible,3,DD,0.87,21,2023-06-19 13:15:06,"christofhenkel,darraghdog",ok
darraghdog,Darragh,benetech-making-graphs-accessible,3,DD,0.87,21,2023-06-19 13:15:06,"christofhenkel,darraghdog",ok
arc144,Eduardo Rocha de Andrade,benetech-making-graphs-accessible,5,Eduardo & Hamish,0.86,94,2023-06-19 16:08:32,"arc144,hamishdickson",ok
brendanartley,Bartley,benetech-making-graphs-accessible,18,Pie Chart!,0.77,19,2023-06-19 14:47:44,brendanartley,ok
leehann,HZM,benetech-making-graphs-accessible,45,ACD,0.72,86,2023-06-18 05:01:43,"andrew1024,catchbat,leehann",ok
asalhi,Ali,benetech-making-graphs-accessible,47,Ali Salhi 🇵🇸,0.72,172,2023-06-19 20:02:17,asalhi,ok
mathurinache,Mathurin Ache,benetech-making-graphs-accessible,151,Mathurin Aché,0.48,16,2023-06-12 12:13:35,mathurinache,ok
yuanzhezhou,yuanzhe zhou,benetech-making-graphs-accessible,300,yuanzhe zhou,0.46,1,2023-05-17 13:07:08,yuanzhezhou,ok
arunodhayan,Arunodhayan,benetech-making-graphs-accessible,522,Arunodhayan,0.42,3,2023-04-12 21:04:21,arunodhayan,ok
christofhenkel,Dieter,bengaliai-speech,8,Darragh & Dieter,0.360,69,2023-10-17 16:53:19,"christofhenkel,darraghdog",ok
darraghdog,Darragh,bengaliai-speech,8,Darragh & Dieter,0.360,69,2023-10-17 16:53:19,"christofhenkel,darraghdog",ok
arunodhayan,Arunodhayan,bengaliai-speech,39,Arunodhayan,0.417,272,2023-10-17 07:20:21,arunodhayan,ok
harshitsheoran,Harshit Sheoran,bengaliai-speech,40,Team Oxygen,0.417,17,2023-09-21 19:18:40,"harshitsheoran,nischaydnk",ok
samson8,Yurnero,bengaliai-speech,80,samson,0.434,19,2023-10-17 11:23:23,samson8,ok
mathurinache,Mathurin Ache,bengaliai-speech,237,Mathurin Aché,0.438,8,2023-10-14 09:04:38,mathurinache,ok
takoihiraokazu,Takoi,bengaliai-speech,307,Takoi,0.439,1,2023-10-07 01:19:57,takoihiraokazu,ok
tascj0,tascj,bengaliai-speech,686,tascj,0.657,4,2023-10-17 21:37:06,tascj0,ok
ren4yu,yu4u,biohub-cell-tracking-during-development,1,yu4u,0.97898,124,2026-09-29 10:26:17,ren4yu,ok
sersasj,Sergio Alvarez,biohub-cell-tracking-during-development,3,Sergio Alvarez,0.97635,119,2026-09-29 13:09:52,sersasj,ok
tonylica,Tony Li,biohub-cell-tracking-during-development,11,The Boys,0.97111,315,2026-09-29 14:41:57,"lowasitgoes,sggpls,tonylica",ok
jamalsaeedi,Cyrus,biohub-cell-tracking-during-development,94,Cyrus,0.96285,81,2026-09-29 11:28:22,jamalsaeedi,ok
arc144,Eduardo Rocha de Andrade,biohub-cell-tracking-during-development,191,Kaggle Agent,0.95809,66,2026-09-29 15:39:14,"arc144,dott1718,jiweiliu,maxjeblick,theoviel",ok
jiweiliu,Jiwei Liu,biohub-cell-tracking-during-development,191,Kaggle Agent,0.95809,66,2026-09-29 15:39:14,"arc144,dott1718,jiweiliu,maxjeblick,theoviel",ok
arunodhayan,Arunodhayan,biohub-cell-tracking-during-development,291,AWN,0.95660,116,2026-09-29 05:44:05,"arunodhayan,nablaoperator123,peilwang",ok
mathurinache,Mathurin Ache,biohub-cell-tracking-during-development,355,Mathurin Ache,0.95605,73,2026-09-29 07:40:25,mathurinache,ok
jaejohn,g john rao,biohub-cell-tracking-during-development,529,john,0.95486,162,2026-09-29 11:22:24,jaejohn,ok
yuanzhezhou,yuanzhe zhou,biohub-cell-tracking-during-development,530,yuanzhe zhou,0.95486,19,2026-09-29 06:16:56,yuanzhezhou,ok
asalhi,Ali,biohub-cell-tracking-during-development,850,Ali #2,0.95387,6,2026-09-26 20:23:04,asalhi,ok
aypyaypy,AyPy,biohub-cell-tracking-during-development,1079,AyPy,0.94951,90,2026-09-29 15:42:48,aypyaypy,ok
ebinan92,Ebi,biohub-cell-tracking-during-development,1511,Ebi,0.94633,2,2026-09-19 22:07:02,ebinan92,ok
tatamikenn,Bilzard,biohub-cell-tracking-during-development,2524,Bilzard,0.89670,6,2026-09-29 22:27:55,tatamikenn,ok
jeroencottaar,Jeroen Cottaar,biohub-cell-tracking-during-development,2620,Jeroen Cottaar,0.88990,19,2026-09-24 03:19:30,jeroencottaar,ok
cdeotte,Chris Deotte,biohub-cell-tracking-during-development,2816,Chris Deotte,0.87899,15,2026-09-17 22:02:40,cdeotte,ok
arc144,Eduardo Rocha de Andrade,birdclef-2022,20,Sprout Song,0.8212,94,2022-05-24 18:55:15,"andy2709,arc144,hamishdickson",ok
tatamikenn,Bilzard,birdclef-2022,24,bilzard,0.8158,108,2022-05-24 09:00:03,tatamikenn,ok
ebinan92,Ebi,birdclef-2022,48,Ebi,0.7718,17,2022-05-24 08:50:53,ebinan92,ok
arunodhayan,Arunodhayan,birdclef-2022,66,Arunodhayan,0.7566,254,2022-05-23 22:51:08,arunodhayan,ok
jsday96,James Day,birdclef-2022,90,James Day,0.7383,70,2022-05-24 01:43:02,jsday96,ok
mathurinache,Mathurin Ache,birdclef-2022,114,Mathurin Aché,0.7301,29,2022-05-18 10:00:19,mathurinache,ok
titericz,Giba,birdclef-2022,421,Giba,0.6626,3,2022-05-24 17:01:13,titericz,ok
cpmpml,CPMP,birdclef-2022,509,CPMP,0.6142,8,2022-02-25 21:18:59,cpmpml,ok
harshitsheoran,Harshit Sheoran,birdclef-2022,575,Harshit Sheoran,0.5571,10,2022-04-07 03:56:43,harshitsheoran,ok
harshitsheoran,Harshit Sheoran,birdclef-2023,8,Synergy,0.83474,291,2023-05-24 13:04:34,"harshitsheoran,ivanaerlic,nischaydnk",ok
leehann,HZM,birdclef-2023,37,ADC,0.82223,87,2023-05-22 13:52:13,"leehann,puyuzhou,wang92",ok
arunodhayan,Arunodhayan,birdclef-2023,69,Arunodhayan,0.81371,163,2023-05-11 14:50:55,arunodhayan,ok
asalhi,Ali,birdclef-2023,159,Ali Salhi 🇵🇸,0.80237,37,2023-04-10 03:38:02,asalhi,ok
mathurinache,Mathurin Ache,birdclef-2023,194,Mathurin Aché,0.80237,14,2023-05-24 16:18:31,mathurinache,ok
ebinan92,Ebi,birdclef-2023,627,Ebi,0.78270,1,2023-03-20 03:56:05,ebinan92,ok
dc5e964768ef56302a32,Rib~,birdclef-2023,708,Rib~,0.77568,1,2023-03-21 10:32:57,dc5e964768ef56302a32,ok
christofhenkel,Dieter,birdclef-2024,3,NVBird,0.742124,344,2024-06-10 20:31:29,"christofhenkel,cpmpml,theoviel",ok
cpmpml,CPMP,birdclef-2024,3,NVBird,0.742124,344,2024-06-10 20:31:29,"christofhenkel,cpmpml,theoviel",ok
yuanzhezhou,yuanzhe zhou,birdclef-2024,7,Shiro & Yuanzhe,0.721115,336,2024-06-10 21:25:09,"ludovick,yuanzhezhou",ok
pingfan,Baiph,birdclef-2024,9,CoolCat,0.717948,250,2024-06-10 14:45:40,"pingfan,tanxxx",ok
leehann,HZM,birdclef-2024,16,BestOverfitting,0.705383,265,2024-06-10 17:58:13,"gentlezdh,herminw,itsuki9180,leehann,lihaoweicvch",ok
nikitababich,Nikita Babych,birdclef-2024,19,Nikita Babich,0.702736,227,2024-06-10 19:28:55,nikitababich,ok
harshitsheoran,Harshit Sheoran,birdclef-2024,32,LB Crushers,0.693797,242,2024-06-10 21:53:42,"harshitsheoran,ivanpan,selimsef",ok
brendanartley,Bartley,birdclef-2024,69,M&B,0.675726,208,2024-06-10 05:34:16,"brendanartley,mkotyushev",ok
jsday96,James Day,birdclef-2024,75,James Day,0.674068,287,2024-06-10 11:23:45,jsday96,ok
arunodhayan,Arunodhayan,birdclef-2024,76,Arunodhayan,0.674034,226,2024-06-10 09:43:16,arunodhayan,ok
tascj0,tascj,birdclef-2024,93,tascj,0.669683,5,2024-06-10 17:29:03,tascj0,ok
jaejohn,g john rao,birdclef-2024,204,johnny,0.658391,5,2024-06-01 19:31:39,jaejohn,ok
chack3,ohkawa3,birdclef-2024,232,ohkawa3,0.656460,67,2024-05-26 06:06:17,chack3,ok
mathurinache,Mathurin Ache,birdclef-2024,260,Mathurin Aché,0.654307,10,2024-05-27 06:12:20,mathurinache,ok
titericz,Giba,birdclef-2024,383,Giba,0.654307,1,2024-06-03 23:59:20,titericz,ok
nikitababich,Nikita Babych,birdclef-2025,1,Nikita Babych,0.93376,408,2025-06-05 22:25:03,nikitababich,ok
takoihiraokazu,Takoi,birdclef-2025,3,Takoi,0.92901,287,2025-06-05 12:45:46,takoihiraokazu,ok
leehann,HZM,birdclef-2025,12,H&K&Z,0.92189,439,2025-06-05 16:40:01,"gentlezdh,itsuki9180,kekshibata,leehann",ok
pingfan,Baiph,birdclef-2025,14,Baiph,0.92078,322,2025-06-05 13:18:02,pingfan,ok
yuanzhezhou,yuanzhe zhou,birdclef-2025,18,finally not overfitting,0.91392,377,2025-06-05 17:22:58,"i2nfinit3y,yuanzhezhou",ok
samson8,Yurnero,birdclef-2025,34,2 birds & cricket,0.89784,356,2025-06-05 20:29:23,"arsenypoyda,chemrovkirill,samson8",ok
mathurinache,Mathurin Ache,birdclef-2025,197,Mathurin Aché,0.88078,51,2025-06-02 07:20:40,mathurinache,ok
arunodhayan,Arunodhayan,birdclef-2025,253,Arunodhayan,0.88067,150,2025-05-29 14:29:10,arunodhayan,ok
jamalsaeedi,Cyrus,birdclef-2025,302,Jamal Saeedi,0.88067,17,2025-06-05 18:09:05,jamalsaeedi,ok
titericz,Giba,birdclef-2025,1161,Giba,0.80530,2,2025-03-26 21:40:27,titericz,ok
nikitababich,Nikita Babych,birdclef-2026,1,Nikita Babych,0.96720,392,2026-06-03 20:16:57,nikitababich,ok
tonylica,Tony Li,birdclef-2026,3,BirdCLEF+ 2026 Team🤗🤗🤗,0.96334,364,2026-06-03 20:26:15,"shtljw,tonylica,yiheng",ok
yiheng,Yiheng Wang,birdclef-2026,3,BirdCLEF+ 2026 Team🤗🤗🤗,0.96334,364,2026-06-03 20:26:15,"shtljw,tonylica,yiheng",ok
arunodhayan,Arunodhayan,birdclef-2026,8,Arunodhayan,0.96061,288,2026-06-03 11:41:31,arunodhayan,ok
takoihiraokazu,Takoi,birdclef-2026,14,Takoi,0.95940,363,2026-06-03 13:00:47,takoihiraokazu,ok
christofhenkel,Dieter,birdclef-2026,34,Dieter,0.95663,238,2026-06-03 21:05:32,christofhenkel,ok
yuanzhezhou,yuanzhe zhou,birdclef-2026,56,🦞 | zyz | I2nf,0.95479,394,2026-06-03 18:17:10,"i2nfinit3y,yuanzhezhou",ok
arc144,Eduardo Rocha de Andrade,birdclef-2026,78,Kaggle Agent,0.95378,236,2026-06-03 20:18:25,"arc144,jiweiliu,maxjeblick",ok
jiweiliu,Jiwei Liu,birdclef-2026,78,Kaggle Agent,0.95378,236,2026-06-03 20:18:25,"arc144,jiweiliu,maxjeblick",ok
jamalsaeedi,Cyrus,birdclef-2026,352,Cyrus,0.95095,118,2026-06-03 13:27:12,jamalsaeedi,ok
mathurinache,Mathurin Ache,birdclef-2026,524,Mathurin Ache,0.95089,161,2026-05-30 15:21:16,mathurinache,ok
titericz,Giba,birdclef-2026,539,Giba,0.95087,26,2026-05-28 15:43:10,titericz,ok
yijiey,Luca,birdclef-2026,727,Luca,0.95087,172,2026-06-01 04:20:09,yijiey,ok
cdeotte,Chris Deotte,birdclef-2026,863,Chris Deotte,0.95086,16,2026-05-27 22:38:12,cdeotte,ok
asalhi,Ali,birdclef-2026,1098,Ali Salhi,0.95035,37,2026-05-27 03:09:31,asalhi,ok
ren4yu,yu4u,birdclef-2026,1330,yu4u,0.94934,152,2026-06-01 15:46:07,ren4yu,ok
jaejohn,g john rao,birdclef-2026,1824,john,0.94321,49,2026-05-07 15:44:52,jaejohn,ok
pingfan,Baiph,birdclef-2026,2067,Baiph,0.92889,45,2026-05-19 15:03:42,"pingfan,tianhengqiu",ok
simingtan,samuel tan,birdclef-2026,2102,samuel tan,0.92835,40,2026-04-12 03:01:20,simingtan,ok
ferdinandlimburg,flg,birdclef-2026,2752,flg,0.88942,75,2026-04-10 10:42:44,ferdinandlimburg,ok
wowfattie,Guanshuo Xu,birdclef-2026,3076,Guanshuo Xu,0.83077,4,2026-03-29 00:55:27,wowfattie,ok
leehann,HZM,blood-vessel-segmentation,67,wpl,0.863178,70,2024-02-01 13:34:35,"answerqzd2,gentlezdh,leehann,peilwang,wamiottowang",ok
samson8,Yurnero,blood-vessel-segmentation,217,samson,0.860051,13,2024-02-06 11:08:54,samson8,ok
mathurinache,Mathurin Ache,blood-vessel-segmentation,230,Mathurin Aché,0.860043,10,2024-01-25 14:37:40,mathurinache,ok
arunodhayan,Arunodhayan,blood-vessel-segmentation,398,Arunodhayan,0.860043,194,2024-02-02 18:57:46,arunodhayan,ok
asalhi,Ali,blood-vessel-segmentation,437,Ali #2,0.860043,6,2024-02-06 16:23:28,asalhi,ok
dc5e964768ef56302a32,Rib~,blood-vessel-segmentation,498,Rib~,0.859251,53,2024-01-19 02:22:05,dc5e964768ef56302a32,ok
ren4yu,yu4u,blood-vessel-segmentation,642,5000Net,0.838254,22,2024-02-06 17:07:02,"ren4yu,tattaka",ok
harshitsheoran,Harshit Sheoran,blood-vessel-segmentation,661,Yet to decide on the team name,0.827790,95,2024-01-21 23:59:06,"harshitsheoran,nischaydnk",ok
brendanartley,Bartley,byu-locating-bacterial-flagellar-motors-2025,1,Bartley,0.88235,222,2025-05-27 01:28:16,brendanartley,ok
christofhenkel,Dieter,byu-locating-bacterial-flagellar-motors-2025,5,Daddies,0.87563,455,2025-06-04 10:33:42,"bloodaxe,christofhenkel",ok
wowfattie,Guanshuo Xu,byu-locating-bacterial-flagellar-motors-2025,16,Guanshuo Xu,0.85858,16,2025-05-02 14:03:22,wowfattie,ok
ren4yu,yu4u,byu-locating-bacterial-flagellar-motors-2025,17,yu4u + tattaka,0.85858,342,2025-06-04 09:42:23,"ren4yu,tattaka",ok
tomoon33,tomoon33,byu-locating-bacterial-flagellar-motors-2025,18,tomoon33,0.85677,216,2025-06-04 11:57:17,tomoon33,ok
sersasj,Sergio Alvarez,byu-locating-bacterial-flagellar-motors-2025,19,Sergio Alvarez + Paradox,0.85677,304,2025-06-04 10:09:55,"iamparadox,sersasj",ok
tascj0,tascj,byu-locating-bacterial-flagellar-motors-2025,42,tascj,0.84595,5,2025-06-04 17:39:45,tascj0,ok
jeroencottaar,Jeroen Cottaar,byu-locating-bacterial-flagellar-motors-2025,46,Jeroen Cottaar,0.84577,393,2025-06-04 07:15:46,jeroencottaar,ok
tatamikenn,Bilzard,byu-locating-bacterial-flagellar-motors-2025,151,Bilzard,0.82051,99,2025-05-30 14:01:04,tatamikenn,ok
mathurinache,Mathurin Ache,byu-locating-bacterial-flagellar-motors-2025,229,Mathurin Aché,0.81047,30,2025-06-03 05:51:48,mathurinache,ok
yuanzhezhou,yuanzhe zhou,byu-locating-bacterial-flagellar-motors-2025,298,yuanzhe zhou,0.81047,73,2025-06-04 08:11:24,yuanzhezhou,ok
jamalsaeedi,Cyrus,byu-locating-bacterial-flagellar-motors-2025,383,Jamal Saeedi,0.81047,13,2025-06-04 10:42:05,jamalsaeedi,ok
takoihiraokazu,Takoi,byu-locating-bacterial-flagellar-motors-2025,397,Takoi,0.81047,1,2025-06-03 22:13:45,takoihiraokazu,ok
chack3,ohkawa3,byu-locating-bacterial-flagellar-motors-2025,641,ohkawa3,0.70754,39,2025-04-18 12:01:26,chack3,ok
cnumber,c-number,byu-locating-bacterial-flagellar-motors-2025,742,c-number,0.65972,11,2025-03-16 12:37:46,cnumber,ok
jaejohn,g john rao,byu-locating-bacterial-flagellar-motors-2025,855,john,0.56910,6,2025-04-10 13:42:20,jaejohn,ok
aypyaypy,AyPy,cafa-5-protein-function-prediction,9,AJA,0.55399,2,2023-08-21 21:33:31,"ahmedelfazouan,aypyaypy,jcerpentier",ok
leehann,HZM,cafa-5-protein-function-prediction,31,xc-ant,0.53901,2,2023-08-18 04:14:32,"albert2017,decalogue,hustzx,hzhz1001,leehann",ok
mathurinache,Mathurin Ache,cafa-5-protein-function-prediction,246,Mathurin Aché,0.53174,2,2023-08-16 16:00:46,mathurinache,ok
titericz,Giba,cafa-5-protein-function-prediction,259,Giba,0.53165,1,2023-08-16 14:06:58,titericz,ok
samson8,Yurnero,cafa-5-protein-function-prediction,323,gzguevara,0.53140,2,2023-08-21 16:10:34,"gzguevara,samson8,takanashihumbert",ok
tomoon33,tomoon33,cafa-5-protein-function-prediction,867,tomoon33,0.48162,2,2023-06-03 11:25:27,tomoon33,ok
takoihiraokazu,Takoi,cafa-5-protein-function-prediction,1107,Takoi,0.46234,2,2023-07-27 13:56:32,takoihiraokazu,ok
aypyaypy,AyPy,cafa-6-protein-function-prediction,5,AyPy,0.43468,2,2026-01-17 18:42:29,aypyaypy,ok
tonylica,Tony Li,cafa-6-protein-function-prediction,321,WePredictProteins,0.36952,2,2026-02-01 00:01:18,"analyticaobscura,seddiktrk,tonylica",ok
jamalsaeedi,Cyrus,cafa-6-protein-function-prediction,650,Cyrus,0.34067,2,2026-02-02 10:17:17,jamalsaeedi,ok
yuanzhezhou,yuanzhe zhou,cafa-6-protein-function-prediction,1096,yuanzhe zhou,0.32913,2,2026-02-01 18:12:20,yuanzhezhou,ok
mathurinache,Mathurin Ache,cafa-6-protein-function-prediction,1111,Mathurin Aché,0.32910,2,2026-02-02 13:25:30,mathurinache,ok
philippsinger,Psi,cafa-6-protein-function-prediction,1581,Psi,0.18297,2,2026-01-16 14:20:54,philippsinger,ok
jaejohn,g john rao,cafa-6-protein-function-prediction,1799,john,0.10600,2,2025-11-18 03:11:36,jaejohn,ok
cdeotte,Chris Deotte,chaii-hindi-and-tamil-question-answering,59,Chris Deotte,0.79595,28,2021-11-15 18:29:33,cdeotte,ok
dc5e964768ef56302a32,Rib~,chaii-hindi-and-tamil-question-answering,131,Aragaki Yui,0.79270,2,2021-09-22 09:21:32,dc5e964768ef56302a32,ok
mathurinache,Mathurin Ache,chaii-hindi-and-tamil-question-answering,145,Mathurin Aché,0.79270,18,2021-11-15 19:47:35,mathurinache,ok
asalhi,Ali,chaii-hindi-and-tamil-question-answering,384,Ali Salhi 🇵🇸,0.79270,48,2021-11-15 09:58:47,asalhi,ok
ren4yu,yu4u,chaii-hindi-and-tamil-question-answering,510,yu4u,0.78576,26,2021-11-15 13:12:25,ren4yu,ok
cdeotte,Chris Deotte,child-mind-institute-detect-sleep-states,4,Chris Deotte,0.788,126,2023-12-05 17:33:29,cdeotte,ok
w5833946,Ruby,child-mind-institute-detect-sleep-states,7,Ruby,0.783,24,2023-12-03 13:19:51,w5833946,ok
takoihiraokazu,Takoi,child-mind-institute-detect-sleep-states,10,[Rist]Takoi,0.780,158,2023-12-05 13:33:54,takoihiraokazu,ok
nikitababich,Nikita Babych,child-mind-institute-detect-sleep-states,13,Nikita Babich,0.778,100,2023-12-05 14:19:03,nikitababich,ok
aerdem4,Ahmet Erdem,child-mind-institute-detect-sleep-states,16,Rob & Ahmet,0.771,91,2023-12-05 18:03:36,"aerdem4,robikscube",ok
chack3,ohkawa3,child-mind-institute-detect-sleep-states,19,ohkawa3,0.767,81,2023-12-05 20:05:41,chack3,ok
hydantess,hyd,child-mind-institute-detect-sleep-states,20,hyd,0.766,36,2023-12-05 15:10:32,hydantess,ok
dc5e964768ef56302a32,Rib~,child-mind-institute-detect-sleep-states,24,Rib~,0.763,64,2023-12-05 10:14:58,dc5e964768ef56302a32,ok
sayoulala,sayoulala,child-mind-institute-detect-sleep-states,26,Can't Sleep,0.761,357,2023-12-05 14:42:14,"nomorevotch,sayoulala,takanashihumbert,xuzexin,zui0711",ok
mathurinache,Mathurin Ache,child-mind-institute-detect-sleep-states,28,Mathurin Aché,0.759,25,2023-12-04 12:49:31,mathurinache,ok
pingfan,Baiph,child-mind-institute-detect-sleep-states,132,Baiph,0.735,14,2023-11-11 12:41:29,pingfan,ok
tatamikenn,Bilzard,child-mind-institute-detect-sleep-states,144,bilzard,0.733,31,2023-12-04 00:43:20,tatamikenn,ok
leehann,HZM,child-mind-institute-detect-sleep-states,192,MindDetector,0.724,12,2023-11-22 12:11:30,"alexander956,leehann",ok
titericz,Giba,child-mind-institute-detect-sleep-states,313,Giba,0.708,13,2023-12-01 02:05:47,titericz,ok
asalhi,Ali,child-mind-institute-detect-sleep-states,338,Ali Salhi 🇵🇸,0.707,5,2023-11-21 15:09:46,asalhi,ok
samson8,Yurnero,child-mind-institute-detect-sleep-states,414,samson,0.707,34,2023-12-02 12:38:24,samson8,ok
yijiey,Luca,child-mind-institute-problematic-internet-use,67,Yakit,0.498,63,2024-12-19 19:05:07,yijiey,ok
jamalsaeedi,Cyrus,child-mind-institute-problematic-internet-use,115,Jamal Saeedi,0.498,89,2024-12-19 13:46:53,jamalsaeedi,ok
pingfan,Baiph,child-mind-institute-problematic-internet-use,210,Baiph,0.497,9,2024-12-14 12:21:48,pingfan,ok
yuanzhezhou,yuanzhe zhou,child-mind-institute-problematic-internet-use,360,go trust the leaderboard!!,0.497,72,2024-12-17 13:13:16,yuanzhezhou,ok
mathurinache,Mathurin Ache,child-mind-institute-problematic-internet-use,419,Mathurin Aché,0.497,81,2024-12-19 19:27:41,mathurinache,ok
asalhi,Ali,child-mind-institute-problematic-internet-use,683,Ali,0.497,81,2024-12-18 23:07:51,asalhi,ok
cnumber,c-number,child-mind-institute-problematic-internet-use,904,c-number,0.494,2,2024-12-15 21:36:52,cnumber,ok
jaejohn,g john rao,child-mind-institute-problematic-internet-use,1144,johnny,0.490,43,2024-11-16 15:50:38,jaejohn,ok
titericz,Giba,child-mind-institute-problematic-internet-use,1696,Giba,0.475,2,2024-10-29 23:10:51,titericz,ok
hydantess,hyd,child-mind-institute-problematic-internet-use,1739,hyd,0.474,157,2024-12-19 15:45:40,hydantess,ok
simingtan,samuel tan,child-mind-institute-problematic-internet-use,1867,lunalu,0.471,19,2024-11-06 07:27:56,simingtan,ok
samson8,Yurnero,child-mind-institute-problematic-internet-use,2205,erika,0.460,7,2024-12-19 19:58:18,samson8,ok
takoihiraokazu,Takoi,child-mind-institute-problematic-internet-use,2388,Takoi,0.452,5,2024-10-18 12:16:56,takoihiraokazu,ok
darraghdog,Darragh,child-mind-institute-problematic-internet-use,2566,Darragh,0.439,2,2024-10-23 16:16:43,darraghdog,ok
chack3,ohkawa3,child-mind-institute-problematic-internet-use,2625,ohkawa3,0.431,2,2024-10-14 10:03:54,chack3,ok
yuanzhezhou,yuanzhe zhou,cmi-detect-behavior-with-sensor-data,1,Devin | Ogurtsov | zyz,0.904551,446,2025-09-02 14:45:57,"devinanzelmo,ogurtsov,yuanzhezhou",ok
daiwakun,daiwakun,cmi-detect-behavior-with-sensor-data,2,daiwakun,0.900320,22,2025-09-02 19:07:44,daiwakun,ok
dc5e964768ef56302a32,Rib~,cmi-detect-behavior-with-sensor-data,3,have fun,0.898439,81,2025-09-02 07:02:47,"chenxin1991,dc5e964768ef56302a32",ok
ren4yu,yu4u,cmi-detect-behavior-with-sensor-data,4,ln | yu4u | Theo | minerppdy,0.897932,246,2025-09-02 19:36:24,"minerppdy,nazarov,ren4yu,theoviel",ok
philippsinger,Psi,cmi-detect-behavior-with-sensor-data,10,Psi,0.883320,133,2025-09-02 18:07:46,philippsinger,ok
w5833946,Ruby,cmi-detect-behavior-with-sensor-data,14,Ruby,0.879497,76,2025-09-02 14:57:37,w5833946,ok
mathurinache,Mathurin Ache,cmi-detect-behavior-with-sensor-data,19,MA,0.875522,60,2025-08-31 18:39:21,mathurinache,ok
takoihiraokazu,Takoi,cmi-detect-behavior-with-sensor-data,23,Takoi,0.874994,238,2025-09-02 13:56:41,takoihiraokazu,ok
chack3,ohkawa3,cmi-detect-behavior-with-sensor-data,24,ohkawa3,0.874796,91,2025-09-02 21:38:48,chack3,ok
hydantess,hyd,cmi-detect-behavior-with-sensor-data,43,hyd,0.864902,2,2025-09-02 19:49:08,hydantess,ok
wowfattie,Guanshuo Xu,cmi-detect-behavior-with-sensor-data,78,Guanshuo Xu,0.859692,8,2025-09-02 18:49:39,wowfattie,ok
guoooooooss,guo dashuai,cmi-detect-behavior-with-sensor-data,88,CrazyMindInstitute,0.859164,181,2025-08-31 20:00:06,"guoooooooss,leonshangguan,mahdiseddigh,shanzhong8,tom99763",ok
titericz,Giba,cmi-detect-behavior-with-sensor-data,357,Giba,0.855026,11,2025-08-29 21:29:08,titericz,ok
jamalsaeedi,Cyrus,cmi-detect-behavior-with-sensor-data,380,Jamal Saeedi,0.855020,45,2025-09-02 17:27:19,jamalsaeedi,ok
arunodhayan,Arunodhayan,cmi-detect-behavior-with-sensor-data,466,Arunodhayan,0.855020,39,2025-08-25 02:42:40,arunodhayan,ok
tonylica,Tony Li,cmi-detect-behavior-with-sensor-data,720,Tony Li,0.854539,13,2025-08-30 21:28:04,tonylica,ok
tatamikenn,Bilzard,cmi-detect-behavior-with-sensor-data,755,Bilzard,0.853970,24,2025-09-02 22:23:33,tatamikenn,ok
leehann,HZM,cmi-detect-behavior-with-sensor-data,822,G&H&J - THM ❤️ TOF 🫥 IMU,0.852521,306,2025-09-02 15:34:55,"andreizamfir,gauravbrills,janbrederecke,leehann",ok
xiaoz259,xz,cmi-detect-behavior-with-sensor-data,1104,Xz,0.840679,21,2025-09-02 21:26:55,xiaoz259,ok
asalhi,Ali,cmi-detect-behavior-with-sensor-data,1541,Ali,0.792819,36,2025-06-28 06:24:05,asalhi,ok
jaejohn,g john rao,cmi-detect-behavior-with-sensor-data,1786,john,0.739472,40,2025-06-24 06:05:03,jaejohn,ok
hydantess,hyd,commonlit-evaluate-student-summaries,4,过拟合高手,0.42075,238,2023-10-11 14:17:22,hydantess,ok
philippsinger,Psi,commonlit-evaluate-student-summaries,6,Team Hydrogen,0.42102,194,2023-10-11 13:37:08,"ilu000,philippsinger,ybabakhin",ok
takoihiraokazu,Takoi,commonlit-evaluate-student-summaries,7,[Rist]Takoi,0.42119,171,2023-10-11 02:53:26,takoihiraokazu,ok
leehann,HZM,commonlit-evaluate-student-summaries,10,one model,0.42227,123,2023-10-11 12:13:25,"leehann,madelynpy,meiliwu,xingranwang52",ok
conjuring92,Raja Biswas,commonlit-evaluate-student-summaries,17,Int8(∞),0.42544,206,2023-10-11 14:17:38,"conjuring92,shinomoriaoshi,syhens",ok
mathurinache,Mathurin Ache,commonlit-evaluate-student-summaries,33,MA,0.42881,32,2023-10-04 16:31:49,mathurinache,ok
sayoulala,sayoulala,commonlit-evaluate-student-summaries,56,好运连连,0.43230,186,2023-10-11 10:24:25,"hookman,sayoulala,syzong,tilbur,zui0711",ok
cpmpml,CPMP,commonlit-evaluate-student-summaries,120,CPMP,0.43826,90,2023-09-01 14:36:54,cpmpml,ok
samson8,Yurnero,commonlit-evaluate-student-summaries,478,samson vs all,0.44723,33,2023-10-11 12:21:54,samson8,ok
titericz,Giba,commonlit-evaluate-student-summaries,669,Giba,0.45036,6,2023-08-28 12:56:48,titericz,ok
aerdem4,Ahmet Erdem,commonlit-evaluate-student-summaries,1048,Ahmet Erdem,0.47377,5,2023-07-27 14:12:30,aerdem4,ok
pingfan,Baiph,commonlit-evaluate-student-summaries,1360,Baiph,0.52482,5,2023-07-21 12:19:03,pingfan,ok
leehann,HZM,csiro-biomass,12,卷不动了,0.77736,231,2026-01-28 14:49:09,"leehann,pingfan,tianhengqiu,zxc123cc",ok
pingfan,Baiph,csiro-biomass,12,卷不动了,0.77736,231,2026-01-28 14:49:09,"leehann,pingfan,tianhengqiu,zxc123cc",ok
nikitababich,Nikita Babych,csiro-biomass,32,NS,0.76148,233,2026-01-28 20:51:25,"nikitababich,sparakhin",ok
wowfattie,Guanshuo Xu,csiro-biomass,47,Guanshuo Xu,0.75613,168,2026-01-28 04:47:32,wowfattie,ok
tonylica,Tony Li,csiro-biomass,85,Biomass with DINO,0.74838,259,2026-01-28 18:16:33,"kishanvavdara,ravi20076,tonylica",ok
mathurinache,Mathurin Ache,csiro-biomass,97,Mathurin Aché,0.74652,38,2026-01-26 16:09:22,mathurinache,ok
arunodhayan,Arunodhayan,csiro-biomass,389,Arunodhayan,0.72394,28,2026-01-28 03:12:51,arunodhayan,ok
yuanzhezhou,yuanzhe zhou,csiro-biomass,419,yuanzhe zhou,0.72360,12,2026-01-28 15:22:11,yuanzhezhou,ok
jamalsaeedi,Cyrus,csiro-biomass,499,CyrusAI,0.72339,29,2026-01-28 15:03:35,jamalsaeedi,ok
asalhi,Ali,csiro-biomass,773,Ali Salhi,0.72043,17,2026-01-18 07:51:58,asalhi,ok
takoihiraokazu,Takoi,csiro-biomass,953,Takoi,0.70709,30,2026-01-16 12:25:34,takoihiraokazu,ok
titericz,Giba,csiro-biomass,1187,Giba,0.68283,1,2026-01-10 17:28:05,titericz,ok
philippsinger,Psi,csiro-biomass,1429,Psi,0.65759,25,2026-01-27 19:36:40,philippsinger,ok
tascj0,tascj,csiro-biomass,1791,tascj,0.62040,1,2026-01-28 18:13:34,tascj0,ok
jiweiliu,Jiwei Liu,csiro-biomass,1832,Jiwei Liu,0.61327,9,2025-11-11 20:01:31,jiweiliu,ok
samson8,Yurnero,csiro-biomass,1872,Yurnero,0.60818,42,2026-01-11 19:01:13,samson8,ok
jaejohn,g john rao,csiro-biomass,1884,john,0.60670,15,2025-11-15 03:32:30,jaejohn,ok
ferdinandlimburg,flg,csiro-biomass,2153,flg,0.57550,29,2025-12-14 21:24:57,ferdinandlimburg,ok
hydantess,hyd,csiro-biomass,2234,hyd,0.56748,10,2026-01-09 11:12:08,hydantess,ok
harshitsheoran,Harshit Sheoran,csiro-biomass,2397,Harshit Sheoran,0.54095,2,2025-10-30 14:05:55,harshitsheoran,ok
christofhenkel,Dieter,czii-cryo-et-object-identification,1,Daddies,0.79461,292,2025-02-05 11:28:49,"bloodaxe,christofhenkel",ok
ren4yu,yu4u,czii-cryo-et-object-identification,3,yu4u & tattaka,0.78837,154,2025-02-05 11:53:47,"ren4yu,tattaka",ok
tomoon33,tomoon33,czii-cryo-et-object-identification,4,tomoon33,0.78512,186,2025-02-05 10:09:10,tomoon33,ok
sersasj,Sergio Alvarez,czii-cryo-et-object-identification,9,I Cryo Everyteim,0.78079,401,2025-02-05 11:56:23,"del=fce01db47d68a87d,iamparadox,itsuki9180,sersasj,sirapoabchaikunsaeng",ok
brendanartley,Bartley,czii-cryo-et-object-identification,13,Bartley,0.77684,192,2025-02-05 06:59:20,brendanartley,ok
jeroencottaar,Jeroen Cottaar,czii-cryo-et-object-identification,14,MNISTery,0.77490,404,2025-02-05 17:40:12,"davidlist,jeroencottaar",ok
chack3,ohkawa3,czii-cryo-et-object-identification,21,ohkawa3,0.76971,95,2025-02-05 12:10:00,chack3,ok
jsday96,James Day,czii-cryo-et-object-identification,34,James Day,0.76018,71,2025-02-05 05:45:16,jsday96,ok
nikitababich,Nikita Babych,czii-cryo-et-object-identification,63,Nikita Babich,0.74120,104,2025-02-04 19:34:26,nikitababich,ok
yuanzhezhou,yuanzhe zhou,czii-cryo-et-object-identification,137,yuanzhe zhou,0.71718,21,2025-02-04 14:02:56,yuanzhezhou,ok
cnumber,c-number,czii-cryo-et-object-identification,138,c-number,0.71713,15,2025-02-05 10:10:23,cnumber,ok
mathurinache,Mathurin Ache,czii-cryo-et-object-identification,156,Mathurin Aché,0.71540,37,2025-02-05 12:56:53,mathurinache,ok
asalhi,Ali,czii-cryo-et-object-identification,180,Ali,0.71392,20,2025-02-02 16:54:29,asalhi,ok
jaejohn,g john rao,czii-cryo-et-object-identification,513,johnny,0.68461,58,2025-01-14 16:50:36,jaejohn,ok
guoooooooss,guo dashuai,czii-cryo-et-object-identification,631,guo dashuai,0.62587,3,2024-12-30 23:47:30,guoooooooss,ok
jamalsaeedi,Cyrus,czii-cryo-et-object-identification,819,Jamal Saeedi,0.41575,6,2024-12-08 21:39:21,jamalsaeedi,ok
conjuring92,Raja Biswas,deep-past-initiative-machine-translation,2,How I Learned to Stop Worrying,41.6451,173,2026-03-23 12:08:19,"conjuring92,darraghdog",ok
darraghdog,Darragh,deep-past-initiative-machine-translation,2,How I Learned to Stop Worrying,41.6451,173,2026-03-23 12:08:19,"conjuring92,darraghdog",ok
ebinan92,Ebi,deep-past-initiative-machine-translation,4,ebi & okumura,40.4156,175,2026-03-23 18:20:16,"ebinan92,yukiokumura1",ok
samson8,Yurnero,deep-past-initiative-machine-translation,6,Yurnero,40.2765,323,2026-03-23 21:20:59,samson8,ok
sayoulala,sayoulala,deep-past-initiative-machine-translation,9,not free lunch2.0,39.6711,338,2026-03-23 14:59:27,"hengzheng,quincyqiang,sayoulala,wisley1024",ok
arunodhayan,Arunodhayan,deep-past-initiative-machine-translation,16,lost in transliteration,38.7083,386,2026-03-23 20:30:07,"arunodhayan,liuzhangzhen,nbroad,rashmibanthia,tonylica",ok
tonylica,Tony Li,deep-past-initiative-machine-translation,16,lost in transliteration,38.7083,386,2026-03-23 20:30:07,"arunodhayan,liuzhangzhen,nbroad,rashmibanthia,tonylica",ok
leehann,HZM,deep-past-initiative-machine-translation,21,H&B&Z,38.4536,359,2026-03-23 13:04:04,"leehann,pingfan,zxc123cc",ok
pingfan,Baiph,deep-past-initiative-machine-translation,21,H&B&Z,38.4536,359,2026-03-23 13:04:04,"leehann,pingfan,zxc123cc",ok
aerdem4,Ahmet Erdem,deep-past-initiative-machine-translation,57,IGI a-nil IGI er-tu IGI aḫ-met,36.7403,209,2026-03-23 22:23:47,"aerdem4,datafan07,nlztrk",ok
titericz,Giba,deep-past-initiative-machine-translation,304,Giba,35.8588,6,2026-03-23 16:08:51,titericz,ok
yuanzhezhou,yuanzhe zhou,deep-past-initiative-machine-translation,375,yuanzhe zhou,35.8090,10,2026-03-17 01:41:53,yuanzhezhou,ok
yiheng,Yiheng Wang,deep-past-initiative-machine-translation,377,Yiheng Wang,35.8079,39,2026-03-19 02:18:32,yiheng,ok
asalhi,Ali,deep-past-initiative-machine-translation,419,Ali,35.7818,60,2026-03-19 15:13:58,asalhi,ok
jamalsaeedi,Cyrus,deep-past-initiative-machine-translation,447,Cyrus,35.7524,38,2026-03-23 16:13:05,jamalsaeedi,ok
mathurinache,Mathurin Ache,deep-past-initiative-machine-translation,678,Mathurin Aché,35.5112,31,2026-03-23 10:51:41,mathurinache,ok
nikitababich,Nikita Babych,deep-past-initiative-machine-translation,697,Nikita Babych,35.4403,158,2026-03-16 21:08:53,nikitababich,ok
christofhenkel,Dieter,deep-past-initiative-machine-translation,785,Dieter,34.9837,44,2026-03-17 21:35:13,christofhenkel,ok
tomirol,matheus,deep-past-initiative-machine-translation,1347,matheus,32.6482,29,2026-03-20 23:40:58,tomirol,ok
tascj0,tascj,deep-past-initiative-machine-translation,1487,tascj,31.8379,1,2026-03-23 23:13:01,tascj0,ok
cpmpml,CPMP,deep-past-initiative-machine-translation,1548,CPMP,31.3898,20,2026-03-23 16:21:25,cpmpml,ok
yijiey,Luca,deep-past-initiative-machine-translation,1751,Luca,27.4283,5,2026-03-18 18:50:57,yijiey,ok
jiweiliu,Jiwei Liu,deep-past-initiative-machine-translation,1800,Kaggle Agent,26.9308,6,2026-03-16 00:54:36,jiweiliu,ok
jaejohn,g john rao,deep-past-initiative-machine-translation,1926,john,23.0953,7,2026-01-21 01:27:06,jaejohn,ok
philippsinger,Psi,dfl-bundesliga-data-shootout,1,Team Hydrogen Scores!,0.905563,2,2022-10-13 13:18:05,"ilu000,philippsinger,ybabakhin",ok
chack3,ohkawa3,dfl-bundesliga-data-shootout,4,ohkawa3,0.814228,2,2022-10-13 11:47:06,chack3,ok
christofhenkel,Dieter,dfl-bundesliga-data-shootout,11,Theo & Dieter,0.685550,2,2022-10-13 14:09:09,"christofhenkel,theoviel",ok
mathurinache,Mathurin Ache,dfl-bundesliga-data-shootout,84,Mathurin Aché,0.485528,2,2022-10-09 12:09:09,mathurinache,ok
leehann,HZM,dfl-bundesliga-data-shootout,157,RICEDYS,0.485421,1,2022-09-25 15:35:53,leehann,ok
cnumber,c-number,drawing-with-llms,2,CP GMs,0.77523,122,2025-05-27 12:40:50,"cnumber,daiwakun",ok
daiwakun,daiwakun,drawing-with-llms,2,CP GMs,0.77523,122,2025-05-27 12:40:50,"cnumber,daiwakun",ok
guoooooooss,guo dashuai,drawing-with-llms,3,move on,0.77187,305,2025-05-27 10:07:43,"arsenypoyda,brianwilliamzhao,guoooooooss,samson8,takuji",ok
samson8,Yurnero,drawing-with-llms,3,move on,0.77187,305,2025-05-27 10:07:43,"arsenypoyda,brianwilliamzhao,guoooooooss,samson8,takuji",ok
tomirol,matheus,drawing-with-llms,4,tomirol,0.74255,133,2025-05-27 10:28:09,tomirol,ok
tascj0,tascj,drawing-with-llms,5,Grand Painting Artists,0.74194,104,2025-05-27 11:52:39,"kapenon,liushuzhi,tascj0",ok
philippsinger,Psi,drawing-with-llms,11,Psiilu,0.73005,94,2025-05-27 13:32:12,"ilu000,philippsinger",ok
jsday96,James Day,drawing-with-llms,33,James Day,0.69357,231,2025-05-27 05:00:39,jsday96,ok
yijiey,Luca,drawing-with-llms,125,Yakit,0.66334,16,2025-05-15 21:31:02,yijiey,ok
asalhi,Ali,drawing-with-llms,133,Ali,0.66001,255,2025-05-27 12:18:27,asalhi,ok
jamalsaeedi,Cyrus,drawing-with-llms,173,Jamal Saeedi,0.64275,29,2025-05-27 14:54:26,jamalsaeedi,ok
mathurinache,Mathurin Ache,drawing-with-llms,203,Mathurin Aché,0.63687,23,2025-05-27 17:02:06,mathurinache,ok
yuanzhezhou,yuanzhe zhou,drawing-with-llms,221,yuanzhe zhou,0.63440,12,2025-05-22 17:42:34,yuanzhezhou,ok
ebinan92,Ebi,drawing-with-llms,345,Ebi,0.61063,53,2025-05-18 05:15:50,ebinan92,ok
titericz,Giba,drawing-with-llms,361,Giba,0.59512,20,2025-04-09 15:55:50,titericz,ok
pingfan,Baiph,drawing-with-llms,413,Baiph,0.54628,25,2025-05-09 15:15:30,pingfan,ok
wowfattie,Guanshuo Xu,drawing-with-llms,418,Guanshuo Xu,0.54458,30,2025-05-26 23:39:29,wowfattie,ok
nikitababich,Nikita Babych,drawing-with-llms,506,Nikita Babych,0.52715,25,2025-03-10 23:34:03,nikitababich,ok
sayoulala,sayoulala,drawing-with-llms,718,sayoulala,0.49731,1,2025-05-20 11:03:39,sayoulala,ok
jaejohn,g john rao,drawing-with-llms,850,john,0.47986,11,2025-05-27 19:04:04,jaejohn,ok
arunodhayan,Arunodhayan,drawing-with-llms,993,Arunodhayan,0.46012,23,2025-03-10 13:16:29,arunodhayan,ok
leehann,HZM,drawing-with-llms,1011,BestOverFitting,0.45266,3,2025-03-08 21:48:20,"gentlezdh,kekshibata,leehann",ok
tatamikenn,Bilzard,drawing-with-llms,1276,Bilzard,0.00000,7,2025-03-04 10:12:23,tatamikenn,ok
aerdem4,Ahmet Erdem,eedi-mining-misconceptions-in-mathematics,2,terekaerumasahmet,0.66270,405,2024-12-12 14:29:16,"aerdem4,irrohas,kaerunantoka,tereka",ok
takoihiraokazu,Takoi,eedi-mining-misconceptions-in-mathematics,3,takoi & charmq & kami,0.65568,145,2024-12-12 09:27:51,"charmq,kami634,takoihiraokazu",ok
ebinan92,Ebi,eedi-mining-misconceptions-in-mathematics,4,Ebi & ktr,0.65374,110,2024-12-12 12:19:57,"ebinan92,kcotton21",ok
nikitababich,Nikita Babych,eedi-mining-misconceptions-in-mathematics,5,Nikita Babich,0.65040,180,2024-12-12 14:52:36,nikitababich,ok
conjuring92,Raja Biswas,eedi-mining-misconceptions-in-mathematics,6,MTH 101,0.64379,141,2024-12-12 14:53:05,conjuring92,ok
pingfan,Baiph,eedi-mining-misconceptions-in-mathematics,11,B.Z.Z.Z.L.,0.61427,283,2024-12-12 14:17:35,"lizhecheng,pingfan,tonyarobertson,xiaoqinglong1996,xuanmingzhang777",ok
sayoulala,sayoulala,eedi-mining-misconceptions-in-mathematics,19,sayoulala,0.59813,125,2024-12-12 15:55:49,sayoulala,ok
dipamc77,Dipam Chakraborty,eedi-mining-misconceptions-in-mathematics,31,Dipam Chakraborty,0.57340,128,2024-12-12 16:53:41,dipamc77,ok
tatamikenn,Bilzard,eedi-mining-misconceptions-in-mathematics,37,bilzard,0.56481,66,2024-12-12 13:54:54,tatamikenn,ok
tascj0,tascj,eedi-mining-misconceptions-in-mathematics,92,tascj,0.53087,1,2024-12-12 17:30:27,tascj0,ok
yuanzhezhou,yuanzhe zhou,eedi-mining-misconceptions-in-mathematics,290,yuanzhe zhou,0.47293,30,2024-12-09 09:08:23,yuanzhezhou,ok
asalhi,Ali,eedi-mining-misconceptions-in-mathematics,320,Ali,0.46893,230,2024-11-29 05:39:38,asalhi,ok
mathurinache,Mathurin Ache,eedi-mining-misconceptions-in-mathematics,362,Mathurin Aché,0.46893,44,2024-12-07 13:58:58,mathurinache,ok
jaejohn,g john rao,eedi-mining-misconceptions-in-mathematics,450,johnny,0.46893,52,2024-11-27 16:59:34,jaejohn,ok
jamalsaeedi,Cyrus,eedi-mining-misconceptions-in-mathematics,507,Jamal Saeedi,0.46893,2,2024-12-03 18:08:04,jamalsaeedi,ok
cnumber,c-number,eedi-mining-misconceptions-in-mathematics,524,c-number,0.46893,1,2024-12-05 08:14:57,cnumber,ok
arunodhayan,Arunodhayan,eedi-mining-misconceptions-in-mathematics,930,Arunodhayan,0.30397,70,2024-10-12 12:37:34,arunodhayan,ok
aerdem4,Ahmet Erdem,equity-post-HCT-survival-predictions,2,agalar,0.69726,126,2025-03-05 15:22:42,"aerdem4,davutpolat,gunesevitan,karakasatarik,nlztrk",ok
simingtan,samuel tan,equity-post-HCT-survival-predictions,8,luna | carrot | vitaly | yuni,0.69685,410,2025-03-05 15:42:32,"carrotvc,simingtan,vitalykudelya,yuuniekiri",ok
cdeotte,Chris Deotte,equity-post-HCT-survival-predictions,10,Chris Deotte,0.69663,219,2025-03-01 05:18:03,cdeotte,ok
aypyaypy,AyPy,equity-post-HCT-survival-predictions,51,AyPy,0.69451,67,2025-03-05 22:53:10,aypyaypy,ok
dc5e964768ef56302a32,Rib~,equity-post-HCT-survival-predictions,81,Ethan & Rib,0.69416,35,2025-03-02 15:24:06,"chenxin1991,dc5e964768ef56302a32",ok
asalhi,Ali,equity-post-HCT-survival-predictions,105,Ali #2,0.69402,25,2025-02-24 19:26:55,asalhi,ok
yuanzhezhou,yuanzhe zhou,equity-post-HCT-survival-predictions,175,yuanzhe zhou,0.69369,131,2025-03-04 17:03:11,yuanzhezhou,ok
jaejohn,g john rao,equity-post-HCT-survival-predictions,473,john,0.69330,11,2025-03-04 13:14:15,jaejohn,ok
titericz,Giba,equity-post-HCT-survival-predictions,485,Giba,0.69330,37,2025-02-27 19:41:38,titericz,ok
mathurinache,Mathurin Ache,equity-post-HCT-survival-predictions,495,Mathurin Aché,0.69330,25,2025-02-25 07:56:09,mathurinache,ok
jamalsaeedi,Cyrus,equity-post-HCT-survival-predictions,697,Jamal Saeedi,0.69330,6,2025-02-28 18:16:18,jamalsaeedi,ok
hydantess,hyd,equity-post-HCT-survival-predictions,792,hyd,0.69288,5,2025-03-05 23:42:17,hydantess,ok
takoihiraokazu,Takoi,equity-post-HCT-survival-predictions,935,Takoi,0.69199,18,2025-02-18 01:41:41,takoihiraokazu,ok
guoooooooss,guo dashuai,equity-post-HCT-survival-predictions,950,guo dashuai,0.69181,122,2025-03-03 16:07:02,guoooooooss,ok
samson8,Yurnero,equity-post-HCT-survival-predictions,1073,Ivan Vybornov,0.69071,57,2025-03-05 20:34:19,"ivanvybornov,samson8",ok
leehann,HZM,equity-post-HCT-survival-predictions,1196,HZM,0.68952,1,2025-02-05 08:50:19,leehann,ok
mathurinache,Mathurin Ache,fathomnet-out-of-sample-detection,29,Mathurin Aché,0.061,3,2023-04-21 13:30:46,mathurinache,ok
aerdem4,Ahmet Erdem,feedback-prize-2021,2,bestoverfitting,0.731,314,2022-03-14 18:36:55,"aerdem4,shujun717,thedrcat",ok
cdeotte,Chris Deotte,feedback-prize-2021,3,Feedforward,0.727,432,2022-03-15 14:55:20,"cdeotte,leecming,ubamba98",ok
christofhenkel,Dieter,feedback-prize-2021,6,new baseline,0.720,103,2022-03-15 15:27:15,"christofhenkel,darraghdog,ilu000",ok
darraghdog,Darragh,feedback-prize-2021,6,new baseline,0.720,103,2022-03-15 15:27:15,"christofhenkel,darraghdog,ilu000",ok
takoihiraokazu,Takoi,feedback-prize-2021,14,11167,0.716,152,2022-03-15 14:30:19,"columbia2131,mst8823,takoihiraokazu,tubotubo",ok
tascj0,tascj,feedback-prize-2021,17,[Rist] tascj,0.714,2,2022-03-15 21:33:38,tascj0,ok
wowfattie,Guanshuo Xu,feedback-prize-2021,30,Guanshuo Xu,0.711,8,2022-03-15 12:30:48,wowfattie,ok
leehann,HZM,feedback-prize-2021,233,天雨流芳,0.691,79,2022-02-25 02:20:18,"guanghan,kizunasunhy,leehann,orangelgy",ok
titericz,Giba,feedback-prize-2021,337,Giba,0.691,1,2022-03-04 09:59:54,titericz,ok
mathurinache,Mathurin Ache,feedback-prize-2021,444,Mathurin Aché,0.691,21,2022-03-15 09:29:01,mathurinache,ok
asalhi,Ali,feedback-prize-2021,696,Ali Salhi 🇵🇸,0.690,7,2022-02-02 18:02:36,asalhi,ok
dc5e964768ef56302a32,Rib~,feedback-prize-2021,966,Aragaki Yui,0.689,4,2022-01-15 04:02:04,dc5e964768ef56302a32,ok
cpmpml,CPMP,feedback-prize-2021,1305,CPMP,0.678,4,2022-03-15 19:05:32,cpmpml,ok
yuanzhezhou,yuanzhe zhou,feedback-prize-2021,1507,yuanzhe zhou,0.628,1,2022-01-07 03:50:32,yuanzhezhou,ok
conjuring92,Raja Biswas,feedback-prize-effectiveness,1,Darjeeling Tea,0.55201,202,2022-08-23 14:47:50,"conjuring92,harshit92,trushk",ok
philippsinger,Psi,feedback-prize-effectiveness,3,Team Hydrogen,0.55355,171,2022-08-23 21:57:49,"philippsinger,ybabakhin",ok
christofhenkel,Dieter,feedback-prize-effectiveness,4,…,0.55415,83,2022-08-23 21:57:31,"christofhenkel,darraghdog,ilu000",ok
darraghdog,Darragh,feedback-prize-effectiveness,4,…,0.55415,83,2022-08-23 21:57:31,"christofhenkel,darraghdog,ilu000",ok
hydantess,hyd,feedback-prize-effectiveness,9,HG,0.55895,197,2022-08-23 14:31:25,"goldenlock,hydantess",ok
leehann,HZM,feedback-prize-effectiveness,11,Good Ineffective,0.56086,105,2022-08-23 11:34:28,"bladerunner2022,brandonhu0215,carlmaxace,leehann",ok
tascj0,tascj,feedback-prize-effectiveness,12,Now You See Me,0.56177,148,2022-08-23 18:40:47,"amedprof,crodoc,ivanaerlic,tascj0,thedrcat",ok
wowfattie,Guanshuo Xu,feedback-prize-effectiveness,34,Guanshuo Xu,0.57810,9,2022-08-22 15:58:57,wowfattie,ok
dc5e964768ef56302a32,Rib~,feedback-prize-effectiveness,36,Team Ri,0.57946,51,2022-08-23 16:43:54,"dc5e964768ef56302a32,emiria",ok
cpmpml,CPMP,feedback-prize-effectiveness,41,Evaluation,0.58175,35,2022-08-23 15:14:19,"cpmpml,rytisva88",ok
jsday96,James Day,feedback-prize-effectiveness,193,James Day,0.60783,18,2022-07-19 04:42:57,jsday96,ok
mathurinache,Mathurin Ache,feedback-prize-effectiveness,264,Mathurin Aché,0.61090,8,2022-08-09 13:46:17,mathurinache,ok
pingfan,Baiph,feedback-prize-effectiveness,846,Baiph,0.64990,1,2022-06-26 14:58:13,pingfan,ok
takoihiraokazu,Takoi,feedback-prize-english-language-learning,7,[Rist]Takoi,0.434031,159,2022-11-27 14:15:57,takoihiraokazu,ok
cdeotte,Chris Deotte,feedback-prize-english-language-learning,27,Now You See Me,0.435321,173,2022-11-29 17:26:12,"amedprof,cdeotte,crodoc",ok
conjuring92,Raja Biswas,feedback-prize-english-language-learning,33,Team Turing,0.435420,159,2022-11-29 15:13:36,"conjuring92,harshit92,syhens,trushk",ok
leehann,HZM,feedback-prize-english-language-learning,64,GLHF,0.435829,168,2022-11-29 17:49:05,"andrew1024,catchbat,gregorlied,leehann,zacchaeus",ok
hydantess,hyd,feedback-prize-english-language-learning,156,hyd,0.436564,107,2022-11-29 14:20:12,hydantess,ok
philippsinger,Psi,feedback-prize-english-language-learning,159,Psi,0.436588,76,2022-11-29 21:45:51,philippsinger,ok
dc5e964768ef56302a32,Rib~,feedback-prize-english-language-learning,223,Rib~,0.437158,139,2022-11-29 15:38:31,"dc5e964768ef56302a32,emiria",ok
asalhi,Ali,feedback-prize-english-language-learning,236,Ali Salhi 🇵🇸,0.437212,39,2022-11-18 04:51:56,asalhi,ok
mathurinache,Mathurin Ache,feedback-prize-english-language-learning,327,Mathurin Aché,0.437237,26,2022-11-21 08:37:43,mathurinache,ok
yuanzhezhou,yuanzhe zhou,feedback-prize-english-language-learning,646,yuanzhe zhou,0.437475,5,2022-11-21 14:12:40,yuanzhezhou,ok
christofhenkel,Dieter,feedback-prize-english-language-learning,654,CD,0.437507,67,2022-11-29 17:08:19,"christofhenkel,cpmpml",ok
cpmpml,CPMP,feedback-prize-english-language-learning,654,CD,0.437507,67,2022-11-29 17:08:19,"christofhenkel,cpmpml",ok
titericz,Giba,feedback-prize-english-language-learning,832,Giba,0.438548,5,2022-11-29 15:36:04,titericz,ok
darraghdog,Darragh,feedback-prize-english-language-learning,1220,Darragh,0.441152,1,2022-09-03 14:46:55,darraghdog,ok
cnumber,c-number,fide-google-efficiency-chess-ai-challenge,10,Niboshi,1910.7,2,2025-02-11 23:55:05,"cnumber,daiwakun,kawattataido",ok
daiwakun,daiwakun,fide-google-efficiency-chess-ai-challenge,10,Niboshi,1910.7,2,2025-02-11 23:55:05,"cnumber,daiwakun,kawattataido",ok
jsday96,James Day,fide-google-efficiency-chess-ai-challenge,13,James Day,1897.6,2,2025-02-11 10:21:26,jsday96,ok
yuanzhezhou,yuanzhe zhou,fide-google-efficiency-chess-ai-challenge,119,can not c++,971.3,2,2025-02-05 11:46:47,yuanzhezhou,ok
samson8,Yurnero,fide-google-efficiency-chess-ai-challenge,151,samson,914.6,1,2024-11-27 06:54:28,samson8,ok
mathurinache,Mathurin Ache,fide-google-efficiency-chess-ai-challenge,194,Mathurin Aché,901.7,2,2025-02-10 07:46:49,mathurinache,ok
asalhi,Ali,fide-google-efficiency-chess-ai-challenge,259,Ali,884.5,2,2024-11-28 16:45:26,asalhi,ok
jaejohn,g john rao,fide-google-efficiency-chess-ai-challenge,291,johnny,865.7,2,2025-02-11 21:47:24,jaejohn,ok
cpmpml,CPMP,fide-google-efficiency-chess-ai-challenge,719,CPMP,435.7,1,2024-11-19 22:39:54,cpmpml,ok
takoihiraokazu,Takoi,foursquare-location-matching,1,re:waiwai,0.97808,115,2022-07-07 13:10:24,"charmq,go5kuramubon,takoihiraokazu",ok
philippsinger,Psi,foursquare-location-matching,3,Psi,0.96866,162,2022-07-07 15:05:37,philippsinger,ok
dc5e964768ef56302a32,Rib~,foursquare-location-matching,10,Ri,0.94828,68,2022-07-07 15:53:53,"dc5e964768ef56302a32,emiria",ok
hydantess,hyd,foursquare-location-matching,14,Ethan & qyxs & hyd,0.94591,110,2022-07-07 15:42:43,"chenxin1991,hydantess,juzqyxs",ok
titericz,Giba,foursquare-location-matching,159,Giba,0.86734,18,2022-07-05 10:29:52,titericz,ok
mathurinache,Mathurin Ache,foursquare-location-matching,248,Mathurin Aché,0.86323,17,2022-07-01 13:36:11,mathurinache,ok
chack3,ohkawa3,foursquare-location-matching,463,ohkawa3,0.84293,15,2022-07-02 07:03:16,chack3,ok
yuanzhezhou,yuanzhe zhou,foursquare-location-matching,541,yuanzhe zhou,0.83519,4,2022-05-17 06:30:23,yuanzhezhou,ok
aerdem4,Ahmet Erdem,foursquare-location-matching,839,Ahmet Erdem,0.76260,4,2022-04-25 12:37:07,aerdem4,ok
titericz,Giba,g-research-crypto-forecasting,1412,Giba,0.0000,2,2022-01-22 18:15:08,titericz,zero_score
asalhi,Ali,g-research-crypto-forecasting,1729,Ali Salhi 🇵🇸,0.0000,2,2022-01-31 12:24:53,asalhi,zero_score
brendanartley,Bartley,g-research-crypto-forecasting,1764,Brendan A,0.0000,2,2022-01-31 14:23:02,brendanartley,zero_score
yuanzhezhou,yuanzhe zhou,g-research-crypto-forecasting,1875,Climb Up,0.0000,2,2022-02-01 11:18:08,"alchemistzhou,calvchen,dwchen,findcxtcom,yuanzhezhou",zero_score
ren4yu,yu4u,g2net-detecting-continuous-gravitational-waves,10,yu4u,0.78306,129,2023-01-03 16:35:53,ren4yu,ok
arunodhayan,Arunodhayan,g2net-detecting-continuous-gravitational-waves,71,Arunodhayan,0.76519,256,2023-01-03 17:07:38,arunodhayan,ok
mathurinache,Mathurin Ache,g2net-detecting-continuous-gravitational-waves,123,Mathurin Aché,0.76337,58,2022-12-30 19:50:59,mathurinache,ok
asalhi,Ali,g2net-detecting-continuous-gravitational-waves,202,Ali Salhi 🇵🇸,0.76184,89,2022-12-24 05:57:16,asalhi,ok
titericz,Giba,g2net-detecting-continuous-gravitational-waves,238,Giba,0.76129,27,2022-12-20 14:52:30,titericz,ok
yuanzhezhou,yuanzhe zhou,g2net-detecting-continuous-gravitational-waves,357,alphathon fun,0.75335,5,2022-11-17 16:03:25,yuanzhezhou,ok
ebinan92,Ebi,g2net-detecting-continuous-gravitational-waves,459,Ebi,0.72721,32,2022-11-06 19:36:30,ebinan92,ok
mathurinache,Mathurin Ache,geolifeclef-2022-lifeclef-2022-fgvc9,32,Mathurin Aché,0.78935,3,2022-03-10 08:15:58,mathurinache,ok
cdeotte,Chris Deotte,godaddy-microbusiness-density-forecasting,5,Chris Deotte,1.5736,2,2023-03-13 22:40:42,cdeotte,ok
asalhi,Ali,godaddy-microbusiness-density-forecasting,153,Ali Salhi 🇵🇸,1.6431,2,2023-03-08 05:41:14,asalhi,ok
mathurinache,Mathurin Ache,godaddy-microbusiness-density-forecasting,559,Mathurin Aché,1.6434,2,2023-03-06 20:13:22,mathurinache,ok
titericz,Giba,godaddy-microbusiness-density-forecasting,1055,XGiBa,1.6629,2,2023-03-14 20:01:05,titericz,ok
cpmpml,CPMP,godaddy-microbusiness-density-forecasting,1072,CPMP,1.6682,2,2023-03-14 22:40:08,cpmpml,ok
hydantess,hyd,godaddy-microbusiness-density-forecasting,1099,hyd,1.6782,2,2023-03-14 12:17:42,hydantess,ok
sayoulala,sayoulala,godaddy-microbusiness-density-forecasting,1223,sayoulala,1.7143,1,2023-02-25 05:39:56,sayoulala,ok
brendanartley,Bartley,godaddy-microbusiness-density-forecasting,1316,BrenData,2.2553,2,2023-03-14 20:55:16,brendanartley,ok
leehann,HZM,godaddy-microbusiness-density-forecasting,1822,DYS,3.9665,1,2023-01-23 14:45:51,leehann,ok
yuanzhezhou,yuanzhe zhou,godaddy-microbusiness-density-forecasting,2523,all predictions are wrong,4.0170,1,2022-12-18 04:09:05,yuanzhezhou,ok
cnumber,c-number,google-code-golf-2025,14,ALE-Agent🐟,954571.000,55,2025-10-30 22:53:00,"charmq,cnumber,inoueu1,takiba,yukiimajuku",ok
cdeotte,Chris Deotte,google-code-golf-2025,18,Team JYCDT,953336.000,1219,2025-10-30 21:06:23,"cdeotte,darrenamadeusmartin,jiweiliu,tonylica,yiheng",ok
jiweiliu,Jiwei Liu,google-code-golf-2025,18,Team JYCDT,953336.000,1219,2025-10-30 21:06:23,"cdeotte,darrenamadeusmartin,jiweiliu,tonylica,yiheng",ok
tonylica,Tony Li,google-code-golf-2025,18,Team JYCDT,953336.000,1219,2025-10-30 21:06:23,"cdeotte,darrenamadeusmartin,jiweiliu,tonylica,yiheng",ok
yiheng,Yiheng Wang,google-code-golf-2025,18,Team JYCDT,953336.000,1219,2025-10-30 21:06:23,"cdeotte,darrenamadeusmartin,jiweiliu,tonylica,yiheng",ok
jaejohn,g john rao,google-code-golf-2025,67,john,926267.000,168,2025-10-15 16:11:41,jaejohn,ok
asalhi,Ali,google-code-golf-2025,108,Ali,918611.000,361,2025-10-30 18:16:19,asalhi,ok
jamalsaeedi,Cyrus,google-code-golf-2025,157,CyrusAI,914014.000,55,2025-10-30 11:26:12,jamalsaeedi,ok
yuanzhezhou,yuanzhe zhou,google-code-golf-2025,179,yuanzhe zhou,913449.000,15,2025-10-30 18:12:48,yuanzhezhou,ok
mathurinache,Mathurin Ache,google-code-golf-2025,212,Mathurin Aché,913448.000,24,2025-10-30 20:00:19,mathurinache,ok
jeroencottaar,Jeroen Cottaar,google-code-golf-2025,918,Jeroen Cottaar,55448.001,12,2025-08-06 17:38:10,jeroencottaar,ok
leehann,HZM,google-research-identify-contrails-reduce-global-warming,4,luck for Gold,0.72082,124,2023-08-09 14:51:43,"daydaycodingdaydayup,leehann,mabaoguombg,mickyice",ok
cnumber,c-number,google-research-identify-contrails-reduce-global-warming,5,c-number & ts & okumura,0.71946,178,2023-08-09 18:39:28,"cnumber,tsasakits,yukiokumura1",ok
titericz,Giba,google-research-identify-contrails-reduce-global-warming,6,GIRYN,0.71868,377,2023-08-09 19:24:01,"imeintanis,phoenix9032,rohitsingh9990,titericz,yousof9",ok
tascj0,tascj,google-research-identify-contrails-reduce-global-warming,15,tascj,0.71301,1,2023-08-09 16:46:35,tascj0,ok
tatamikenn,Bilzard,google-research-identify-contrails-reduce-global-warming,19,bilzard,0.70989,21,2023-08-08 14:03:30,tatamikenn,ok
brendanartley,Bartley,google-research-identify-contrails-reduce-global-warming,38,Bartley,0.70349,21,2023-08-08 18:49:30,brendanartley,ok
harshitsheoran,Harshit Sheoran,google-research-identify-contrails-reduce-global-warming,102,Harshit Sheoran,0.68148,51,2023-06-25 07:58:55,harshitsheoran,ok
arunodhayan,Arunodhayan,google-research-identify-contrails-reduce-global-warming,192,Arunodhayan,0.65907,157,2023-07-24 14:18:46,arunodhayan,ok
ren4yu,yu4u,google-research-identify-contrails-reduce-global-warming,212,yu4u,0.65563,3,2023-08-09 22:04:47,ren4yu,ok
mathurinache,Mathurin Ache,google-research-identify-contrails-reduce-global-warming,213,Mathurin Aché,0.65555,10,2023-06-26 09:54:39,mathurinache,ok
asalhi,Ali,google-research-identify-contrails-reduce-global-warming,505,Ali Salhi 🇵🇸,0.63931,1,2023-06-27 23:00:24,asalhi,ok
takoihiraokazu,Takoi,google-research-identify-contrails-reduce-global-warming,596,Takoi,0.63230,3,2023-08-02 04:58:33,takoihiraokazu,ok
ren4yu,yu4u,google-universal-image-embedding,57,yu4u,0.597,52,2022-10-10 15:39:37,ren4yu,ok
mathurinache,Mathurin Ache,google-universal-image-embedding,187,Mathurin Aché,0.534,36,2022-09-30 12:25:57,mathurinache,ok
asalhi,Ali,google-universal-image-embedding,294,Ali Salhi 🇵🇸,0.534,4,2022-10-10 10:40:41,asalhi,ok
wowfattie,Guanshuo Xu,google-universal-image-embedding,695,Guanshuo Xu,0.407,59,2022-09-15 16:11:10,wowfattie,ok
hydantess,hyd,h-and-m-personalized-fashion-recommendations,6,Hard2Rec,0.03494,148,2022-05-09 23:11:44,"chenxin1991,hydantess,juzqyxs,titericz",ok
titericz,Giba,h-and-m-personalized-fashion-recommendations,6,Hard2Rec,0.03494,148,2022-05-09 23:11:44,"chenxin1991,hydantess,juzqyxs,titericz",ok
dc5e964768ef56302a32,Rib~,h-and-m-personalized-fashion-recommendations,7,Kazuki**2-aragaki,0.03442,97,2022-05-09 22:18:36,dc5e964768ef56302a32,ok
ferdinandlimburg,flg,h-and-m-personalized-fashion-recommendations,13,FLG2k,0.03372,43,2022-05-09 16:33:08,ferdinandlimburg,ok
wowfattie,Guanshuo Xu,h-and-m-personalized-fashion-recommendations,17,Guanshuo Xu,0.03322,9,2022-05-09 23:56:24,wowfattie,ok
w5833946,Ruby,h-and-m-personalized-fashion-recommendations,33,Ruby,0.03150,23,2022-05-08 12:54:01,w5833946,ok
yuanzhezhou,yuanzhe zhou,h-and-m-personalized-fashion-recommendations,50,NG seeking for a job🫠,0.02929,168,2022-05-09 23:28:48,"chenmientan,tarique7,weipengzhang,yijunyang123,yuanzhezhou",ok
mathurinache,Mathurin Ache,h-and-m-personalized-fashion-recommendations,66,Mathurin,0.02810,69,2022-05-09 18:12:42,mathurinache,ok
cdeotte,Chris Deotte,h-and-m-personalized-fashion-recommendations,133,Chris Deotte,0.02620,39,2022-05-01 04:57:43,cdeotte,ok
aerdem4,Ahmet Erdem,h-and-m-personalized-fashion-recommendations,1211,That's what she bought,0.02291,13,2022-03-23 11:02:21,aerdem4,ok
dipamc77,Dipam Chakraborty,h-and-m-personalized-fashion-recommendations,1736,Katlakalia,0.02087,4,2022-04-24 11:12:17,"dipamc77,saikatchakraborty3",ok
chack3,ohkawa3,h-and-m-personalized-fashion-recommendations,2774,ohkawa3,0.00009,1,2022-04-08 00:24:53,chack3,ok
tascj0,tascj,happy-whale-and-dolphin,1,Rist Whales,0.89758,61,2022-04-18 23:43:29,"amanatsu,takuok,tascj0",ok
philippsinger,Psi,happy-whale-and-dolphin,3,Terrestrial Zebu,0.89060,69,2022-04-18 23:39:26,"ilu000,philippsinger",ok
aerdem4,Ahmet Erdem,happy-whale-and-dolphin,11,tereka & Ahmet & yu4u,0.88133,281,2022-04-18 15:36:12,"aerdem4,ren4yu,tereka",ok
ren4yu,yu4u,happy-whale-and-dolphin,11,tereka & Ahmet & yu4u,0.88133,281,2022-04-18 15:36:12,"aerdem4,ren4yu,tereka",ok
cdeotte,Chris Deotte,happy-whale-and-dolphin,18,Orca & Chris & Martin,0.86863,316,2022-04-18 23:57:26,"bolkonsky,cdeotte,mpware,ragnar123",ok
christofhenkel,Dieter,happy-whale-and-dolphin,54,Dieter,0.84451,32,2022-04-18 20:21:55,christofhenkel,ok
harshitsheoran,Harshit Sheoran,happy-whale-and-dolphin,104,SYNERGY,0.82058,231,2022-04-18 23:55:32,"clemchris,harshitsheoran,jirkaborovec",ok
ebinan92,Ebi,happy-whale-and-dolphin,208,Ebi,0.79267,20,2022-04-12 04:34:56,ebinan92,ok
mathurinache,Mathurin Ache,happy-whale-and-dolphin,252,Mathurin,0.78956,59,2022-04-15 07:56:39,mathurinache,ok
titericz,Giba,happy-whale-and-dolphin,301,Giba,0.78450,9,2022-04-17 22:29:26,titericz,ok
mathurinache,Mathurin Ache,herbarium-2022-fgvc9,38,Mathurin Aché,0.69442,6,2022-03-30 18:48:34,mathurinache,ok
ren4yu,yu4u,hms-harmful-brain-activity-classification,2,Aillis & GO & bilzard,0.218580,246,2024-04-08 15:22:25,"ren4yu,tatamikenn,tattaka,yujiariyasu",ok
tatamikenn,Bilzard,hms-harmful-brain-activity-classification,2,Aillis & GO & bilzard,0.218580,246,2024-04-08 15:22:25,"ren4yu,tatamikenn,tattaka,yujiariyasu",ok
christofhenkel,Dieter,hms-harmful-brain-activity-classification,4,nvidia/DD,0.225483,127,2024-04-08 16:15:38,"christofhenkel,darraghdog",ok
darraghdog,Darragh,hms-harmful-brain-activity-classification,4,nvidia/DD,0.225483,127,2024-04-08 16:15:38,"christofhenkel,darraghdog",ok
brendanartley,Bartley,hms-harmful-brain-activity-classification,10,R&B,0.228244,85,2024-04-08 07:47:15,"brendanartley,ihebch",ok
cdeotte,Chris Deotte,hms-harmful-brain-activity-classification,12,Chris Deotte,0.232633,330,2024-04-08 15:19:59,cdeotte,ok
nikitababich,Nikita Babych,hms-harmful-brain-activity-classification,20,Nikita Babich,0.238023,42,2024-04-08 22:27:38,nikitababich,ok
leehann,HZM,hms-harmful-brain-activity-classification,21,𝕃𝕀ℍℤ𝕊,0.243366,257,2024-04-08 11:33:15,"gentlezdh,itsuki9180,leehann,lihaoweicvch,samson8",ok
samson8,Yurnero,hms-harmful-brain-activity-classification,21,𝕃𝕀ℍℤ𝕊,0.243366,257,2024-04-08 11:33:15,"gentlezdh,itsuki9180,leehann,lihaoweicvch,samson8",ok
cpmpml,CPMP,hms-harmful-brain-activity-classification,23,CPMP,0.247621,49,2024-04-08 20:00:01,cpmpml,ok
chack3,ohkawa3,hms-harmful-brain-activity-classification,31,ohkawa3,0.253718,71,2024-04-08 21:36:24,chack3,ok
tascj0,tascj,hms-harmful-brain-activity-classification,54,tascj,0.270383,1,2024-04-08 14:57:32,tascj0,ok
takoihiraokazu,Takoi,hms-harmful-brain-activity-classification,80,Takoi,0.279212,71,2024-04-08 10:41:40,takoihiraokazu,ok
titericz,Giba,hms-harmful-brain-activity-classification,123,Giba,0.284218,98,2024-04-08 21:41:15,titericz,ok
asalhi,Ali,hms-harmful-brain-activity-classification,234,Ali Salhi,0.295131,11,2024-04-05 05:26:48,asalhi,ok
mathurinache,Mathurin Ache,hms-harmful-brain-activity-classification,402,Mathurin Aché,0.299361,27,2024-04-06 12:08:00,mathurinache,ok
jamalsaeedi,Cyrus,hms-harmful-brain-activity-classification,1110,Jamal Saeedi,0.345625,9,2024-03-05 14:14:14,jamalsaeedi,ok
ebinan92,Ebi,hms-harmful-brain-activity-classification,1492,Ebi,0.401179,9,2024-02-20 13:57:44,ebinan92,ok
harshitsheoran,Harshit Sheoran,hms-harmful-brain-activity-classification,1648,Harshit Sheoran,0.438759,15,2024-01-30 17:10:44,harshitsheoran,ok
dc5e964768ef56302a32,Rib~,hms-harmful-brain-activity-classification,1911,Rib~,0.477285,7,2024-01-20 08:29:12,dc5e964768ef56302a32,ok
takoihiraokazu,Takoi,home-credit-credit-risk-model-stability,16,Rist Home Credit,0.66457,129,2024-05-27 12:57:16,"charmq,takoihiraokazu",ok
yuanzhezhou,yuanzhe zhou,home-credit-credit-risk-model-stability,34,ejwlk,0.66306,243,2024-05-26 18:20:04,"ethanwilk,yuanzhezhou",ok
simingtan,samuel tan,home-credit-credit-risk-model-stability,95,lunalu,0.66056,309,2024-05-27 16:34:15,"carrotvc,simingtan",ok
jaejohn,g john rao,home-credit-credit-risk-model-stability,110,johnny,0.66034,25,2024-05-24 14:19:34,jaejohn,ok
asalhi,Ali,home-credit-credit-risk-model-stability,270,Ali,0.65914,38,2024-05-27 17:37:34,asalhi,ok
mathurinache,Mathurin Ache,home-credit-credit-risk-model-stability,286,Mathurin Aché,0.65900,32,2024-05-23 05:53:33,mathurinache,ok
leehann,HZM,home-credit-credit-risk-model-stability,672,曾经我茫然前行,0.65429,127,2024-05-27 16:29:33,"cjzccc,crazyfire238,leehann,yiwenzhu777,zhangjiangguo",ok
pingfan,Baiph,home-credit-credit-risk-model-stability,686,Baiph,0.65413,5,2024-05-23 16:52:15,pingfan,ok
titericz,Giba,home-credit-credit-risk-model-stability,753,Giba,0.65367,2,2024-05-26 22:02:59,titericz,ok
mathurinache,Mathurin Ache,hotel-id-to-combat-human-trafficking-2022-fgvc9,51,Mathurin Aché,0.204,3,2022-04-24 13:20:50,mathurinache,ok
ren4yu,yu4u,hubmap-hacking-the-human-vasculature,6,yu4u,0.575,136,2023-07-31 15:40:26,ren4yu,ok
harshitsheoran,Harshit Sheoran,hubmap-hacking-the-human-vasculature,7,dice-roll 🎲,0.573,342,2023-07-31 13:24:35,"anonamename,harshitsheoran,kaerunantoka",ok
tascj0,tascj,hubmap-hacking-the-human-vasculature,52,tascj,0.522,5,2023-07-31 18:31:34,tascj0,ok
arunodhayan,Arunodhayan,hubmap-hacking-the-human-vasculature,189,Arunodhayan,0.476,103,2023-07-28 21:26:50,arunodhayan,ok
mathurinache,Mathurin Ache,hubmap-hacking-the-human-vasculature,232,Mathurin Aché,0.473,8,2023-07-17 16:45:33,mathurinache,ok
dipamc77,Dipam Chakraborty,hubmap-hacking-the-human-vasculature,418,Dipam Chakraborty,0.466,11,2023-07-23 17:20:45,dipamc77,ok
takoihiraokazu,Takoi,hubmap-hacking-the-human-vasculature,479,Takoi,0.449,1,2023-07-04 12:43:57,takoihiraokazu,ok
asalhi,Ali,hubmap-hacking-the-human-vasculature,607,Ali Salhi 🇵🇸,0.388,26,2023-06-27 22:48:04,asalhi,ok
leehann,HZM,hubmap-hacking-the-human-vasculature,707,Decalogue,0.344,36,2023-07-20 14:54:31,"decalogue,leehann",ok
jiweiliu,Jiwei Liu,hubmap-hacking-the-human-vasculature,779,Jiwei Liu,0.304,3,2023-07-10 15:04:42,"jiweiliu,xueerchen",ok
arunodhayan,Arunodhayan,hubmap-organ-segmentation,111,Arunodhayan,0.79229,325,2022-09-22 16:40:30,arunodhayan,ok
asalhi,Ali,hubmap-organ-segmentation,169,Ali Salhi 🇵🇸,0.75749,197,2022-09-22 19:48:37,asalhi,ok
mathurinache,Mathurin Ache,hubmap-organ-segmentation,173,°,0.75615,16,2022-09-13 12:29:54,mathurinache,ok
aypyaypy,AyPy,hubmap-organ-segmentation,379,ay_py,0.73199,20,2022-09-20 17:43:02,aypyaypy,ok
harshitsheoran,Harshit Sheoran,hubmap-organ-segmentation,501,Harshit Sheoran,0.65776,45,2022-07-29 11:00:13,harshitsheoran,ok
leehann,HZM,hubmap-organ-segmentation,1017,RICEDYS,0.36489,14,2022-08-29 05:07:49,leehann,ok
xiaoz259,xz,hull-tactical-market-prediction,56,numbers only go up,0.000,2,2025-10-01 04:27:35,xiaoz259,zero_score
mathurinache,Mathurin Ache,hull-tactical-market-prediction,154,Mathurin Aché,0.000,2,2025-11-10 07:12:21,mathurinache,zero_score
jsday96,James Day,hull-tactical-market-prediction,356,James Day,0.000,2,2025-10-01 01:20:25,jsday96,zero_score
dc5e964768ef56302a32,Rib~,hull-tactical-market-prediction,1188,Rib~,0.000,2,2025-11-07 05:47:11,dc5e964768ef56302a32,zero_score
yijiey,Luca,hull-tactical-market-prediction,3056,Luca,0.000,2,2025-12-15 06:10:59,yijiey,zero_score
simingtan,samuel tan,hull-tactical-market-prediction,3164,lunalu,0.000,2,2025-12-15 14:46:40,simingtan,zero_score
sayoulala,sayoulala,hull-tactical-market-prediction,3167,sayoulala,0.000,2,2025-12-15 14:53:40,sayoulala,zero_score
jamalsaeedi,Cyrus,hull-tactical-market-prediction,3239,Cyrus,0.000,2,2025-12-15 20:35:42,jamalsaeedi,zero_score
dipamc77,Dipam Chakraborty,icecube-neutrinos-in-deep-ice,3,GPUs on Ice,0.962769,15,2023-04-19 11:51:28,dipamc77,ok
mathurinache,Mathurin Ache,icecube-neutrinos-in-deep-ice,174,Mathurin Aché,1.017384,17,2023-03-26 19:30:16,mathurinache,ok
asalhi,Ali,icecube-neutrinos-in-deep-ice,342,Ali Salhi 🇵🇸,1.017388,8,2023-04-09 05:41:18,asalhi,ok
cdeotte,Chris Deotte,icr-identify-age-related-conditions,2,Chris Deotte,0.00482,76,2023-08-09 23:25:51,cdeotte,ok
aypyaypy,AyPy,icr-identify-age-related-conditions,41,AyPy,0.05756,14,2023-08-08 13:58:29,aypyaypy,ok
leehann,HZM,icr-identify-age-related-conditions,221,DYS,0.06518,18,2023-08-09 17:53:15,"guanxiaolong,leehann",ok
arunodhayan,Arunodhayan,icr-identify-age-related-conditions,437,Arunodhayan,0.06596,15,2023-08-10 13:05:35,arunodhayan,ok
mathurinache,Mathurin Ache,icr-identify-age-related-conditions,519,Mathurin Aché,0.06613,19,2023-07-27 14:39:01,mathurinache,ok
titericz,Giba,icr-identify-age-related-conditions,526,Giba,0.06613,48,2023-08-10 23:07:55,titericz,ok
asalhi,Ali,icr-identify-age-related-conditions,1449,Ali Salhi 🇵🇸,0.07336,18,2023-06-27 22:53:39,asalhi,ok
hydantess,hyd,icr-identify-age-related-conditions,2129,hyd,0.13945,32,2023-08-10 12:25:44,hydantess,ok
samson8,Yurnero,icr-identify-age-related-conditions,2441,мусор,0.16292,9,2023-08-09 18:04:10,samson8,ok
cpmpml,CPMP,icr-identify-age-related-conditions,2787,CPMP,0.18108,20,2023-08-10 22:44:30,cpmpml,ok
w5833946,Ruby,icr-identify-age-related-conditions,2842,Ruby,0.18432,3,2023-06-19 17:10:50,w5833946,ok
jiweiliu,Jiwei Liu,icr-identify-age-related-conditions,3259,AXX,0.21102,13,2023-07-02 15:22:32,"jiweiliu,xueerchen",ok
takoihiraokazu,Takoi,icr-identify-age-related-conditions,3270,Takoi,0.21248,4,2023-05-22 11:11:13,takoihiraokazu,ok
brendanartley,Bartley,icr-identify-age-related-conditions,3528,Roll the dice,0.22826,2,2023-07-27 00:02:37,brendanartley,ok
christofhenkel,Dieter,image-matching-challenge-2022,13,Dieter - Remek,0.84077,158,2022-06-02 14:16:22,"christofhenkel,remekkinas",ok
ren4yu,yu4u,image-matching-challenge-2022,41,ゆるふわ,0.81132,131,2022-06-02 14:57:32,"bamps53,iiyamaiiyama,kyoshioka47,ren4yu,yukkyo",ok
chack3,ohkawa3,image-matching-challenge-2022,53,ohkawa3,0.80238,31,2022-06-02 09:51:42,chack3,ok
cpmpml,CPMP,image-matching-challenge-2022,114,CPMP,0.73636,29,2022-05-28 20:45:07,cpmpml,ok
mathurinache,Mathurin Ache,image-matching-challenge-2022,217,Mathurin Aché,0.72612,34,2022-05-14 16:45:38,mathurinache,ok
titericz,Giba,image-matching-challenge-2022,572,Giba,0.69067,2,2022-06-01 22:25:31,titericz,ok
mathurinache,Mathurin Ache,image-matching-challenge-2023,6,MA,0.482,137,2023-06-12 12:11:09,mathurinache,ok
leehann,HZM,image-matching-challenge-2023,7,RAWD,0.473,85,2023-06-12 09:46:45,"leehann,puyuzhou,royersha,wang92",ok
christofhenkel,Dieter,image-matching-challenge-2023,393,Dieter,0.016,1,2023-04-29 15:40:01,christofhenkel,ok
ebinan92,Ebi,image-matching-challenge-2023,428,Ebi,0.001,2,2023-04-26 14:12:47,ebinan92,ok
mathurinache,Mathurin Ache,image-matching-challenge-2024,39,Mathurin Aché,0.170326,44,2024-06-01 21:01:31,mathurinache,ok
yuanzhezhou,yuanzhe zhou,image-matching-challenge-2024,68,yuanzhe zhou,0.155354,142,2024-06-03 00:59:51,yuanzhezhou,ok
jaejohn,g john rao,image-matching-challenge-2024,311,johnny,0.134057,21,2024-06-02 07:09:14,jaejohn,ok
ebinan92,Ebi,image-matching-challenge-2024,667,Ebi,0.118107,13,2024-05-03 05:13:02,ebinan92,ok
mathurinache,Mathurin Ache,image-matching-challenge-2025,21,MA,40.42,122,2025-06-02 14:41:58,mathurinache,ok
yuanzhezhou,yuanzhe zhou,image-matching-challenge-2025,185,ANANDIYA SHEEL DIWAN,33.05,256,2025-06-02 18:43:15,"asdkarma,bhavesjain,yuanzhezhou",ok
jaejohn,g john rao,image-matching-challenge-2025,495,john,30.53,39,2025-06-01 14:58:13,jaejohn,ok
jamalsaeedi,Cyrus,image-matching-challenge-2025,535,Jamal Saeedi,30.25,20,2025-06-02 18:16:59,jamalsaeedi,ok
chack3,ohkawa3,image-matching-challenge-2025,609,ohkawa3,29.46,7,2025-05-01 11:30:44,chack3,ok
takoihiraokazu,Takoi,image-matching-challenge-2025,797,Takoi,25.86,1,2025-06-02 04:00:31,takoihiraokazu,ok
hydantess,hyd,isic-2024-challenge,2,hyd,0.18839,114,2024-09-06 19:40:46,hydantess,ok
nikitababich,Nikita Babych,isic-2024-challenge,3,Nikita Babich,0.18827,298,2024-09-06 10:30:32,nikitababich,ok
takoihiraokazu,Takoi,isic-2024-challenge,4,RistDerm GMs,0.18774,175,2024-09-06 01:21:52,"charmq,takoihiraokazu",ok
tomoon33,tomoon33,isic-2024-challenge,25,Yakiniku,0.18635,285,2024-09-06 11:34:05,"ozhiro,sh2967,shinaggle,tomoon33",ok
mathurinache,Mathurin Ache,isic-2024-challenge,30,M,0.18617,49,2024-09-06 12:09:13,mathurinache,ok
titericz,Giba,isic-2024-challenge,56,Giba,0.18576,101,2024-09-06 18:57:44,titericz,ok
jaejohn,g john rao,isic-2024-challenge,68,johnny,0.18571,59,2024-09-06 16:43:10,jaejohn,ok
asalhi,Ali,isic-2024-challenge,219,Ali Salhi,0.18535,29,2024-09-06 10:33:15,asalhi,ok
yuanzhezhou,yuanzhe zhou,isic-2024-challenge,521,yuanzhe zhou,0.18468,19,2024-09-06 14:05:23,yuanzhezhou,ok
samson8,Yurnero,isic-2024-challenge,576,Erika,0.18452,51,2024-09-06 14:24:30,"ivanvybornov,samson8",ok
pingfan,Baiph,isic-2024-challenge,706,Baiph,0.18446,4,2024-08-31 16:06:45,pingfan,ok
ren4yu,yu4u,isic-2024-challenge,791,Do GO Me,0.18412,50,2024-09-06 15:41:33,"calpis10000,ren4yu,tattaka",ok
leehann,HZM,isic-2024-challenge,936,DaydaycodingDaydayup,0.18412,36,2024-09-03 11:07:25,"daydaycodingdaydayup,leehann",ok
arunodhayan,Arunodhayan,isic-2024-challenge,1087,Arunodhayan,0.18345,234,2024-09-05 21:09:11,arunodhayan,ok
aerdem4,Ahmet Erdem,isic-2024-challenge,1333,Ahmet Erdem,0.17974,25,2024-08-12 17:53:33,aerdem4,ok
christofhenkel,Dieter,isic-2024-challenge,2170,Dieter,0.15813,3,2024-07-15 18:13:52,christofhenkel,ok
dc5e964768ef56302a32,Rib~,jane-street-real-time-market-data-forecasting,1,ms capital,0.013890,2,2025-06-16 20:22:43,"chenxin1991,dc5e964768ef56302a32,wht1996",ok
yuanzhezhou,yuanzhe zhou,jane-street-real-time-market-data-forecasting,3,shorturl.at/LKhAD,0.013163,2,2025-06-16 20:22:43,yuanzhezhou,ok
hydantess,hyd,jane-street-real-time-market-data-forecasting,5,hyd,0.011449,2,2025-06-16 20:22:43,hydantess,ok
aerdem4,Ahmet Erdem,jane-street-real-time-market-data-forecasting,31,Ahmet Erdem,0.008680,2,2025-06-16 20:22:45,aerdem4,ok
xiaoz259,xz,jane-street-real-time-market-data-forecasting,37,Xz,0.008392,2,2025-06-16 20:22:46,xiaoz259,ok
yijiey,Luca,jane-street-real-time-market-data-forecasting,48,Yakit,0.008165,2,2025-06-16 20:22:53,yijiey,ok
titericz,Giba,jane-street-real-time-market-data-forecasting,181,Giba,0.007669,1,2025-06-16 20:22:39,titericz,ok
mathurinache,Mathurin Ache,jane-street-real-time-market-data-forecasting,658,Mathurin Aché,0.007607,1,2025-06-16 20:22:55,mathurinache,ok
wowfattie,Guanshuo Xu,jigsaw-agile-community-rules,1,Guanshuo Xu,0.93476,267,2025-10-23 01:47:12,wowfattie,ok
cnumber,c-number,jigsaw-agile-community-rules,2,Flash ⚡,0.93472,465,2025-10-23 10:59:00,"benbla,cnumber,ivanisaev,kishanvavdara,raki21",ok
ebinan92,Ebi,jigsaw-agile-community-rules,11,Ebi,0.93270,159,2025-10-23 10:43:20,ebinan92,ok
nikitababich,Nikita Babych,jigsaw-agile-community-rules,13,Nikita Babych,0.93244,396,2025-10-23 10:51:21,nikitababich,ok
aerdem4,Ahmet Erdem,jigsaw-agile-community-rules,22,Raja & Ahmet,0.93139,104,2025-10-21 13:51:34,"aerdem4,conjuring92",ok
conjuring92,Raja Biswas,jigsaw-agile-community-rules,22,Raja & Ahmet,0.93139,104,2025-10-21 13:51:34,"aerdem4,conjuring92",ok
leehann,HZM,jigsaw-agile-community-rules,24,B&Z&H,0.93116,309,2025-10-23 10:42:17,"leehann,pingfan,zxc123cc",ok
pingfan,Baiph,jigsaw-agile-community-rules,24,B&Z&H,0.93116,309,2025-10-23 10:42:17,"leehann,pingfan,zxc123cc",ok
philippsinger,Psi,jigsaw-agile-community-rules,25,PPD,0.93087,135,2025-10-23 12:17:31,"dott1718,ilu000,philippsinger",ok
cpmpml,CPMP,jigsaw-agile-community-rules,34,CPMP,0.93002,47,2025-10-23 12:35:24,cpmpml,ok
mathurinache,Mathurin Ache,jigsaw-agile-community-rules,74,Mathurin Aché,0.92876,37,2025-10-17 19:27:11,mathurinache,ok
sayoulala,sayoulala,jigsaw-agile-community-rules,101,sayoulala,0.92811,79,2025-10-23 12:08:28,sayoulala,ok
yuanzhezhou,yuanzhe zhou,jigsaw-agile-community-rules,102,T|W|A|Z,0.92810,312,2025-10-23 12:58:14,"alihaiderahmad,wscmisx,yanzhou06,yuanzhezhou",ok
hydantess,hyd,jigsaw-agile-community-rules,117,hyd,0.92757,66,2025-10-23 11:23:10,hydantess,ok
cdeotte,Chris Deotte,jigsaw-agile-community-rules,131,Chris Deotte,0.92693,54,2025-10-23 10:54:44,cdeotte,ok
jamalsaeedi,Cyrus,jigsaw-agile-community-rules,239,CyrusAI,0.92184,16,2025-10-23 14:07:28,jamalsaeedi,ok
yijiey,Luca,jigsaw-agile-community-rules,252,Luca,0.92106,19,2025-10-23 11:06:29,yijiey,ok
titericz,Giba,jigsaw-agile-community-rules,301,Giba,0.91990,27,2025-10-23 17:43:31,titericz,ok
tascj0,tascj,jigsaw-agile-community-rules,375,tascj,0.91802,2,2025-10-23 14:38:54,tascj0,ok
tonylica,Tony Li,jigsaw-agile-community-rules,394,Tony Li,0.91796,36,2025-10-21 00:43:10,tonylica,ok
takoihiraokazu,Takoi,jigsaw-agile-community-rules,514,Takoi,0.91793,1,2025-10-23 07:43:01,takoihiraokazu,ok
guoooooooss,guo dashuai,jigsaw-agile-community-rules,549,guo dashuai,0.91666,113,2025-10-23 09:10:19,guoooooooss,ok
asalhi,Ali,jigsaw-agile-community-rules,961,Ali,0.91246,45,2025-08-24 23:08:13,asalhi,ok
jiweiliu,Jiwei Liu,jigsaw-agile-community-rules,1093,Jiwei Liu,0.90714,1,2025-08-21 03:41:21,jiweiliu,ok
jaejohn,g john rao,jigsaw-agile-community-rules,1638,john,0.64820,5,2025-07-24 08:46:14,jaejohn,ok
darraghdog,Darragh,jigsaw-agile-community-rules,1741,Darragh,0.61589,25,2025-09-16 08:46:11,darraghdog,ok
leehann,HZM,jigsaw-toxic-severity-rating,46,luck is all we need,0.90584,101,2022-02-07 19:12:15,"alexdeep2000,jerryqisun,leehann,temple520,zhuhaoqi",ok
cdeotte,Chris Deotte,jigsaw-toxic-severity-rating,62,Chris Deotte,0.90486,55,2022-02-06 14:49:17,cdeotte,ok
mathurinache,Mathurin Ache,jigsaw-toxic-severity-rating,223,Prevision.io,0.90410,40,2022-02-07 07:51:28,mathurinache,ok
asalhi,Ali,jigsaw-toxic-severity-rating,254,Ali Salhi 🇵🇸,0.90279,386,2022-02-07 19:20:37,asalhi,ok
titericz,Giba,jigsaw-toxic-severity-rating,385,Giba,0.90018,5,2022-02-07 12:06:31,titericz,ok
yuanzhezhou,yuanzhe zhou,jigsaw-toxic-severity-rating,467,yuanzhe zhou,0.89920,2,2022-02-07 06:16:00,yuanzhezhou,ok
hydantess,hyd,jigsaw-toxic-severity-rating,619,hyd,0.89158,288,2022-02-06 05:25:19,hydantess,ok
christofhenkel,Dieter,jigsaw-toxic-severity-rating,1510,Dieter,0.83585,70,2022-02-07 16:47:05,"christofhenkel,cpmpml",ok
cpmpml,CPMP,jigsaw-toxic-severity-rating,1510,Dieter,0.83585,70,2022-02-07 16:47:05,"christofhenkel,cpmpml",ok
conjuring92,Raja Biswas,jigsaw-toxic-severity-rating,1596,Raja Biswas,0.82257,14,2022-02-06 06:13:04,conjuring92,ok
sayoulala,sayoulala,jigsaw-toxic-severity-rating,1610,sayoulala,0.82148,30,2021-12-07 11:53:21,sayoulala,ok
wowfattie,Guanshuo Xu,jigsaw-toxic-severity-rating,1853,Guanshuo Xu,0.78796,2,2022-02-07 14:52:30,wowfattie,ok
cnumber,c-number,jigsaw-toxic-severity-rating,1918,c-number,0.77032,2,2022-01-07 14:38:26,cnumber,ok
hydantess,hyd,jpx-tokyo-stock-exchange-prediction,335,hyd,0.107,2,2022-07-05 02:28:43,hydantess,ok
mathurinache,Mathurin Ache,jpx-tokyo-stock-exchange-prediction,639,M,0.023,2,2022-07-01 12:43:01,mathurinache,ok
yuanzhezhou,yuanzhe zhou,jpx-tokyo-stock-exchange-prediction,667,simple gbdt,0.009,2,2022-07-05 18:24:32,"yuanxinzheng,yuanzhezhou",ok
cpmpml,CPMP,jpx-tokyo-stock-exchange-prediction,899,CPMP,-0.155,2,2022-06-18 19:14:07,"anmolgupta11090,cpmpml,izzyputterman,thorinthorin",ok
philippsinger,Psi,kaggle-llm-science-exam,1,Team H2O LLM Studio,0.940907,435,2023-10-10 14:05:42,"ilu000,philippsinger,ybabakhin",ok
sayoulala,sayoulala,kaggle-llm-science-exam,3,Life is full of surprise,0.934040,222,2023-10-10 15:30:52,"chizhu2018,hengzheng,sayoulala,syzong,tilbur",ok
conjuring92,Raja Biswas,kaggle-llm-science-exam,7,RAG to riches,0.930295,274,2023-10-10 15:29:21,"abhishek,conjuring92,nbroad,trushk,ubamba98",ok
titericz,Giba,kaggle-llm-science-exam,11,Contextual kagglers,0.928422,294,2023-10-10 15:04:19,"alexryzhkov,ey4read1mk4realtv,olyatsimboy,titericz",ok
leehann,HZM,kaggle-llm-science-exam,13,TT,0.928422,128,2023-10-09 07:28:17,"bladerunner2022,ianianh,leehann,yingfengyu",ok
samson8,Yurnero,kaggle-llm-science-exam,32,4 anchors and 1 captain,0.920099,324,2023-10-10 06:23:55,"eduperez08,gentlezdh,liushundawang,nandodmelo,samson8",ok
cdeotte,Chris Deotte,kaggle-llm-science-exam,58,Chris Deotte,0.916354,194,2023-10-10 16:38:54,cdeotte,ok
brendanartley,Bartley,kaggle-llm-science-exam,181,Bartley,0.905742,44,2023-10-10 13:39:44,brendanartley,ok
tomirol,matheus,kaggle-llm-science-exam,188,tomirol,0.905326,111,2023-10-05 00:29:15,tomirol,ok
dipamc77,Dipam Chakraborty,kaggle-llm-science-exam,191,One RAG to rule them all,0.905118,65,2023-10-10 13:01:13,dipamc77,ok
arc144,Eduardo Rocha de Andrade,kaggle-llm-science-exam,253,One week sprint 🫠,0.898044,6,2023-10-07 15:02:07,arc144,ok
cpmpml,CPMP,kaggle-llm-science-exam,271,CPMP,0.895339,118,2023-10-10 15:31:57,cpmpml,ok
tatamikenn,Bilzard,kaggle-llm-science-exam,350,bilzard,0.881190,17,2023-10-10 19:11:22,tatamikenn,ok
takoihiraokazu,Takoi,kaggle-llm-science-exam,403,Takoi,0.874531,2,2023-10-07 20:30:01,takoihiraokazu,ok
mathurinache,Mathurin Ache,kaggle-llm-science-exam,569,Mathurin Aché,0.872867,37,2023-10-05 12:23:37,mathurinache,ok
asalhi,Ali,kaggle-llm-science-exam,693,Ali Salhi 🇵🇸,0.868289,25,2023-10-05 06:58:39,asalhi,ok
jsday96,James Day,kaggle-llm-science-exam,1968,James Day,0.674781,4,2023-07-17 11:12:15,jsday96,ok
arunodhayan,Arunodhayan,konwinski-prize,136,Arunodhayan,0.000000,2,2025-03-06 04:27:53,arunodhayan,zero_score
aerdem4,Ahmet Erdem,konwinski-prize,279,kgmon,0.000000,2,2025-03-07 16:18:12,"aerdem4,cpmpml,darraghdog,maxjeblick,simjeg",zero_score
cpmpml,CPMP,konwinski-prize,279,kgmon,0.000000,2,2025-03-07 16:18:12,"aerdem4,cpmpml,darraghdog,maxjeblick,simjeg",zero_score
darraghdog,Darragh,konwinski-prize,279,kgmon,0.000000,2,2025-03-07 16:18:12,"aerdem4,cpmpml,darraghdog,maxjeblick,simjeg",zero_score
yuanzhezhou,yuanzhe zhou,konwinski-prize,312,first lucky gold!,0.000000,2,2025-03-11 04:58:17,yuanzhezhou,zero_score
mathurinache,Mathurin Ache,konwinski-prize,321,Mathurin Aché,0.000000,2,2025-03-12 06:56:43,mathurinache,zero_score
guoooooooss,guo dashuai,konwinski-prize,342,guo dashuai,0.000000,2,2025-03-08 14:32:29,guoooooooss,zero_score
xiaoz259,xz,konwinski-prize,344,Xz,0.000000,2,2025-03-10 00:14:11,xiaoz259,zero_score
asalhi,Ali,konwinski-prize,353,Ali,0.000000,2,2025-03-09 12:24:28,asalhi,zero_score
arc144,Eduardo Rocha de Andrade,konwinski-prize,366,Eduardo Rocha de Andrade,0.000000,2,2025-03-10 21:42:02,arc144,zero_score
cnumber,c-number,konwinski-prize,447,c-number,0.000000,2,2025-03-12 04:04:25,cnumber,zero_score
pressman1,IsaiahP,kore-2022,23,LiamKirwin,1318.1,33,2022-06-28 03:14:23,"del=1706b42dee6ba6d1,lpkirwin,pressman1",ok
mathurinache,Mathurin Ache,kore-2022,91,MA,937.4,22,2022-07-12 20:30:12,mathurinache,ok
mathurinache,Mathurin Ache,kore-2022-beta,39,Mathurin Aché,822.8,2,2022-03-21 07:56:47,mathurinache,ok
takoihiraokazu,Takoi,leap-atmospheric-physics-ai-climsim,1,KTK (w/o leak: lb 0.79193),0.80526,86,2024-07-15 22:23:10,"kami634,kurupical,takoihiraokazu",ok
ren4yu,yu4u,leap-atmospheric-physics-ai-climsim,12,GO & kaerururu  (w/o leak),0.78824,58,2024-07-15 18:53:12,"kaerunantoka,kuto0633,ren4yu,tattaka",ok
chack3,ohkawa3,leap-atmospheric-physics-ai-climsim,13,ohkawa3 w/o leak,0.78810,83,2024-07-15 17:22:05,chack3,ok
tatamikenn,Bilzard,leap-atmospheric-physics-ai-climsim,14,Updraft (w/o leak),0.78803,131,2024-07-15 21:41:23,"phalanx,ryches,tatamikenn,tereka",ok
dc5e964768ef56302a32,Rib~,leap-atmospheric-physics-ai-climsim,15,Ethan & Rib~(no leak),0.78774,76,2024-07-15 12:49:54,"chenxin1991,dc5e964768ef56302a32",ok
aerdem4,Ahmet Erdem,leap-atmospheric-physics-ai-climsim,16,w/o leak →,0.78748,71,2024-07-15 23:08:09,"aerdem4,onodera,titericz",ok
titericz,Giba,leap-atmospheric-physics-ai-climsim,16,w/o leak →,0.78748,71,2024-07-15 23:08:09,"aerdem4,onodera,titericz",ok
hydantess,hyd,leap-atmospheric-physics-ai-climsim,19,hyd,0.78697,5,2024-07-15 23:45:56,hydantess,ok
yuanzhezhou,yuanzhe zhou,leap-atmospheric-physics-ai-climsim,20,Asia good friends (sans leak),0.78620,49,2024-07-15 16:07:09,yuanzhezhou,ok
mathurinache,Mathurin Ache,leap-atmospheric-physics-ai-climsim,22,M,0.78538,14,2024-07-15 21:38:04,mathurinache,ok
daiwakun,daiwakun,leap-atmospheric-physics-ai-climsim,23,YT's Labo,0.78366,22,2024-07-13 00:27:53,"daiwakun,otkmtn",ok
pingfan,Baiph,leap-atmospheric-physics-ai-climsim,108,Baiph,0.71985,45,2024-07-12 12:57:47,pingfan,ok
jaejohn,g john rao,leap-atmospheric-physics-ai-climsim,394,johnny,0.68634,18,2024-07-08 16:21:56,jaejohn,ok
sayoulala,sayoulala,leap-atmospheric-physics-ai-climsim,620,sayoulala,0.48296,3,2024-06-30 02:11:01,sayoulala,ok
sayoulala,sayoulala,learning-agency-lab-automated-essay-scoring-2,3,GPU From onethingai.com,0.82829,130,2024-06-30 16:57:54,"hengzheng,hookman,sayoulala",ok
cdeotte,Chris Deotte,learning-agency-lab-automated-essay-scoring-2,5,Chris Deotte,0.82730,245,2024-06-29 23:51:33,cdeotte,ok
yuanzhezhou,yuanzhe zhou,learning-agency-lab-automated-essay-scoring-2,56,yuanzhe zhou,0.82444,47,2024-07-01 06:32:24,yuanzhezhou,ok
asalhi,Ali,learning-agency-lab-automated-essay-scoring-2,211,Ali,0.82433,57,2024-06-30 09:47:50,asalhi,ok
mathurinache,Mathurin Ache,learning-agency-lab-automated-essay-scoring-2,311,Mathurin Aché,0.82433,25,2024-07-01 06:25:43,mathurinache,ok
jaejohn,g john rao,learning-agency-lab-automated-essay-scoring-2,322,johnny,0.82433,13,2024-06-29 12:11:34,jaejohn,ok
pingfan,Baiph,learning-agency-lab-automated-essay-scoring-2,599,shake shake shake,0.82408,130,2024-06-29 15:58:49,"pingfan,tianhengqiu,zxc123cc",ok
ferdinandlimburg,flg,learning-agency-lab-automated-essay-scoring-2,611,flg,0.82361,211,2024-07-02 15:21:38,ferdinandlimburg,ok
leehann,HZM,learning-agency-lab-automated-essay-scoring-2,617,Kirin,0.82348,423,2024-07-02 14:30:12,"cjzccc,evgeniimaslov2,leehann,wuwenmin,xyzdivergence",ok
samson8,Yurnero,learning-agency-lab-automated-essay-scoring-2,762,Erika,0.82213,30,2024-07-02 12:29:29,samson8,ok
nikitababich,Nikita Babych,learning-agency-lab-automated-essay-scoring-2,922,Nikita Babich,0.82134,24,2024-06-26 09:24:12,nikitababich,ok
titericz,Giba,learning-agency-lab-automated-essay-scoring-2,991,Giba,0.82033,5,2024-06-05 13:48:31,titericz,ok
philippsinger,Psi,learning-agency-lab-automated-essay-scoring-2,1207,Psi,0.81750,36,2024-07-02 16:45:26,philippsinger,ok
tascj0,tascj,learning-agency-lab-automated-essay-scoring-2,1277,tascj,0.81578,6,2024-07-02 13:14:55,tascj0,ok
aerdem4,Ahmet Erdem,learning-agency-lab-automated-essay-scoring-2,1309,Ahmet Erdem,0.81528,32,2024-06-27 11:58:28,aerdem4,ok
cpmpml,CPMP,learning-agency-lab-automated-essay-scoring-2,1492,CPMP,0.80986,47,2024-07-02 22:31:32,cpmpml,ok
cnumber,c-number,learning-agency-lab-automated-essay-scoring-2,1710,c-number,0.80077,11,2024-04-27 06:28:33,cnumber,ok
aerdem4,Ahmet Erdem,learning-equality-curriculum-recommendations,1,EPICURUS,0.72714,74,2023-03-14 05:25:13,aerdem4,ok
sayoulala,sayoulala,learning-equality-curriculum-recommendations,3,X+Y+Z^3,0.71593,301,2023-03-14 14:58:21,"hengzheng,sayoulala,syzong,xiamaozi11,yzheng21",ok
philippsinger,Psi,learning-equality-curriculum-recommendations,4,Team Hydrogen,0.71446,58,2023-03-14 19:09:18,"ilu000,philippsinger",ok
conjuring92,Raja Biswas,learning-equality-curriculum-recommendations,6,Team Turing,0.71086,384,2023-03-14 17:09:21,"conjuring92,harshit92,syhens,thedrcat,trushk",ok
takoihiraokazu,Takoi,learning-equality-curriculum-recommendations,31,Takoi,0.64551,90,2023-03-14 05:05:58,takoihiraokazu,ok
dc5e964768ef56302a32,Rib~,learning-equality-curriculum-recommendations,56,Ria~,0.60054,118,2023-03-14 17:31:54,"dc5e964768ef56302a32,emiria",ok
wowfattie,Guanshuo Xu,learning-equality-curriculum-recommendations,114,Guanshuo Xu,0.52142,14,2023-03-13 21:04:59,wowfattie,ok
asalhi,Ali,learning-equality-curriculum-recommendations,190,Ali Salhi 🇵🇸,0.47878,50,2023-03-10 04:42:57,asalhi,ok
leehann,HZM,learning-equality-curriculum-recommendations,199,DYS,0.47743,60,2023-03-07 02:55:58,leehann,ok
mathurinache,Mathurin Ache,learning-equality-curriculum-recommendations,346,Mathurin Aché,0.46717,14,2023-03-07 13:40:26,mathurinache,ok
titericz,Giba,learning-equality-curriculum-recommendations,378,Giba,0.46717,2,2023-03-07 14:44:08,titericz,ok
hydantess,hyd,learning-equality-curriculum-recommendations,1031,hyd,0.00000,1,2022-12-26 12:08:44,hydantess,ok
christofhenkel,Dieter,leash-BELKA,1,DDMU,0.53544,458,2024-07-08 23:24:29,"christofhenkel,darraghdog,sorkun,ubique",ok
darraghdog,Darragh,leash-BELKA,1,DDMU,0.53544,458,2024-07-08 23:24:29,"christofhenkel,darraghdog,sorkun,ubique",ok
aypyaypy,AyPy,leash-BELKA,5,AyPy,0.51533,262,2024-07-08 23:56:34,aypyaypy,ok
w5833946,Ruby,leash-BELKA,6,Ruby,0.51155,138,2024-07-07 13:34:13,w5833946,ok
ren4yu,yu4u,leash-BELKA,7,GORNA,0.50735,108,2024-07-08 06:14:14,"fuumin621,ren4yu",ok
tomoon33,tomoon33,leash-BELKA,15,tomoon33,0.49167,327,2024-07-08 14:24:20,tomoon33,ok
yuanzhezhou,yuanzhe zhou,leash-BELKA,29,lstm one fold LB 0.361,0.47469,141,2024-07-08 09:50:33,yuanzhezhou,ok
mathurinache,Mathurin Ache,leash-BELKA,189,Mathurin Aché,0.45404,26,2024-07-01 06:37:31,mathurinache,ok
arunodhayan,Arunodhayan,leash-BELKA,218,Arunodhayan,0.45243,45,2024-06-28 14:56:10,arunodhayan,ok
jaejohn,g john rao,leash-BELKA,260,johnny,0.45002,10,2024-06-29 11:00:07,jaejohn,ok
asalhi,Ali,leash-BELKA,469,Ali,0.43520,94,2024-05-21 20:19:50,asalhi,ok
christofhenkel,Dieter,linking-writing-processes-to-writing-quality,4,DD,0.572083,81,2024-01-09 10:09:12,"christofhenkel,darraghdog",ok
darraghdog,Darragh,linking-writing-processes-to-writing-quality,4,DD,0.572083,81,2024-01-09 10:09:12,"christofhenkel,darraghdog",ok
philippsinger,Psi,linking-writing-processes-to-writing-quality,5,Jacoby Jaeger,0.572187,162,2024-01-09 22:18:09,"ilu000,jacobyjaeger,philippsinger",ok
mathurinache,Mathurin Ache,linking-writing-processes-to-writing-quality,13,MA,0.574502,66,2024-01-09 19:01:29,mathurinache,ok
leehann,HZM,linking-writing-processes-to-writing-quality,16,H&X&C&X&Z,0.574734,305,2024-01-09 16:45:52,"albert2017,cjzccc,gentlezdh,leehann,tonymarkchris",ok
yuanzhezhou,yuanzhe zhou,linking-writing-processes-to-writing-quality,18,No Lucky but Just Trust CV,0.574920,427,2024-01-07 05:32:29,"huchenjiang,lftuwujie,weipengzhang,yuanzhezhou",ok
titericz,Giba,linking-writing-processes-to-writing-quality,218,Giba,0.578713,15,2024-01-09 19:00:15,titericz,ok
hydantess,hyd,linking-writing-processes-to-writing-quality,531,hyd,0.579020,36,2024-01-05 09:28:51,hydantess,ok
samson8,Yurnero,linking-writing-processes-to-writing-quality,595,samson,0.579851,84,2024-01-05 14:44:17,samson8,ok
asalhi,Ali,linking-writing-processes-to-writing-quality,611,Ali Salhi 🇵🇸,0.580151,35,2024-01-03 06:46:41,asalhi,ok
pingfan,Baiph,linking-writing-processes-to-writing-quality,701,Baiph,0.582286,2,2023-12-09 14:24:43,pingfan,ok
dc5e964768ef56302a32,Rib~,linking-writing-processes-to-writing-quality,869,Rib~,0.583039,46,2024-01-01 09:07:06,dc5e964768ef56302a32,ok
sayoulala,sayoulala,linking-writing-processes-to-writing-quality,929,sayoulala,0.584787,7,2023-12-28 10:04:38,sayoulala,ok
nikitababich,Nikita Babych,linking-writing-processes-to-writing-quality,958,Nikita Babich,0.585442,7,2023-12-19 00:03:58,nikitababich,ok
takoihiraokazu,Takoi,linking-writing-processes-to-writing-quality,1006,Takoi,0.587494,20,2024-01-07 10:39:35,takoihiraokazu,ok
brendanartley,Bartley,linking-writing-processes-to-writing-quality,1087,Bartley,0.591106,9,2024-01-09 23:32:04,brendanartley,ok
cpmpml,CPMP,linking-writing-processes-to-writing-quality,1796,CPMP,0.981286,1,2023-12-12 19:41:43,cpmpml,ok
cnumber,c-number,llm-20-questions,1,c-number,1259.9,2,2024-08-13 17:49:21,cnumber,ok
yuanzhezhou,yuanzhe zhou,llm-20-questions,14,zzzz,1085.8,2,2024-08-13 15:17:46,yuanzhezhou,ok
titericz,Giba,llm-20-questions,113,Giba,792.4,2,2024-08-13 23:55:25,titericz,ok
asalhi,Ali,llm-20-questions,174,Ali,709.1,2,2024-08-12 04:58:29,asalhi,ok
cdeotte,Chris Deotte,llm-20-questions,311,Chris Deotte,622.8,2,2024-08-11 17:47:23,cdeotte,ok
jaejohn,g john rao,llm-20-questions,334,johnny,617.9,2,2024-07-26 09:43:43,jaejohn,ok
mathurinache,Mathurin Ache,llm-20-questions,485,Mathurin Aché,594.1,2,2024-07-21 19:39:40,mathurinache,ok
christofhenkel,Dieter,llm-detect-ai-generated-text,1,LLMLab,0.990206,376,2024-01-22 14:31:43,"christofhenkel,darraghdog,tivfrvqhs5",ok
darraghdog,Darragh,llm-detect-ai-generated-text,1,LLMLab,0.990206,376,2024-01-22 14:31:43,"christofhenkel,darraghdog,tivfrvqhs5",ok
asalhi,Ali,llm-detect-ai-generated-text,2,Secret Sauce,0.986926,361,2024-01-22 22:06:36,asalhi,ok
cpmpml,CPMP,llm-detect-ai-generated-text,4,CPMP,0.982436,303,2024-01-22 21:29:50,cpmpml,ok
philippsinger,Psi,llm-detect-ai-generated-text,6,Psi,0.981101,350,2024-01-22 19:15:43,philippsinger,ok
conjuring92,Raja Biswas,llm-detect-ai-generated-text,9,🔍 📝 🕵️‍♂️ 🤖,0.979485,331,2024-01-22 08:15:26,"conjuring92,nbroad,ubamba98",ok
wowfattie,Guanshuo Xu,llm-detect-ai-generated-text,17,Guanshuo Xu,0.976187,74,2024-01-22 03:22:20,wowfattie,ok
jsday96,James Day,llm-detect-ai-generated-text,22,Linguistic Ninjas,0.972763,289,2024-01-22 13:39:44,"domdejonge,hirokitanio,jsday96,poskok,tarobxl",ok
mathurinache,Mathurin Ache,llm-detect-ai-generated-text,24,MA,0.972491,160,2024-01-22 11:54:08,mathurinache,ok
aerdem4,Ahmet Erdem,llm-detect-ai-generated-text,81,Ahmet Erdem,0.967211,160,2024-01-22 14:58:55,aerdem4,ok
titericz,Giba,llm-detect-ai-generated-text,208,Giba,0.964391,228,2024-01-22 21:45:12,titericz,ok
pingfan,Baiph,llm-detect-ai-generated-text,331,Baiph,0.963466,94,2024-01-21 13:44:19,pingfan,ok
takoihiraokazu,Takoi,llm-detect-ai-generated-text,625,Takoi,0.963037,2,2024-01-15 22:12:45,takoihiraokazu,ok
leehann,HZM,llm-detect-ai-generated-text,1156,H&W&X&W,0.962109,88,2024-01-22 11:09:55,"leehann,penpen926,renyiwei,tonymarkchris,wuwenmin",ok
dc5e964768ef56302a32,Rib~,llm-detect-ai-generated-text,1344,Rib~,0.961069,17,2024-01-03 11:44:23,dc5e964768ef56302a32,ok
xiaoz259,xz,llm-detect-ai-generated-text,1553,xz,0.960781,96,2024-01-22 19:04:50,xiaoz259,ok
sayoulala,sayoulala,llm-detect-ai-generated-text,1883,sayoulala,0.960109,43,2024-01-21 12:24:54,sayoulala,ok
yuanzhezhou,yuanzhe zhou,llm-detect-ai-generated-text,2150,yuanzhe zhou,0.955869,1,2024-01-10 03:39:52,yuanzhezhou,ok
samson8,Yurnero,llm-detect-ai-generated-text,2201,samson,0.953802,4,2024-01-22 19:01:53,samson8,ok
ebinan92,Ebi,llm-detect-ai-generated-text,2556,Ebi,0.932773,3,2023-12-23 12:19:04,ebinan92,ok
philippsinger,Psi,llm-prompt-recovery,3,Team Danube,0.7118,198,2024-04-16 13:13:06,"ilu000,philippsinger,ybabakhin",ok
arc144,Eduardo Rocha de Andrade,llm-prompt-recovery,4,"prompt = ""don't say anything""",0.7114,194,2024-04-16 18:34:31,"arc144,pedromb,tomirol",ok
tomirol,matheus,llm-prompt-recovery,4,"prompt = ""don't say anything""",0.7114,194,2024-04-16 18:34:31,"arc144,pedromb,tomirol",ok
yuanzhezhou,yuanzhe zhou,llm-prompt-recovery,5,Z.D.Z,0.7098,198,2024-04-16 16:36:34,"dmitriyab,yuanzhezhou,zengzhaoyang",ok
ferdinandlimburg,flg,llm-prompt-recovery,6,flg,0.7075,129,2024-04-16 10:12:15,ferdinandlimburg,ok
sayoulala,sayoulala,llm-prompt-recovery,47,sayoulala,0.6640,218,2024-04-16 13:22:09,sayoulala,ok
conjuring92,Raja Biswas,llm-prompt-recovery,70,🙈🙉🙊!,0.6611,78,2024-04-16 09:00:50,"conjuring92,nbroad,ubamba98",ok
aerdem4,Ahmet Erdem,llm-prompt-recovery,84,ahNET-70B,0.6595,67,2024-04-16 12:40:14,aerdem4,ok
hydantess,hyd,llm-prompt-recovery,101,hyd,0.6561,110,2024-04-16 15:34:03,hydantess,ok
wowfattie,Guanshuo Xu,llm-prompt-recovery,109,Guanshuo Xu,0.6543,106,2024-04-16 16:36:14,wowfattie,ok
mathurinache,Mathurin Ache,llm-prompt-recovery,161,Mathurin Aché,0.6487,6,2024-04-14 07:24:54,mathurinache,ok
asalhi,Ali,llm-prompt-recovery,331,Ali #2,0.6366,26,2024-04-14 09:41:42,asalhi,ok
titericz,Giba,llm-prompt-recovery,374,Giba,0.6366,41,2024-04-16 19:57:31,titericz,ok
arunodhayan,Arunodhayan,llm-prompt-recovery,458,Arunodhayan,0.6366,4,2024-04-16 06:01:20,arunodhayan,ok
samson8,Yurnero,llm-prompt-recovery,734,samson,0.6366,4,2024-04-16 13:34:28,samson8,ok
pingfan,Baiph,llm-prompt-recovery,973,Baiph,0.6214,2,2024-04-07 05:51:34,pingfan,ok
ebinan92,Ebi,llm-prompt-recovery,1544,Ebi,0.6011,4,2024-03-20 08:29:38,ebinan92,ok
xiaoz259,xz,llm-prompt-recovery,1562,XiaoZ259,0.6007,4,2024-03-12 21:09:22,xiaoz259,ok
guoooooooss,guo dashuai,llms-you-cant-please-them-all,2,I’m just lucky,30.050,347,2025-03-04 08:15:10,guoooooooss,ok
samson8,Yurnero,llms-you-cant-please-them-all,21,samson x arseny x xiaomaguo,29.303,455,2025-03-04 18:50:18,"arsenypoyda,samson8,xiaomaguo",ok
yuanzhezhou,yuanzhe zhou,llms-you-cant-please-them-all,61,Careless whispers,25.217,371,2025-03-04 15:20:13,"alihaiderahmad,yuanzhezhou",ok
asalhi,Ali,llms-you-cant-please-them-all,200,Ali,23.052,153,2025-03-04 13:28:16,asalhi,ok
mathurinache,Mathurin Ache,llms-you-cant-please-them-all,316,Mathurin Aché,22.946,50,2025-02-26 07:00:52,mathurinache,ok
jaejohn,g john rao,llms-you-cant-please-them-all,349,john,22.946,13,2025-03-01 06:45:58,jaejohn,ok
jamalsaeedi,Cyrus,llms-you-cant-please-them-all,360,Jamal Saeedi,22.946,14,2025-03-02 22:22:43,jamalsaeedi,ok
cnumber,c-number,llms-you-cant-please-them-all,470,c-number,22.653,11,2025-02-23 01:36:07,cnumber,ok
pingfan,Baiph,llms-you-cant-please-them-all,683,Baiph,20.609,5,2025-02-19 15:35:22,pingfan,ok
titericz,Giba,llms-you-cant-please-them-all,745,Giba,19.536,5,2025-02-26 21:40:22,titericz,ok
cpmpml,CPMP,llms-you-cant-please-them-all,1288,CPMP,3.497,11,2024-12-16 19:29:57,cpmpml,ok
samson8,Yurnero,lmsys-chatbot-arena,4,We did the right thing,0.83043,2,2024-08-05 10:09:11,"domdejonge,ivanvybornov,olyatsimboy,samson8",ok
tascj0,tascj,lmsys-chatbot-arena,5,[Rist] pref(no leak),0.83101,2,2024-08-05 07:58:42,"kapenon,liushuzhi,tascj0",ok
sayoulala,sayoulala,lmsys-chatbot-arena,6,BlackPearl (no leak),0.83705,1,2024-08-03 13:05:36,sayoulala,ok
conjuring92,Raja Biswas,lmsys-chatbot-arena,8,In The Arena (no leak),0.84122,2,2024-08-05 14:23:09,"conjuring92,marktenenholtz",ok
ferdinandlimburg,flg,lmsys-chatbot-arena,11,flg (no leak),0.84602,2,2024-08-04 19:45:38,ferdinandlimburg,ok
jsday96,James Day,lmsys-chatbot-arena,13,Lumina (no leak),0.84827,2,2024-08-05 12:50:44,"drthrevan,jsday96",ok
philippsinger,Psi,lmsys-chatbot-arena,14,Team Danube,0.84982,2,2024-08-05 13:57:22,"dott1718,ilu000,philippsinger",ok
pingfan,Baiph,lmsys-chatbot-arena,17,no fit just leak (no leak),0.85525,2,2024-08-02 20:52:55,"lizhecheng,pingfan,tonyarobertson,xiaoqinglong1996,xuanmingzhang777",ok
cdeotte,Chris Deotte,lmsys-chatbot-arena,18,Chris Deotte (no leak),0.85617,2,2024-08-05 11:28:52,cdeotte,ok
ebinan92,Ebi,lmsys-chatbot-arena,21,Ebi （no leak）,0.85893,2,2024-08-05 12:22:07,ebinan92,ok
mathurinache,Mathurin Ache,lmsys-chatbot-arena,58,M (no leak),0.86672,2,2024-07-26 02:09:46,mathurinache,ok
cpmpml,CPMP,lmsys-chatbot-arena,102,CPMP,0.87807,2,2024-08-04 23:51:33,cpmpml,ok
tomirol,matheus,lmsys-chatbot-arena,129,tomirol,0.88677,2,2024-07-19 19:49:11,tomirol,ok
leehann,HZM,lmsys-chatbot-arena,169,kaggler,0.89462,1,2024-08-04 17:20:21,"deepkim,leehann,mithilsalunkhe",ok
asalhi,Ali,lmsys-chatbot-arena,177,Ali,0.89691,2,2024-07-18 14:59:53,asalhi,ok
yuanzhezhou,yuanzhe zhou,lmsys-chatbot-arena,181,yuanzhe zhou,0.89760,2,2024-08-02 16:36:02,yuanzhezhou,ok
titericz,Giba,lmsys-chatbot-arena,407,Giba,0.92539,2,2024-07-29 17:04:01,titericz,ok
jaejohn,g john rao,lmsys-chatbot-arena,708,johnny,0.93006,2,2024-07-26 08:23:22,jaejohn,ok
pressman1,IsaiahP,lux-ai-2021,1,Toad Brigade,2078.7,29,2021-12-06 23:32:01,"lpkirwin,pressman1,robertsturrock",ok
ferdinandlimburg,flg,lux-ai-2021,40,FLG2k,1548.2,42,2021-11-25 09:48:40,ferdinandlimburg,ok
cdeotte,Chris Deotte,lux-ai-2021,87,Chris Deotte,1445.0,15,2021-12-06 20:54:13,cdeotte,ok
mathurinache,Mathurin Ache,lux-ai-2021,107,Mathurin Aché,1420.9,278,2021-12-06 16:21:05,mathurinache,ok
titericz,Giba,lux-ai-2021,110,Giba,1418.9,8,2021-12-06 23:55:11,titericz,ok
dc5e964768ef56302a32,Rib~,lux-ai-2021,374,Dilraba Dilmurat,1157.4,2,2021-09-27 00:57:00,dc5e964768ef56302a32,ok
ferdinandlimburg,flg,lux-ai-2022-beta,26,FLG2k,478,3,2022-12-08 15:28:49,ferdinandlimburg,ok
ferdinandlimburg,flg,lux-ai-season-2,4,flg,2342.5,3,2023-04-23 21:15:36,ferdinandlimburg,ok
mathurinache,Mathurin Ache,lux-ai-season-2,204,Mathurin Aché,856.9,3,2023-03-31 04:56:26,mathurinache,ok
mathurinache,Mathurin Ache,lux-ai-season-2-neurips-stage-2,18,Mathurin Aché,1245.7,3,2023-09-27 19:07:50,mathurinache,ok
pressman1,IsaiahP,lux-ai-season-3,2,Frog Parade,2425.8,2,2025-03-10 23:45:18,"doublepress,pressman1",ok
cnumber,c-number,lux-ai-season-3,9,team-k,1975.9,2,2025-03-10 21:58:21,"cnumber,kawattataido,kibuna,kuto0633,yukiokumura1",ok
yuanzhezhou,yuanzhe zhou,lux-ai-season-3,76,machine no learn human learn,1019.9,2,2025-03-10 18:32:56,yuanzhezhou,ok
jamalsaeedi,Cyrus,lux-ai-season-3,186,Jamal Saeedi,810.8,2,2025-03-10 15:59:12,jamalsaeedi,ok
jaejohn,g john rao,lux-ai-season-3,240,john,789.8,2,2025-03-10 07:05:50,jaejohn,ok
mathurinache,Mathurin Ache,lux-ai-season-3,256,Mathurin Aché,781.8,2,2025-03-03 07:00:06,mathurinache,ok
ferdinandlimburg,flg,lux-ai-season-3,668,flg,247.7,2,2025-03-10 15:00:48,ferdinandlimburg,ok
aerdem4,Ahmet Erdem,make-data-count-finding-data-references,1,[NVIDIA] Raja & Ahmet & David,0.91837,184,2025-09-09 10:15:09,"aerdem4,conjuring92,tivfrvqhs5",ok
conjuring92,Raja Biswas,make-data-count-finding-data-references,1,[NVIDIA] Raja & Ahmet & David,0.91837,184,2025-09-09 10:15:09,"aerdem4,conjuring92,tivfrvqhs5",ok
samson8,Yurnero,make-data-count-finding-data-references,2,Team,0.91080,300,2025-09-09 14:49:01,"cakiki,conormacamhlaoibh,samson8",ok
guoooooooss,guo dashuai,make-data-count-finding-data-references,4,idk,0.90623,191,2025-09-09 19:21:44,guoooooooss,ok
pingfan,Baiph,make-data-count-finding-data-references,5,反卷局重新起航,0.90413,382,2025-09-09 16:27:17,"pingfan,simingtan,tonyarobertson,xuanmingzhang777,zxc123cc",ok
simingtan,samuel tan,make-data-count-finding-data-references,5,反卷局重新起航,0.90413,382,2025-09-09 16:27:17,"pingfan,simingtan,tonyarobertson,xuanmingzhang777,zxc123cc",ok
ebinan92,Ebi,make-data-count-finding-data-references,8,Ebi,0.89322,122,2025-09-09 15:00:37,ebinan92,ok
asalhi,Ali,make-data-count-finding-data-references,9,Ali | Kea,0.89095,389,2025-09-09 21:22:00,"asalhi,keakohv",ok
arc144,Eduardo Rocha de Andrade,make-data-count-finding-data-references,12,BRBR,0.87635,160,2025-09-09 15:03:39,"arc144,tomirol",ok
tomirol,matheus,make-data-count-finding-data-references,12,BRBR,0.87635,160,2025-09-09 15:03:39,"arc144,tomirol",ok
yuanzhezhou,yuanzhe zhou,make-data-count-finding-data-references,16,STORM,0.84640,255,2025-09-09 20:47:42,"alihaiderahmad,matrixmy,nguyennguyen599,yuanzhezhou",ok
mathurinache,Mathurin Ache,make-data-count-finding-data-references,191,MA,0.62627,34,2025-09-08 06:46:01,mathurinache,ok
tonylica,Tony Li,make-data-count-finding-data-references,259,Tony Li,0.62429,20,2025-09-08 23:25:59,tonylica,ok
jamalsaeedi,Cyrus,make-data-count-finding-data-references,272,Jamal Saeedi,0.62401,10,2025-09-09 17:06:40,jamalsaeedi,ok
titericz,Giba,make-data-count-finding-data-references,548,Giba,0.59720,2,2025-08-23 23:29:54,titericz,ok
takoihiraokazu,Takoi,make-data-count-finding-data-references,615,Takoi,0.58734,1,2025-09-09 07:52:05,takoihiraokazu,ok
jaejohn,g john rao,make-data-count-finding-data-references,629,john,0.58041,31,2025-09-01 15:07:55,jaejohn,ok
sayoulala,sayoulala,make-data-count-finding-data-references,743,sayoulala,0.54865,23,2025-08-06 09:23:03,sayoulala,ok
nikitababich,Nikita Babych,make-data-count-finding-data-references,856,Nikita Babych,0.47254,2,2025-07-15 23:06:33,nikitababich,ok
jiweiliu,Jiwei Liu,make-data-count-finding-data-references,1098,Jiwei Liu,0.06774,2,2025-08-21 00:48:31,jiweiliu,ok
leehann,HZM,map-charting-student-math-misunderstandings,2,looking for remote job,0.95373,202,2025-10-15 16:42:34,"leehann,pingfan",ok
pingfan,Baiph,map-charting-student-math-misunderstandings,2,looking for remote job,0.95373,202,2025-10-15 16:42:34,"leehann,pingfan",ok
sayoulala,sayoulala,map-charting-student-math-misunderstandings,4,sayoulala,0.95310,105,2025-10-15 13:02:39,sayoulala,ok
aerdem4,Ahmet Erdem,map-charting-student-math-misunderstandings,5,RAG,0.95308,185,2025-10-15 12:31:53,"aerdem4,conjuring92,titericz",ok
conjuring92,Raja Biswas,map-charting-student-math-misunderstandings,5,RAG,0.95308,185,2025-10-15 12:31:53,"aerdem4,conjuring92,titericz",ok
titericz,Giba,map-charting-student-math-misunderstandings,5,RAG,0.95308,185,2025-10-15 12:31:53,"aerdem4,conjuring92,titericz",ok
takoihiraokazu,Takoi,map-charting-student-math-misunderstandings,7,Takoi,0.95268,150,2025-10-14 05:22:43,takoihiraokazu,ok
cdeotte,Chris Deotte,map-charting-student-math-misunderstandings,9,Chris Deotte,0.95259,212,2025-10-15 06:00:59,cdeotte,ok
tascj0,tascj,map-charting-student-math-misunderstandings,14,tascj,0.95204,1,2025-10-15 18:32:31,tascj0,ok
brendanartley,Bartley,map-charting-student-math-misunderstandings,33,Bartley,0.95090,28,2025-08-14 19:36:45,brendanartley,ok
tatamikenn,Bilzard,map-charting-student-math-misunderstandings,280,Bilzard,0.94852,21,2025-10-15 13:52:43,tatamikenn,ok
yuanzhezhou,yuanzhe zhou,map-charting-student-math-misunderstandings,340,yuanzhe zhou,0.94837,14,2025-10-11 04:04:34,yuanzhezhou,ok
tonylica,Tony Li,map-charting-student-math-misunderstandings,363,Tony Li,0.94828,13,2025-10-15 18:53:22,tonylica,ok
asalhi,Ali,map-charting-student-math-misunderstandings,471,Ali,0.94811,83,2025-10-05 22:10:00,asalhi,ok
mathurinache,Mathurin Ache,map-charting-student-math-misunderstandings,494,Mathurin Aché,0.94803,13,2025-10-15 06:36:02,mathurinache,ok
jamalsaeedi,Cyrus,map-charting-student-math-misunderstandings,640,CyrusAI,0.94801,11,2025-10-15 13:25:17,jamalsaeedi,ok
harshitsheoran,Harshit Sheoran,map-charting-student-math-misunderstandings,927,Harshit Sheoran,0.94678,10,2025-07-24 21:03:19,harshitsheoran,ok
jaejohn,g john rao,map-charting-student-math-misunderstandings,1112,john,0.94264,31,2025-08-06 10:27:44,jaejohn,ok
cnumber,c-number,map-charting-student-math-misunderstandings,1748,c-number,0.40494,10,2025-07-12 03:33:36,cnumber,ok
asalhi,Ali,march-machine-learning-mania-2023,26,Ali Salhi 🇵🇸,0.18019,2,2023-03-15 09:09:41,asalhi,ok
cdeotte,Chris Deotte,march-machine-learning-mania-2023,348,Chris Deotte,0.18997,2,2023-03-16 15:28:06,cdeotte,ok
titericz,Giba,march-machine-learning-mania-2023,367,Giba,0.19053,2,2023-03-14 01:46:53,titericz,ok
hydantess,hyd,march-machine-learning-mania-2023,520,hyd,0.19945,2,2023-03-16 13:29:44,hydantess,ok
mathurinache,Mathurin Ache,march-machine-learning-mania-2023,745,Mathurin Aché,0.22262,1,2023-02-16 16:09:18,mathurinache,ok
samson8,Yurnero,march-machine-learning-mania-2024,7,ручной червь,0.05588,2,2024-03-21 09:38:10,samson8,ok
mathurinache,Mathurin Ache,march-machine-learning-mania-2024,87,Mathurin Aché,0.06035,1,2024-03-19 21:01:03,mathurinache,ok
hydantess,hyd,march-machine-learning-mania-2024,147,hyd,0.06125,2,2024-03-21 03:12:34,hydantess,ok
asalhi,Ali,march-machine-learning-mania-2024,353,Ali,0.08188,1,2024-03-09 10:35:58,asalhi,ok
takoihiraokazu,Takoi,march-machine-learning-mania-2024,468,Takoi,0.09891,2,2024-03-21 01:22:53,takoihiraokazu,ok
aerdem4,Ahmet Erdem,march-machine-learning-mania-2025,253,Ahmet Erdem,0.11755,2,2025-03-19 07:22:55,aerdem4,ok
hydantess,hyd,march-machine-learning-mania-2025,516,hyd,0.12495,2,2025-03-20 15:27:08,hydantess,ok
asalhi,Ali,march-machine-learning-mania-2025,523,Ali,0.12512,2,2025-03-20 06:00:04,asalhi,ok
jamalsaeedi,Cyrus,march-machine-learning-mania-2025,588,Jamal Saeedi,0.12696,2,2025-03-20 15:49:08,jamalsaeedi,ok
takoihiraokazu,Takoi,march-machine-learning-mania-2025,604,Takoi,0.12731,2,2025-03-19 06:24:01,takoihiraokazu,ok
samson8,Yurnero,march-machine-learning-mania-2025,905,team uconn 2024,0.16603,2,2025-03-20 15:57:29,"arsenypoyda,samson8",ok
simingtan,samuel tan,march-machine-learning-mania-2025,926,lunalu,0.17171,2,2025-03-20 13:25:49,simingtan,ok
mathurinache,Mathurin Ache,march-machine-learning-mania-2025,1034,Mathurin Aché,0.19368,2,2025-02-21 09:34:41,mathurinache,ok
yuanzhezhou,yuanzhe zhou,march-machine-learning-mania-2025,1625,yuanzhe zhou,0.35211,2,2025-03-13 15:36:07,yuanzhezhou,ok
jamalsaeedi,Cyrus,march-machine-learning-mania-2026,10,Cyrus,0.1192543,1,2026-03-17 18:08:27,jamalsaeedi,ok
simingtan,samuel tan,march-machine-learning-mania-2026,360,samuel tan,0.1276859,1,2026-03-18 00:01:42,simingtan,ok
philippsinger,Psi,march-machine-learning-mania-2026,701,Psi,0.1313502,1,2026-03-17 15:57:00,philippsinger,ok
asalhi,Ali,march-machine-learning-mania-2026,984,Ali,0.1339177,1,2026-03-17 17:12:42,asalhi,ok
tonylica,Tony Li,march-machine-learning-mania-2026,1462,Tony Li,0.1391788,1,2026-03-19 08:30:17,tonylica,ok
yiheng,Yiheng Wang,march-machine-learning-mania-2026,1575,Yiheng Wang,0.1405990,1,2026-03-19 05:09:36,yiheng,ok
yijiey,Luca,march-machine-learning-mania-2026,1653,Luca,0.1420077,1,2026-03-18 02:16:38,yijiey,ok
takoihiraokazu,Takoi,march-machine-learning-mania-2026,1704,Takoi,0.1429972,1,2026-03-19 12:04:37,takoihiraokazu,ok
samson8,Yurnero,march-machine-learning-mania-2026,1883,Yurnero,0.1468051,1,2026-03-19 14:09:20,samson8,ok
yuanzhezhou,yuanzhe zhou,march-machine-learning-mania-2026,2472,yuanzhe zhou,0.1750539,1,2026-03-15 12:33:28,yuanzhezhou,ok
mathurinache,Mathurin Ache,march-machine-learning-mania-2026,2526,Mathurin Ache,0.1787567,1,2026-03-18 15:29:47,mathurinache,ok
hydantess,hyd,march-machine-learning-mania-2026,2533,hyd,0.1791479,1,2026-03-19 04:54:05,hydantess,ok
titericz,Giba,march-machine-learning-mania-2026,3333,Giba,0.2820958,1,2026-03-19 15:52:08,titericz,ok
asalhi,Ali,mayo-clinic-strip-ai,7,"Goodbye gold 😢 , I will miss u",0.41857,6,2022-10-05 06:20:56,asalhi,ok
mathurinache,Mathurin Ache,mayo-clinic-strip-ai,55,Mathurin Aché,0.51649,9,2022-09-05 07:19:11,mathurinache,ok
arunodhayan,Arunodhayan,mayo-clinic-strip-ai,473,Arunodhayan,0.66624,18,2022-10-03 14:51:07,arunodhayan,ok
yiheng,Yiheng Wang,mayo-clinic-strip-ai,642,Yiheng Wang,0.71695,2,2022-08-17 03:49:11,yiheng,ok
harshitsheoran,Harshit Sheoran,mayo-clinic-strip-ai,655,Harshit Sheoran,0.72678,5,2022-07-14 22:58:21,harshitsheoran,ok
ren4yu,yu4u,mayo-clinic-strip-ai,738,yu4u,0.76254,2,2022-09-28 00:12:26,ren4yu,ok
mathurinache,Mathurin Ache,maze-crawler,91,Mathurin Ache,982.8,2,2026-06-10 12:00:15,mathurinache,ok
cdeotte,Chris Deotte,mens-march-mania-2022,38,Chris Deotte,0.60126,2,2022-03-17 06:04:41,cdeotte,ok
mathurinache,Mathurin Ache,mens-march-mania-2022,276,M,0.63186,2,2022-03-14 22:58:36,mathurinache,ok
hydantess,hyd,mens-march-mania-2022,394,hyd,0.64611,2,2022-03-17 12:15:32,hydantess,ok
aerdem4,Ahmet Erdem,mens-march-mania-2022,667,Ahmet Erdem,0.69453,2,2022-03-15 08:28:34,aerdem4,ok
brendanartley,Bartley,mens-march-mania-2022,712,Brendan A,0.70765,2,2022-03-16 15:37:10,brendanartley,ok
dc5e964768ef56302a32,Rib~,mens-march-mania-2022,913,Aragaki Yui,2.14521,2,2022-03-16 16:14:42,dc5e964768ef56302a32,ok
xiaoz259,xz,mitsui-commodity-prediction-challenge,715,Xz,0.00000,2,2025-09-27 18:24:16,xiaoz259,zero_score
simingtan,samuel tan,mitsui-commodity-prediction-challenge,975,lunalu,0.00000,1,2025-10-05 17:23:57,simingtan,zero_score
yuanzhezhou,yuanzhe zhou,mitsui-commodity-prediction-challenge,1020,yuanzhe zhou,0.00000,2,2025-10-06 17:55:11,yuanzhezhou,zero_score
jamalsaeedi,Cyrus,mitsui-commodity-prediction-challenge,1060,Cyrus,0.00000,2,2025-10-06 16:41:03,jamalsaeedi,zero_score
hydantess,hyd,mitsui-commodity-prediction-challenge,1071,hyd,0.00000,2,2025-10-06 23:02:15,hydantess,zero_score
aerdem4,Ahmet Erdem,mitsui-commodity-prediction-challenge,1091,kumagalar,0.00000,2,2025-10-06 19:38:29,"aerdem4,davutpolat,gunesevitan,karakasatarik,nlztrk",zero_score
titericz,Giba,mitsui-commodity-prediction-challenge,1122,Giba,0.00000,1,2025-10-06 23:16:06,titericz,zero_score
leehann,HZM,nbme-score-clinical-patient-notes,2,H&L,0.89547,87,2022-05-03 17:05:41,leehann,ok
takoihiraokazu,Takoi,nbme-score-clinical-patient-notes,8,Y.Nakama & copasta & hakubishin & Takoi,0.89402,157,2022-05-03 13:27:52,"copasta,shuheigoda,takoihiraokazu,yasufuminakama",ok
cdeotte,Chris Deotte,nbme-score-clinical-patient-notes,9,"Finally, Inner Peace",0.89399,301,2022-05-03 09:09:36,"cdeotte,horsek,shinomoriaoshi,theoviel",ok
cpmpml,CPMP,nbme-score-clinical-patient-notes,12,Boring comment,0.89370,183,2022-05-03 16:52:52,cpmpml,ok
christofhenkel,Dieter,nbme-score-clinical-patient-notes,15,IDD,0.89360,81,2022-05-03 16:12:12,"christofhenkel,darraghdog,ilu000",ok
darraghdog,Darragh,nbme-score-clinical-patient-notes,15,IDD,0.89360,81,2022-05-03 16:12:12,"christofhenkel,darraghdog,ilu000",ok
conjuring92,Raja Biswas,nbme-score-clinical-patient-notes,21,LakeCity,0.89303,152,2022-05-03 04:08:31,conjuring92,ok
hydantess,hyd,nbme-score-clinical-patient-notes,32,hyd,0.89230,259,2022-05-03 14:07:34,hydantess,ok
asalhi,Ali,nbme-score-clinical-patient-notes,191,Ali Salhi 🇵🇸,0.88587,51,2022-05-03 08:43:52,asalhi,ok
mathurinache,Mathurin Ache,nbme-score-clinical-patient-notes,297,Mathurin Aché,0.88460,47,2022-05-03 17:51:21,mathurinache,ok
titericz,Giba,nbme-score-clinical-patient-notes,569,Giba,0.88354,3,2022-05-03 16:21:40,titericz,ok
yuanzhezhou,yuanzhe zhou,nbme-score-clinical-patient-notes,883,yuanzhe zhou,0.88155,1,2022-04-20 14:32:43,yuanzhezhou,ok
dc5e964768ef56302a32,Rib~,nbme-score-clinical-patient-notes,979,Aragaki Yui,0.87613,1,2022-04-02 16:13:07,dc5e964768ef56302a32,ok
mathurinache,Mathurin Ache,neurips-2023-machine-unlearning,507,Mathurin Aché,0.0000000000,2,2023-11-17 08:34:04,mathurinache,zero_score
tatamikenn,Bilzard,neurips-2023-machine-unlearning,749,bilzard,0.0000000000,2,2023-10-25 22:49:26,tatamikenn,zero_score
titericz,Giba,neurips-2023-machine-unlearning,1081,Giba,0.0000000000,2,2023-11-27 01:24:51,titericz,zero_score
jsday96,James Day,neurips-open-polymer-prediction-2025,1,James Day,0.05412,202,2025-09-15 12:30:03,jsday96,ok
wowfattie,Guanshuo Xu,neurips-open-polymer-prediction-2025,29,Guanshuo Xu,0.06033,8,2025-09-13 01:04:56,wowfattie,ok
yuanzhezhou,yuanzhe zhou,neurips-open-polymer-prediction-2025,97,yuanzhe zhou,0.06291,32,2025-09-15 17:35:10,yuanzhezhou,ok
aypyaypy,AyPy,neurips-open-polymer-prediction-2025,147,AyPy,0.06403,12,2025-09-15 22:56:26,aypyaypy,ok
tonylica,Tony Li,neurips-open-polymer-prediction-2025,161,Tony Li,0.06431,9,2025-09-15 20:43:49,tonylica,ok
mathurinache,Mathurin Ache,neurips-open-polymer-prediction-2025,251,Mathurin Aché,0.06510,47,2025-09-15 07:07:59,mathurinache,ok
jamalsaeedi,Cyrus,neurips-open-polymer-prediction-2025,314,Jamal Saeedi,0.06510,32,2025-09-15 22:31:49,jamalsaeedi,ok
arunodhayan,Arunodhayan,neurips-open-polymer-prediction-2025,970,Arunodhayan,0.07190,9,2025-07-28 15:09:32,arunodhayan,ok
jaejohn,g john rao,neurips-open-polymer-prediction-2025,1401,john,0.07619,15,2025-06-21 13:23:11,jaejohn,ok
arc144,Eduardo Rocha de Andrade,neurogolf-2026,1,Kaggle Agent,8314.03,6798,2026-07-15 22:54:52,"arc144,cdeotte,jiweiliu,maxjeblick,titericz",ok
cdeotte,Chris Deotte,neurogolf-2026,1,Kaggle Agent,8314.03,6798,2026-07-15 22:54:52,"arc144,cdeotte,jiweiliu,maxjeblick,titericz",ok
jiweiliu,Jiwei Liu,neurogolf-2026,1,Kaggle Agent,8314.03,6798,2026-07-15 22:54:52,"arc144,cdeotte,jiweiliu,maxjeblick,titericz",ok
titericz,Giba,neurogolf-2026,1,Kaggle Agent,8314.03,6798,2026-07-15 22:54:52,"arc144,cdeotte,jiweiliu,maxjeblick,titericz",ok
christofhenkel,Dieter,neurogolf-2026,3,The Final Ensemble,8221.27,5586,2026-07-15 23:22:00,"christofhenkel,dziyanavalenta,fritzcremer,tomirol,tonylica",ok
tomirol,matheus,neurogolf-2026,3,The Final Ensemble,8221.27,5586,2026-07-15 23:22:00,"christofhenkel,dziyanavalenta,fritzcremer,tomirol,tonylica",ok
tonylica,Tony Li,neurogolf-2026,3,The Final Ensemble,8221.27,5586,2026-07-15 23:22:00,"christofhenkel,dziyanavalenta,fritzcremer,tomirol,tonylica",ok
yiheng,Yiheng Wang,neurogolf-2026,9,Timeout exceeded : (,8028.25,1631,2026-07-15 23:28:44,yiheng,ok
simingtan,samuel tan,neurogolf-2026,136,we'll just monitor the dataset,7472.60,2285,2026-07-15 23:36:22,"dawngamma,richardgtang,simingtan,sirapoabchaikunsaeng,wguesdon",ok
asalhi,Ali,neurogolf-2026,154,Ali,7459.60,2232,2026-07-15 23:27:20,asalhi,ok
jamalsaeedi,Cyrus,neurogolf-2026,500,Cyrus,7370.39,29,2026-07-15 23:41:11,jamalsaeedi,ok
mathurinache,Mathurin Ache,neurogolf-2026,612,Mathurin Ache,7302.22,285,2026-07-15 21:28:16,mathurinache,ok
jaejohn,g john rao,neurogolf-2026,760,john,7271.04,110,2026-07-10 21:54:30,jaejohn,ok
yijiey,Luca,neurogolf-2026,1103,Luca,7223.67,22,2026-07-04 19:35:10,yijiey,ok
xiaoz259,xz,nfl-big-data-bowl-2026-prediction,312,x,0.00000,2,2025-12-01 22:22:21,xiaoz259,zero_score
mathurinache,Mathurin Ache,nfl-big-data-bowl-2026-prediction,328,M,0.00000,2,2025-12-01 21:58:30,mathurinache,zero_score
philippsinger,Psi,nfl-big-data-bowl-2026-prediction,541,The Zoo,0.00000,2,2025-12-03 21:01:24,"dott1718,ilu000,philippsinger",zero_score
sayoulala,sayoulala,nfl-big-data-bowl-2026-prediction,600,NoFreeLunch,0.00000,2,2025-12-03 21:49:03,"hengzheng,quincyqiang,sayoulala,wisley1024",zero_score
christofhenkel,Dieter,nfl-big-data-bowl-2026-prediction,613,Dieter,0.00000,2,2025-12-02 23:27:15,christofhenkel,zero_score
takoihiraokazu,Takoi,nfl-big-data-bowl-2026-prediction,614,Takoi,0.00000,2,2025-12-02 10:50:06,takoihiraokazu,zero_score
hydantess,hyd,nfl-big-data-bowl-2026-prediction,632,hyd,0.00000,2,2025-12-03 14:41:02,hydantess,zero_score
guoooooooss,guo dashuai,nfl-big-data-bowl-2026-prediction,633,snehal X guo,0.00000,2,2025-12-03 10:38:31,"guoooooooss,snehalverma10",zero_score
dc5e964768ef56302a32,Rib~,nfl-big-data-bowl-2026-prediction,694,fighting,0.00000,2,2025-12-03 17:15:22,"chenxin1991,dc5e964768ef56302a32",zero_score
jamalsaeedi,Cyrus,nfl-big-data-bowl-2026-prediction,742,CyrusAI,0.00000,1,2025-12-03 19:44:14,jamalsaeedi,zero_score
yuanzhezhou,yuanzhe zhou,nfl-big-data-bowl-2026-prediction,747,足球小将,0.00000,1,2025-12-03 20:40:12,yuanzhezhou,zero_score
chack3,ohkawa3,nfl-big-data-bowl-2026-prediction,752,ohkawa3,0.00000,2,2025-12-03 21:19:51,chack3,zero_score
christofhenkel,Dieter,nfl-health-and-safety-helmet-assignment,3,Watercooled,0.924,97,2021-11-02 18:58:37,"christofhenkel,ilu000,philippsinger",ok
philippsinger,Psi,nfl-health-and-safety-helmet-assignment,3,Watercooled,0.924,97,2021-11-02 18:58:37,"christofhenkel,ilu000,philippsinger",ok
aerdem4,Ahmet Erdem,nfl-health-and-safety-helmet-assignment,10,NFL 2nd half,0.883,98,2021-11-02 15:53:43,"aerdem4,cpmpml,rytisva88",ok
cpmpml,CPMP,nfl-health-and-safety-helmet-assignment,10,NFL 2nd half,0.883,98,2021-11-02 15:53:43,"aerdem4,cpmpml,rytisva88",ok
arc144,Eduardo Rocha de Andrade,nfl-health-and-safety-helmet-assignment,37,"Hamish, Eduardo and Matheus",0.751,71,2021-11-02 17:42:12,"arc144,hamishdickson,tomirol",ok
tomirol,matheus,nfl-health-and-safety-helmet-assignment,37,"Hamish, Eduardo and Matheus",0.751,71,2021-11-02 17:42:12,"arc144,hamishdickson,tomirol",ok
mathurinache,Mathurin Ache,nfl-health-and-safety-helmet-assignment,74,Mathurin Aché,0.643,35,2021-11-01 19:31:50,mathurinache,ok
titericz,Giba,nfl-health-and-safety-helmet-assignment,263,Giba,0.628,8,2021-08-31 23:30:13,titericz,ok
asalhi,Ali,nfl-health-and-safety-helmet-assignment,292,Ali Salhi 🇵🇸,0.627,4,2021-10-30 06:18:26,asalhi,ok
dc5e964768ef56302a32,Rib~,nfl-health-and-safety-helmet-assignment,684,Aragaki Yui,0.599,1,2021-09-09 06:42:37,dc5e964768ef56302a32,ok
philippsinger,Psi,nfl-player-contact-detection,1,Team Hydrogen,0.79750,151,2023-03-01 13:58:19,"ilu000,philippsinger,ybabakhin",ok
dc5e964768ef56302a32,Rib~,nfl-player-contact-detection,2,HERKY,0.79728,235,2023-03-01 15:50:37,"chenxin1991,dc5e964768ef56302a32,hydantess,koheiumeki,yamash73",ok
hydantess,hyd,nfl-player-contact-detection,2,HERKY,0.79728,235,2023-03-01 15:50:37,"chenxin1991,dc5e964768ef56302a32,hydantess,koheiumeki,yamash73",ok
chack3,ohkawa3,nfl-player-contact-detection,17,ohkawa3,0.77195,20,2023-02-28 11:30:46,chack3,ok
tatamikenn,Bilzard,nfl-player-contact-detection,18,Otto's Revenge,0.77151,60,2023-03-01 13:03:33,tatamikenn,ok
ebinan92,Ebi,nfl-player-contact-detection,98,Ebi,0.69314,6,2023-01-13 16:14:39,ebinan92,ok
asalhi,Ali,nfl-player-contact-detection,163,Ali Salhi 🇵🇸,0.67119,48,2023-01-04 23:13:28,asalhi,ok
mathurinache,Mathurin Ache,nfl-player-contact-detection,176,Mathurin Aché,0.67106,14,2023-01-13 15:38:07,mathurinache,ok
arunodhayan,Arunodhayan,nfl-player-contact-detection,303,Arunodhayan,0.67106,37,2023-01-21 15:45:41,arunodhayan,ok
titericz,Giba,nfl-player-contact-detection,593,Giba,0.66997,4,2023-03-01 14:46:50,titericz,ok
cdeotte,Chris Deotte,novozymes-enzyme-stability-prediction,1,Chris Deotte,0.86514,504,2023-01-03 21:23:39,cdeotte,ok
titericz,Giba,novozymes-enzyme-stability-prediction,12,Giba&dohlee&dddmd&digimagi,0.65856,458,2023-01-03 23:58:58,"apap950419,dddmdd,digimagi,titericz",ok
aypyaypy,AyPy,novozymes-enzyme-stability-prediction,111,Big shake,0.60807,361,2023-01-03 15:13:51,"aypyaypy,gojx1013,linxix,songqizhou,zhoukangkang",ok
asalhi,Ali,novozymes-enzyme-stability-prediction,156,Ali Salhi 🇵🇸,0.60592,267,2023-01-03 07:16:31,asalhi,ok
dc5e964768ef56302a32,Rib~,novozymes-enzyme-stability-prediction,246,Rib~,0.60431,56,2022-12-07 11:59:11,"dc5e964768ef56302a32,emiria",ok
mathurinache,Mathurin Ache,novozymes-enzyme-stability-prediction,278,Mathurin Aché,0.60400,52,2023-01-03 21:40:09,mathurinache,ok
arunodhayan,Arunodhayan,novozymes-enzyme-stability-prediction,459,Arunodhayan,0.60335,57,2023-01-03 18:56:47,arunodhayan,ok
cpmpml,CPMP,novozymes-enzyme-stability-prediction,838,CPMP,0.59382,2,2022-11-08 18:39:22,cpmpml,ok
christofhenkel,Dieter,novozymes-enzyme-stability-prediction,1098,Dieter,0.46525,37,2022-11-29 18:47:31,christofhenkel,ok
tatamikenn,Bilzard,novozymes-enzyme-stability-prediction,1117,bilzard,0.45186,35,2022-10-06 00:40:52,tatamikenn,ok
ebinan92,Ebi,novozymes-enzyme-stability-prediction,2399,Ebi,-0.03977,1,2022-09-26 04:54:09,ebinan92,ok
samson8,Yurnero,nvidia-nemotron-model-reasoning-challenge,2,Alehandreus & Yurnero,0.900,134,2026-06-15 22:27:57,"alehandreus,samson8",ok
dipamc77,Dipam Chakraborty,nvidia-nemotron-model-reasoning-challenge,3,/make-no-mistakes,0.892,34,2026-06-15 19:41:11,dipamc77,ok
mathurinache,Mathurin Ache,nvidia-nemotron-model-reasoning-challenge,29,MA,0.872,47,2026-06-15 11:54:22,mathurinache,ok
asalhi,Ali,nvidia-nemotron-model-reasoning-challenge,70,Ali,0.868,272,2026-06-15 10:06:31,asalhi,ok
tonylica,Tony Li,nvidia-nemotron-model-reasoning-challenge,251,NEMOSPRAKS,0.864,94,2026-06-15 21:51:52,"aneeshmukkamala,tonylica,yash9439",ok
simingtan,samuel tan,nvidia-nemotron-model-reasoning-challenge,451,samuel tan,0.864,16,2026-06-14 05:24:24,simingtan,ok
yuanzhezhou,yuanzhe zhou,nvidia-nemotron-model-reasoning-challenge,530,yuanzhe zhou,0.864,7,2026-06-15 18:00:47,yuanzhezhou,ok
xiaoz259,xz,nvidia-nemotron-model-reasoning-challenge,960,Xz,0.860,7,2026-05-17 01:42:19,xiaoz259,ok
leehann,HZM,nvidia-nemotron-model-reasoning-challenge,1059,H&R,0.860,29,2026-06-01 06:30:36,"leehann,roschildrui",ok
arunodhayan,Arunodhayan,nvidia-nemotron-model-reasoning-challenge,1279,Arunodhayan & Wolf,0.860,111,2026-06-08 08:06:59,"arunodhayan,peilwang",ok
takoihiraokazu,Takoi,nvidia-nemotron-model-reasoning-challenge,1354,Takoi,0.860,1,2026-06-05 21:28:28,takoihiraokazu,ok
jamalsaeedi,Cyrus,nvidia-nemotron-model-reasoning-challenge,1602,Cyrus,0.860,36,2026-06-15 14:12:58,jamalsaeedi,ok
tascj0,tascj,nvidia-nemotron-model-reasoning-challenge,1617,tascj,0.860,2,2026-06-15 20:49:53,tascj0,ok
jsday96,James Day,nvidia-nemotron-model-reasoning-challenge,1624,James Day,0.856,35,2026-04-21 00:00:51,jsday96,ok
brendanartley,Bartley,nvidia-nemotron-model-reasoning-challenge,1767,Bartley,0.856,3,2026-05-21 17:33:56,brendanartley,ok
jaejohn,g john rao,nvidia-nemotron-model-reasoning-challenge,2263,johnn,0.844,8,2026-05-19 06:24:35,jaejohn,ok
pingfan,Baiph,nvidia-nemotron-model-reasoning-challenge,2397,Baiph,0.820,9,2026-04-24 15:03:38,pingfan,ok
ebinan92,Ebi,nvidia-nemotron-model-reasoning-challenge,3241,Ebi,0.620,1,2026-04-07 03:28:22,ebinan92,ok
jeroencottaar,Jeroen Cottaar,nvidia-nemotron-model-reasoning-challenge,3942,Jeroen Cottaar,0.504,1,2026-03-17 13:25:37,jeroencottaar,ok
dc5e964768ef56302a32,Rib~,open-problems-multimodal,19,ELRQR,0.814516,195,2022-11-15 03:31:14,"berserker408,chenxin1991,dc5e964768ef56302a32,emiria,juzqyxs",ok
aypyaypy,AyPy,open-problems-multimodal,50,AyPy,0.814075,65,2022-11-15 22:36:22,aypyaypy,ok
jiweiliu,Jiwei Liu,open-problems-multimodal,141,A🌟🌟,0.812932,32,2022-11-15 23:56:12,"jiweiliu,xueerchen",ok
asalhi,Ali,open-problems-multimodal,171,Ali Salhi 🇵🇸,0.812834,54,2022-11-15 06:57:43,asalhi,ok
mathurinache,Mathurin Ache,open-problems-multimodal,206,Mathurin Aché,0.812788,64,2022-11-15 22:10:11,mathurinache,ok
titericz,Giba,open-problems-multimodal,380,Giba,0.812520,23,2022-11-11 14:20:11,titericz,ok
leehann,HZM,open-problems-multimodal,471,RICEDYS,0.812515,19,2022-11-04 01:04:06,leehann,ok
takoihiraokazu,Takoi,open-problems-multimodal,550,Takoi,0.812410,8,2022-11-10 13:36:18,takoihiraokazu,ok
ebinan92,Ebi,open-problems-multimodal,922,Ebi,0.802866,6,2022-08-28 06:07:12,ebinan92,ok
cnumber,c-number,open-problems-multimodal,1020,c-number,0.793244,3,2022-08-28 12:33:20,cnumber,ok
hydantess,hyd,open-problems-multimodal,1201,hyd,-1.000000,1,2022-08-27 17:05:34,hydantess,ok
mathurinache,Mathurin Ache,open-problems-single-cell-perturbations,47,MA,0.530,22,2023-11-30 17:24:51,mathurinache,ok
samson8,Yurnero,open-problems-single-cell-perturbations,202,samson,0.531,82,2023-11-30 17:45:35,samson8,ok
dc5e964768ef56302a32,Rib~,open-problems-single-cell-perturbations,588,Rib~,0.597,13,2023-10-13 18:53:26,dc5e964768ef56302a32,ok
aerdem4,Ahmet Erdem,open-problems-single-cell-perturbations,609,Ahmet Erdem,0.599,28,2023-11-28 07:59:18,aerdem4,ok
aerdem4,Ahmet Erdem,optiver-realized-volatility-prediction,886,Ahmet Erdem,0.00000,2,2021-08-27 18:38:54,aerdem4,zero_score
w5833946,Ruby,optiver-realized-volatility-prediction,1892,Ruby,0.00000,2,2021-08-31 14:40:07,w5833946,zero_score
dc5e964768ef56302a32,Rib~,optiver-realized-volatility-prediction,1958,Aragaki Yui,0.00000,2,2021-09-02 16:50:48,"dc5e964768ef56302a32,emiria",zero_score
titericz,Giba,optiver-realized-volatility-prediction,2390,NVIDIA[RAPIDS.AI] Lightspeed,0.00000,2,2021-09-18 22:50:43,"doyend,pahalpatangia,titericz",zero_score
mathurinache,Mathurin Ache,optiver-realized-volatility-prediction,3515,Mathurin Aché,0.00000,2,2021-09-27 19:04:23,mathurinache,zero_score
yuanzhezhou,yuanzhe zhou,optiver-realized-volatility-prediction,3749,越做特征分越低📉📉📉,0.00000,2,2021-09-27 18:24:19,yuanzhezhou,zero_score
aerdem4,Ahmet Erdem,optiver-trading-at-the-close,2534,aga,0.0000,2,2023-12-20 13:36:39,"aerdem4,gunesevitan,nlztrk",zero_score
jamalsaeedi,Cyrus,optiver-trading-at-the-close,2795,Jamal Saeedi,0.0000,2,2023-12-18 19:04:38,jamalsaeedi,zero_score
yuanzhezhou,yuanzhe zhou,optiver-trading-at-the-close,3069,https://shorturl.at/LKhAD,0.0000,2,2023-12-20 18:24:47,yuanzhezhou,zero_score
leehann,HZM,optiver-trading-at-the-close,3109,Does Market play dice?,0.0000,1,2023-12-20 12:28:20,"danielcunhaoliveira,gentlezdh,leehann,lizhecheng,nandodmelo",zero_score
samson8,Yurnero,optiver-trading-at-the-close,3112,samson,0.0000,1,2023-12-20 12:38:42,samson8,zero_score
dc5e964768ef56302a32,Rib~,optiver-trading-at-the-close,3118,(⊙﹏⊙)Rib~,0.0000,2,2023-12-20 13:39:34,"dc5e964768ef56302a32,wht1996",zero_score
hydantess,hyd,optiver-trading-at-the-close,3124,hyd,0.0000,2,2023-12-20 14:57:15,hydantess,zero_score
mathurinache,Mathurin Ache,optiver-trading-at-the-close,3202,M,0.0000,1,2023-12-20 19:46:20,mathurinache,zero_score
pressman1,IsaiahP,orbit-wars,1,Isaiah @ Tufa Labs,1865.1,2,2026-06-23 23:16:05,pressman1,ok
ferdinandlimburg,flg,orbit-wars,6,flg,1754.2,2,2026-06-23 09:49:26,ferdinandlimburg,ok
yijiey,Luca,orbit-wars,13,Luca,1640.0,2,2026-06-23 23:35:58,yijiey,ok
ebinan92,Ebi,orbit-wars,38,Ebi,1398.8,2,2026-06-23 07:16:58,ebinan92,ok
cpmpml,CPMP,orbit-wars,48,CPMP,1347.9,2,2026-06-23 23:27:44,cpmpml,ok
wowfattie,Guanshuo Xu,orbit-wars,65,Guanshuo Xu,1263.4,2,2026-06-23 11:31:52,wowfattie,ok
sersasj,Sergio Alvarez,orbit-wars,275,Sergio Alvarez,1126.3,2,2026-06-23 19:32:49,sersasj,ok
mathurinache,Mathurin Ache,orbit-wars,293,Mathurin Ache,1121.2,2,2026-06-22 21:39:15,mathurinache,ok
christofhenkel,Dieter,orbit-wars,311,Dieter,1118.3,2,2026-06-20 11:11:00,christofhenkel,ok
tonylica,Tony Li,orbit-wars,647,Tony Li,1064.9,2,2026-06-23 23:06:13,tonylica,ok
cdeotte,Chris Deotte,orbit-wars,859,Chris Deotte,1035.3,2,2026-06-23 22:12:01,cdeotte,ok
jamalsaeedi,Cyrus,orbit-wars,972,Cyrus,1014.4,2,2026-06-23 21:56:56,jamalsaeedi,ok
yuanzhezhou,yuanzhe zhou,orbit-wars,1000,100 mil steps,1009.3,2,2026-06-22 09:56:58,yuanzhezhou,ok
titericz,Giba,orbit-wars,1136,Giba,979.3,2,2026-06-23 21:36:57,titericz,ok
jiweiliu,Jiwei Liu,orbit-wars,1206,Kaggle Agent,967.6,2,2026-06-08 03:46:17,jiweiliu,ok
takoihiraokazu,Takoi,orbit-wars,1275,Takoi,954.0,2,2026-06-22 01:35:28,takoihiraokazu,ok
asalhi,Ali,orbit-wars,1361,Ali,937.9,2,2026-06-23 09:05:03,asalhi,ok
dipamc77,Dipam Chakraborty,orbit-wars,1543,Dipam Chakraborty,874.6,2,2026-06-23 06:33:43,dipamc77,ok
cnumber,c-number,orbit-wars,1670,c-number,814.1,2,2026-04-28 03:19:06,cnumber,ok
chack3,ohkawa3,orbit-wars,1756,ohkawa3,784.1,2,2026-05-16 04:51:41,chack3,ok
simingtan,samuel tan,orbit-wars,2571,samuel tan,646.1,2,2026-05-15 11:04:49,simingtan,ok
jaejohn,g john rao,orbit-wars,3114,john,572.9,2,2026-05-04 15:33:09,jaejohn,ok
samson8,Yurnero,orbit-wars,4486,Yurnero,310.1,1,2026-04-17 10:04:47,samson8,ok
cdeotte,Chris Deotte,otto-recommender-system,3,G & B & D & T,0.60437,198,2023-01-31 23:53:55,"benediktschifferer,cdeotte,theoviel,titericz",ok
titericz,Giba,otto-recommender-system,3,G & B & D & T,0.60437,198,2023-01-31 23:53:55,"benediktschifferer,cdeotte,theoviel,titericz",ok
dc5e964768ef56302a32,Rib~,otto-recommender-system,13,Riotto,0.60217,81,2023-01-31 23:51:54,"chenxin1991,dc5e964768ef56302a32,emiria,juzqyxs",ok
w5833946,Ruby,otto-recommender-system,21,Ruby,0.59719,10,2023-01-27 04:53:37,w5833946,ok
takoihiraokazu,Takoi,otto-recommender-system,28,re:re:waiwai,0.59473,41,2023-01-31 15:07:57,"charmq,go5kuramubon,shuheigoda,takoihiraokazu,yasufuminakama",ok
jiweiliu,Jiwei Liu,otto-recommender-system,110,A🌟🌟,0.58496,115,2023-01-31 23:54:52,jiweiliu,ok
wowfattie,Guanshuo Xu,otto-recommender-system,120,Guanshuo Xu,0.58425,77,2023-01-31 03:57:21,wowfattie,ok
aypyaypy,AyPy,otto-recommender-system,238,AyPy,0.57875,27,2023-01-31 23:55:36,aypyaypy,ok
arunodhayan,Arunodhayan,otto-recommender-system,298,Arunodhayan,0.57851,22,2023-01-29 12:02:02,arunodhayan,ok
asalhi,Ali,otto-recommender-system,529,Ali Salhi 🇵🇸,0.57843,60,2023-01-10 04:02:47,asalhi,ok
mathurinache,Mathurin Ache,otto-recommender-system,569,Mathurin Aché,0.57843,30,2023-01-26 10:54:07,mathurinache,ok
tatamikenn,Bilzard,otto-recommender-system,1203,bilzard,0.57628,80,2023-01-31 06:23:44,tatamikenn,ok
cpmpml,CPMP,otto-recommender-system,1377,CPMP,0.57555,13,2023-01-31 19:48:16,cpmpml,ok
sayoulala,sayoulala,otto-recommender-system,1632,sayoulala,0.57491,7,2022-12-08 12:56:04,sayoulala,ok
ebinan92,Ebi,otto-recommender-system,1829,Ebi,0.55764,1,2022-11-30 14:27:24,ebinan92,ok
hydantess,hyd,petfinder-pawpularity-score,5,hyd,17.61640,89,2022-01-14 14:48:36,hydantess,ok
cdeotte,Chris Deotte,petfinder-pawpularity-score,6,Chris Deotte [RAPIDS SVR],17.64165,92,2022-01-14 10:06:10,cdeotte,ok
titericz,Giba,petfinder-pawpularity-score,8,Giba [RAPIDS SVR Magic],17.64569,80,2022-01-14 14:57:19,titericz,ok
yuanzhezhou,yuanzhe zhou,petfinder-pawpularity-score,57,融合1000个模型大法好,17.75543,24,2022-01-14 08:02:55,yuanzhezhou,ok
aerdem4,Ahmet Erdem,petfinder-pawpularity-score,98,Ahmet Erdem [rage quit],17.77644,24,2022-01-04 09:29:15,aerdem4,ok
mathurinache,Mathurin Ache,petfinder-pawpularity-score,302,Mathurin Aché,17.82371,40,2022-01-09 21:44:33,mathurinache,ok
takoihiraokazu,Takoi,petfinder-pawpularity-score,793,Takoi,17.88080,38,2022-01-03 21:19:25,takoihiraokazu,ok
asalhi,Ali,petfinder-pawpularity-score,913,Ali Salhi 🇵🇸,17.90951,45,2022-01-12 11:14:31,asalhi,ok
cpmpml,CPMP,petfinder-pawpularity-score,1107,CPMP,17.96329,3,2022-01-13 13:51:14,cpmpml,ok
yiheng,Yiheng Wang,petfinder-pawpularity-score,1456,Yiheng (Venn) Wang,18.03771,3,2021-12-16 08:58:27,yiheng,ok
harshitsheoran,Harshit Sheoran,petfinder-pawpularity-score,1624,Harshit Sheoran,18.09559,48,2021-10-31 02:34:23,harshitsheoran,ok
brendanartley,Bartley,physionet-ecg-image-digitization,6,Pixels2Pulses,22.80704,151,2026-01-21 00:34:37,"brendanartley,harshitsheoran",ok
harshitsheoran,Harshit Sheoran,physionet-ecg-image-digitization,6,Pixels2Pulses,22.80704,151,2026-01-21 00:34:37,"brendanartley,harshitsheoran",ok
tomoon33,tomoon33,physionet-ecg-image-digitization,7,tomoon33,22.71163,74,2026-01-22 13:56:55,tomoon33,ok
jsday96,James Day,physionet-ecg-image-digitization,8,Imanishi&James&Liu,22.16512,331,2026-01-22 07:44:34,"dimanishi,jsday96,liuzhangzhen",ok
titericz,Giba,physionet-ecg-image-digitization,11,Giba,22.03714,116,2026-01-22 14:57:52,titericz,ok
arunodhayan,Arunodhayan,physionet-ecg-image-digitization,15,Arunodhayan-FatLiuyun,20.82053,277,2026-01-22 14:56:33,"arunodhayan,fatliuyun",ok
yiheng,Yiheng Wang,physionet-ecg-image-digitization,19,技不如人，下一场再见,20.53859,121,2026-01-21 13:13:37,yiheng,ok
mathurinache,Mathurin Ache,physionet-ecg-image-digitization,20,M,20.40592,24,2026-01-22 17:01:26,mathurinache,ok
tonylica,Tony Li,physionet-ecg-image-digitization,43,ECG Team,18.83917,113,2026-01-22 14:31:40,"seddiktrk,tonylica",ok
yuanzhezhou,yuanzhe zhou,physionet-ecg-image-digitization,131,yuanzhe zhou,18.34556,9,2026-01-22 15:32:37,yuanzhezhou,ok
jamalsaeedi,Cyrus,physionet-ecg-image-digitization,251,CyrusAI,18.21824,15,2026-01-22 00:59:30,jamalsaeedi,ok
takoihiraokazu,Takoi,physionet-ecg-image-digitization,428,Takoi,18.17080,1,2026-01-14 21:20:00,takoihiraokazu,ok
pingfan,Baiph,physionet-ecg-image-digitization,834,Baiph,16.10920,1,2025-12-01 14:54:51,pingfan,ok
tatamikenn,Bilzard,physionet-ecg-image-digitization,1263,Bilzard,0.09360,4,2025-12-31 12:15:43,tatamikenn,ok
takoihiraokazu,Takoi,pii-detection-removal-from-educational-data,8,kambehmw & Takoi,0.98003,227,2024-04-22 15:38:57,"kanbehmw,takoihiraokazu",ok
aerdem4,Ahmet Erdem,pii-detection-removal-from-educational-data,11,ahNET-70B,0.97946,70,2024-04-23 03:15:25,aerdem4,ok
conjuring92,Raja Biswas,pii-detection-removal-from-educational-data,18,Team Espresso,0.97579,244,2024-04-23 10:30:17,"conjuring92,deepakpokkalla,ubamba98",ok
pingfan,Baiph,pii-detection-removal-from-educational-data,61,We have 7000 A100,0.97166,262,2024-04-13 06:32:07,"chizhu2018,kcolczhong,pingfan,tilbur,zxc123cc",ok
leehann,HZM,pii-detection-removal-from-educational-data,75,HZM,0.97108,282,2024-04-23 03:06:09,"hahahaj,leehann",ok
tascj0,tascj,pii-detection-removal-from-educational-data,249,tascj,0.96821,5,2024-04-23 16:32:51,tascj0,ok
mathurinache,Mathurin Ache,pii-detection-removal-from-educational-data,306,Mathurin Aché,0.96805,21,2024-04-08 07:58:49,mathurinache,ok
asalhi,Ali,pii-detection-removal-from-educational-data,407,Ali Lab,0.96805,104,2024-04-22 05:00:47,asalhi,ok
titericz,Giba,pii-detection-removal-from-educational-data,522,Giba,0.96805,1,2024-04-16 19:21:12,titericz,ok
samson8,Yurnero,pii-detection-removal-from-educational-data,609,samson,0.96805,4,2024-04-23 14:14:13,samson8,ok
yuanzhezhou,yuanzhe zhou,pii-detection-removal-from-educational-data,630,yuanzhe zhou,0.96805,13,2024-04-23 16:08:21,yuanzhezhou,ok
sayoulala,sayoulala,pii-detection-removal-from-educational-data,1061,sayoulala,0.96439,63,2024-04-23 16:29:06,sayoulala,ok
ebinan92,Ebi,pii-detection-removal-from-educational-data,1222,Ebi,0.95032,4,2024-04-08 15:40:07,ebinan92,ok
xiaoz259,xz,pii-detection-removal-from-educational-data,1267,XiaoZ259,0.94592,9,2024-02-20 23:25:04,xiaoz259,ok
mathurinache,Mathurin Ache,planttraits2024,98,Mathurin Aché,0.38909,2,2024-04-22 17:14:12,mathurinache,ok
mathurinache,Mathurin Ache,playground-series-s3e1,6,Mathurin Aché,0.55143,11,2023-01-08 13:17:20,mathurinache,ok
mathurinache,Mathurin Ache,playground-series-s3e10,45,Mathurin Aché,0.03134,5,2023-03-17 14:25:52,mathurinache,ok
mathurinache,Mathurin Ache,playground-series-s3e11,43,Mathurin Aché,0.29263,8,2023-04-02 08:53:07,mathurinache,ok
mathurinache,Mathurin Ache,playground-series-s3e12,12,Mathurin Aché,0.90800,7,2023-04-11 07:34:45,mathurinache,ok
samson8,Yurnero,playground-series-s3e12,144,samson,0.88800,48,2023-04-16 13:00:27,samson8,ok
mathurinache,Mathurin Ache,playground-series-s3e13,157,Mathurin Aché,0.41059,1,2023-04-20 18:48:59,mathurinache,ok
samson8,Yurnero,playground-series-s3e13,252,ручной червь,0.40176,49,2023-04-30 15:39:34,samson8,ok
samson8,Yurnero,playground-series-s3e14,116,гигант местных водоёмов,336.84941,29,2023-05-14 16:46:53,samson8,ok
mathurinache,Mathurin Ache,playground-series-s3e14,130,Mathurin Aché,337.26018,4,2023-05-09 07:00:33,mathurinache,ok
samson8,Yurnero,playground-series-s3e15,5,кот в сапоге,0.074406,51,2023-05-28 11:38:36,samson8,ok
mathurinache,Mathurin Ache,playground-series-s3e15,8,Mathurin Aché,0.074458,8,2023-05-21 19:30:05,mathurinache,ok
mathurinache,Mathurin Ache,playground-series-s3e16,36,Mathurin Aché,1.33515,12,2023-06-12 12:19:13,mathurinache,ok
samson8,Yurnero,playground-series-s3e16,224,мистер крабс из спанч боба,1.34285,3,2023-06-11 19:56:41,samson8,ok
mathurinache,Mathurin Ache,playground-series-s3e17,10,ISoft,0.97921,25,2023-06-26 15:56:58,mathurinache,ok
jsday96,James Day,playground-series-s3e17,273,James Day,0.97587,13,2023-06-18 19:16:27,jsday96,ok
mathurinache,Mathurin Ache,playground-series-s3e18,18,Mathurin Aché,0.66117,14,2023-07-10 14:34:25,mathurinache,ok
mathurinache,Mathurin Ache,playground-series-s3e19,39,Mathurin Aché,5.18855,13,2023-07-25 07:34:06,mathurinache,ok
mathurinache,Mathurin Ache,playground-series-s3e2,9,Mathurin Aché,0.89149,18,2023-01-16 16:21:44,mathurinache,ok
mathurinache,Mathurin Ache,playground-series-s3e20,62,Mathurin Aché,18.02842,5,2023-08-21 07:02:14,mathurinache,ok
mathurinache,Mathurin Ache,playground-series-s3e21,49,Mathurin Aché,1.26703,6,2023-09-11 07:19:52,mathurinache,ok
samson8,Yurnero,playground-series-s3e21,255,samson,1.33880,13,2023-08-26 11:20:22,samson8,ok
mathurinache,Mathurin Ache,playground-series-s3e22,23,Mathurin Aché,0.87195,12,2023-09-29 06:14:08,mathurinache,ok
mathurinache,Mathurin Ache,playground-series-s3e23,94,Mathurin Aché,0.79106,6,2023-10-23 13:34:55,mathurinache,ok
samson8,Yurnero,playground-series-s3e23,136,samson zeroshot 2 submissions,0.79097,2,2023-10-23 15:34:38,samson8,ok
mathurinache,Mathurin Ache,playground-series-s3e24,102,Mathurin Aché,0.88100,14,2023-11-09 13:08:49,mathurinache,ok
samson8,Yurnero,playground-series-s3e24,200,ручной червь,0.88021,10,2023-11-04 09:46:42,samson8,ok
mathurinache,Mathurin Ache,playground-series-s3e25,79,Mathurin Aché,0.25000,19,2023-11-30 08:12:59,mathurinache,ok
mathurinache,Mathurin Ache,playground-series-s3e26,48,MA,0.39305,12,2023-12-17 17:55:50,mathurinache,ok
mathurinache,Mathurin Ache,playground-series-s3e3,40,Mathurin Aché,0.95409,13,2023-01-22 20:17:41,mathurinache,ok
mathurinache,Mathurin Ache,playground-series-s3e4,37,Mathurin Aché,0.86950,3,2023-01-26 10:01:38,mathurinache,ok
mathurinache,Mathurin Ache,playground-series-s3e5,38,Mathurin Aché,0.62977,8,2023-02-12 12:19:57,mathurinache,ok
mathurinache,Mathurin Ache,playground-series-s3e6,6,Mathurin Aché,83342.09010,11,2023-02-20 18:22:41,mathurinache,ok
mathurinache,Mathurin Ache,playground-series-s3e7,19,Mathurin Aché,0.92817,6,2023-02-23 13:38:04,mathurinache,ok
titericz,Giba,playground-series-s3e7,174,Giba,0.91146,1,2023-02-17 23:16:40,titericz,ok
mathurinache,Mathurin Ache,playground-series-s3e8,41,Mathurin Aché,574.92926,8,2023-03-06 07:20:09,mathurinache,ok
mathurinache,Mathurin Ache,playground-series-s3e9,18,Mathurin Aché,11.71578,8,2023-03-11 19:58:22,mathurinache,ok
mathurinache,Mathurin Ache,playground-series-s4e1,105,Mathurin Aché,0.89651,14,2024-01-29 06:18:26,mathurinache,ok
mathurinache,Mathurin Ache,playground-series-s4e10,76,M,0.97363,19,2024-10-22 07:26:29,mathurinache,ok
mathurinache,Mathurin Ache,playground-series-s4e11,126,Mathurin Aché,0.94434,4,2024-11-24 09:25:49,mathurinache,ok
jaejohn,g john rao,playground-series-s4e11,168,johnny,0.94402,16,2024-11-14 14:13:10,jaejohn,ok
cdeotte,Chris Deotte,playground-series-s4e11,257,Chris Deotte,0.94376,19,2024-11-25 01:31:47,cdeotte,ok
cdeotte,Chris Deotte,playground-series-s4e12,1,Chris Deotte,1.01587,55,2024-12-31 22:30:01,cdeotte,ok
mathurinache,Mathurin Ache,playground-series-s4e12,125,Mathurin Aché,1.02797,6,2024-12-27 08:43:01,mathurinache,ok
mathurinache,Mathurin Ache,playground-series-s4e2,29,Mathurin Aché,0.92196,8,2024-02-23 10:38:26,mathurinache,ok
mathurinache,Mathurin Ache,playground-series-s4e3,50,Mathurin Aché,0.89652,3,2024-03-09 17:00:57,mathurinache,ok
mathurinache,Mathurin Ache,playground-series-s4e4,88,Mathurin Aché,0.14452,7,2024-04-22 06:50:21,mathurinache,ok
mathurinache,Mathurin Ache,playground-series-s4e5,114,Mathurin Aché,0.86939,7,2024-05-28 18:50:23,mathurinache,ok
samson8,Yurnero,playground-series-s4e5,2081,samson,0.84458,1,2024-05-15 18:18:20,samson8,ok
mathurinache,Mathurin Ache,playground-series-s4e6,51,Mathurin Aché,0.84169,20,2024-06-28 11:24:52,mathurinache,ok
mathurinache,Mathurin Ache,playground-series-s4e7,109,Mathurin Aché,0.89698,15,2024-07-26 11:47:30,mathurinache,ok
cpmpml,CPMP,playground-series-s4e7,453,CPMP,0.89183,1,2024-07-05 20:14:55,cpmpml,ok
mathurinache,Mathurin Ache,playground-series-s4e8,57,Mathurin Aché,0.98531,4,2024-08-29 06:54:13,mathurinache,ok
jaejohn,g john rao,playground-series-s4e8,221,G John Rao,0.98529,1,2024-08-27 04:14:17,jaejohn,ok
titericz,Giba,playground-series-s4e8,394,Giba,0.98512,4,2024-08-03 16:39:03,titericz,ok
cdeotte,Chris Deotte,playground-series-s4e9,12,Chris Deotte,71841.36392,86,2024-09-30 21:30:37,cdeotte,ok
mathurinache,Mathurin Ache,playground-series-s4e9,159,Mathurin Aché,71943.68504,16,2024-09-27 05:45:34,mathurinache,ok
jaejohn,g john rao,playground-series-s4e9,320,johnny,72016.40838,6,2024-09-11 10:38:25,jaejohn,ok
cdeotte,Chris Deotte,playground-series-s5e1,3,Chris Deotte,0.04375,50,2025-01-31 22:54:53,cdeotte,ok
mathurinache,Mathurin Ache,playground-series-s5e1,144,Mathurin Aché,0.04880,10,2025-01-27 12:51:23,mathurinache,ok
asalhi,Ali,playground-series-s5e1,161,Ali,0.04910,1,2025-01-24 09:25:02,asalhi,ok
cdeotte,Chris Deotte,playground-series-s5e10,4,Chris Deotte,0.05538,67,2025-10-31 23:33:41,cdeotte,ok
mathurinache,Mathurin Ache,playground-series-s5e10,12,M,0.05538,10,2025-10-26 09:04:55,mathurinache,ok
jiweiliu,Jiwei Liu,playground-series-s5e10,296,Kaggle Agent,0.05541,20,2025-10-13 13:15:06,jiweiliu,ok
mathurinache,Mathurin Ache,playground-series-s5e11,13,M,0.92787,6,2025-11-12 16:40:29,mathurinache,ok
mathurinache,Mathurin Ache,playground-series-s5e12,27,Mathurin Aché,0.70787,3,2025-12-31 18:22:06,mathurinache,ok
philippsinger,Psi,playground-series-s5e12,517,Psi,0.70242,11,2025-12-31 15:06:02,philippsinger,ok
cdeotte,Chris Deotte,playground-series-s5e2,1,Chris Deotte,38.80600,67,2025-02-28 23:32:01,cdeotte,ok
titericz,Giba,playground-series-s5e2,47,Giba,38.83225,27,2025-02-25 20:38:42,titericz,ok
mathurinache,Mathurin Ache,playground-series-s5e2,67,Mathurin Aché,38.83225,8,2025-02-27 07:23:44,mathurinache,ok
cdeotte,Chris Deotte,playground-series-s5e3,1,Chris Deotte,1.00000,17,2025-03-26 04:32:23,cdeotte,ok
mathurinache,Mathurin Ache,playground-series-s5e3,11,Mathurin Aché,1.00000,8,2025-03-18 15:20:58,mathurinache,ok
jaejohn,g john rao,playground-series-s5e3,180,john,1.00000,15,2025-03-28 07:05:43,jaejohn,ok
cpmpml,CPMP,playground-series-s5e3,1934,CPMP,0.85706,1,2025-03-12 19:28:42,cpmpml,ok
jiweiliu,Jiwei Liu,playground-series-s5e3,2697,Jiwei Liu,0.84245,1,2025-03-12 20:18:34,jiweiliu,ok
titericz,Giba,playground-series-s5e3,4381,Giba,0.00000,2,2025-03-31 18:09:00,titericz,ok
cdeotte,Chris Deotte,playground-series-s5e4,1,Chris Deotte,11.50694,125,2025-04-30 22:50:56,cdeotte,ok
titericz,Giba,playground-series-s5e4,25,Giba,11.74980,40,2025-04-30 21:08:01,titericz,ok
mathurinache,Mathurin Ache,playground-series-s5e4,161,Mathurin Aché,11.77391,11,2025-04-29 08:40:50,mathurinache,ok
cdeotte,Chris Deotte,playground-series-s5e5,4,Chris Deotte,0.05632,109,2025-05-31 21:46:02,cdeotte,ok
mathurinache,Mathurin Ache,playground-series-s5e5,194,Mathurin Aché,0.05664,4,2025-05-20 05:48:08,mathurinache,ok
titericz,Giba,playground-series-s5e5,205,Giba,0.05665,10,2025-05-28 20:58:45,titericz,ok
jiweiliu,Jiwei Liu,playground-series-s5e5,2407,Jiwei Liu,0.05945,7,2025-05-27 18:43:57,jiweiliu,ok
cdeotte,Chris Deotte,playground-series-s5e6,2,Chris Deotte,0.38450,50,2025-06-30 23:42:51,cdeotte,ok
titericz,Giba,playground-series-s5e6,80,Giba,0.38359,36,2025-06-30 23:58:26,titericz,ok
mathurinache,Mathurin Ache,playground-series-s5e6,143,Mathurin Aché,0.38285,8,2025-06-24 14:23:27,mathurinache,ok
mathurinache,Mathurin Ache,playground-series-s5e7,72,Mathurin Aché,0.976518,2,2025-07-08 06:52:29,mathurinache,ok
philippsinger,Psi,playground-series-s5e7,88,Psi,0.976518,8,2025-07-09 07:51:41,philippsinger,ok
titericz,Giba,playground-series-s5e7,201,Giba,0.976518,17,2025-07-15 12:22:20,titericz,ok
mathurinache,Mathurin Ache,playground-series-s5e8,151,Mathurin Aché,0.97763,6,2025-08-28 06:17:23,mathurinache,ok
philippsinger,Psi,playground-series-s5e8,591,Psi,0.97438,3,2025-08-30 17:09:43,philippsinger,ok
mathurinache,Mathurin Ache,playground-series-s5e9,82,MA,26.37932,6,2025-09-29 14:36:35,mathurinache,ok
mathurinache,Mathurin Ache,playground-series-s6e1,246,Mathurin Aché,8.54363,9,2026-01-28 07:15:53,mathurinache,ok
cdeotte,Chris Deotte,playground-series-s6e1,538,Chris Deotte,8.56459,3,2026-01-09 18:47:41,cdeotte,ok
philippsinger,Psi,playground-series-s6e1,665,Psi,8.59265,27,2026-01-12 19:40:50,philippsinger,ok
cdeotte,Chris Deotte,playground-series-s6e2,6,Chris Deotte,0.95412,131,2026-02-28 22:41:57,cdeotte,ok
philippsinger,Psi,playground-series-s6e2,206,Psi,0.95406,9,2026-02-26 12:18:13,philippsinger,ok
mathurinache,Mathurin Ache,playground-series-s6e2,297,Mathurin Ache,0.95399,3,2026-02-19 10:17:35,mathurinache,ok
cnumber,c-number,playground-series-s6e2,3116,c-number,0.95126,1,2026-02-03 13:54:19,cnumber,ok
cdeotte,Chris Deotte,playground-series-s6e3,1,Chris Deotte,0.91773,202,2026-03-31 23:39:31,cdeotte,ok
mathurinache,Mathurin Ache,playground-series-s6e3,242,Mathurin Ache,0.91719,2,2026-03-18 14:57:56,mathurinache,ok
jiweiliu,Jiwei Liu,playground-series-s6e3,329,Klaude,0.91708,52,2026-03-16 00:01:05,jiweiliu,ok
philippsinger,Psi,playground-series-s6e3,2888,Psi,0.91229,4,2026-03-24 14:30:48,philippsinger,ok
cdeotte,Chris Deotte,playground-series-s6e4,3,Chris Deotte,0.98219,150,2026-04-27 20:34:49,cdeotte,ok
jiweiliu,Jiwei Liu,playground-series-s6e4,396,Kaggle Agent,0.98114,54,2026-04-13 02:29:10,jiweiliu,ok
mathurinache,Mathurin Ache,playground-series-s6e4,397,Mathurin Ache,0.98114,13,2026-04-13 07:26:04,mathurinache,ok
titericz,Giba,playground-series-s6e4,406,Giba-Assistant,0.98114,47,2026-04-17 16:06:01,titericz,ok
philippsinger,Psi,playground-series-s6e4,1846,Psi,0.96590,5,2026-04-17 09:54:53,philippsinger,ok
cdeotte,Chris Deotte,playground-series-s6e5,2,Chris Deotte,0.95493,69,2026-05-31 13:27:28,cdeotte,ok
mathurinache,Mathurin Ache,playground-series-s6e5,25,Mathurin Ache,0.95457,7,2026-05-26 06:49:24,mathurinache,ok
jiweiliu,Jiwei Liu,playground-series-s6e5,324,Kaggle Agent,0.95453,23,2026-05-24 00:09:48,jiweiliu,ok
cdeotte,Chris Deotte,playground-series-s6e6,192,Chris Deotte,0.97246,93,2026-06-29 21:58:33,cdeotte,ok
mathurinache,Mathurin Ache,playground-series-s6e6,228,Mathurin Ache,0.97242,11,2026-06-26 06:54:05,mathurinache,ok
philippsinger,Psi,playground-series-s6e6,516,Psi,0.97061,12,2026-06-05 17:52:21,philippsinger,ok
asalhi,Ali,playground-series-s6e7,73,Ali,0.95302,186,2026-07-31 03:37:49,asalhi,ok
mathurinache,Mathurin Ache,playground-series-s6e7,336,Mathurin Ache,0.95112,9,2026-07-07 07:58:53,mathurinache,ok
philippsinger,Psi,playground-series-s6e7,2064,Psi,0.94756,2,2026-07-06 12:57:39,philippsinger,ok
cdeotte,Chris Deotte,playground-series-s6e8,1,Chris Deotte,0.97207,90,2026-08-30 23:14:31,cdeotte,ok
mathurinache,Mathurin Ache,playground-series-s6e8,160,Mathurin Ache,0.97128,9,2026-08-26 07:29:00,mathurinache,ok
philippsinger,Psi,playground-series-s6e8,489,Psi,0.97101,46,2026-08-31 11:33:33,philippsinger,ok
cdeotte,Chris Deotte,playground-series-s6e9,3,Chris Deotte,0.94705,35,2026-09-30 18:59:48,cdeotte,ok
philippsinger,Psi,playground-series-s6e9,8,Prior,0.94694,176,2026-09-30 19:08:34,"anuraggarg1209,philippsinger,theklem1234",ok
mathurinache,Mathurin Ache,playground-series-s6e9,268,Mathurin Ache,0.94660,12,2026-09-29 07:48:44,mathurinache,ok
yijiey,Luca,pokemon-tcg-ai-battle,1,Luca,1398.2,2,2026-08-16 23:38:16,yijiey,ok
ebinan92,Ebi,pokemon-tcg-ai-battle,2,palsystem,1297.8,2,2026-08-16 23:57:19,"ebinan92,kcotton21",ok
dipamc77,Dipam Chakraborty,pokemon-tcg-ai-battle,3,Unown Gradiant,1280.5,2,2026-08-16 17:32:13,dipamc77,ok
ferdinandlimburg,flg,pokemon-tcg-ai-battle,4,flg,1266.1,2,2026-08-16 23:56:26,ferdinandlimburg,ok
cnumber,c-number,pokemon-tcg-ai-battle,8,やる気元気ミワハルキ,1214.2,2,2026-08-16 23:42:16,"cnumber,confirm,harukimiwa,masayoshi64,tomo0608",ok
conjuring92,Raja Biswas,pokemon-tcg-ai-battle,20,Sixth Sense,1157.3,2,2026-08-16 19:11:38,conjuring92,ok
arc144,Eduardo Rocha de Andrade,pokemon-tcg-ai-battle,21,MissingNo.,1152.9,2,2026-08-16 21:30:59,"arc144,christofhenkel,tomirol",ok
christofhenkel,Dieter,pokemon-tcg-ai-battle,21,MissingNo.,1152.9,2,2026-08-16 21:30:59,"arc144,christofhenkel,tomirol",ok
tomirol,matheus,pokemon-tcg-ai-battle,21,MissingNo.,1152.9,2,2026-08-16 21:30:59,"arc144,christofhenkel,tomirol",ok
daiwakun,daiwakun,pokemon-tcg-ai-battle,79,Dakuma,1035.5,2,2026-08-16 23:21:56,"daiwakun,kumanotani,tenceiling",ok
yuanzhezhou,yuanzhe zhou,pokemon-tcg-ai-battle,106,人入乂乂人入入乂人,1012.5,2,2026-08-16 23:29:41,yuanzhezhou,ok
yiheng,Yiheng Wang,pokemon-tcg-ai-battle,119,Pokemon Fan,1005.0,2,2026-08-16 20:36:42,"hengck23,yiheng",ok
tonylica,Tony Li,pokemon-tcg-ai-battle,164,Tony Li,981.0,2,2026-08-16 22:56:57,tonylica,ok
nikitababich,Nikita Babych,pokemon-tcg-ai-battle,1062,Nikita Babych,811.6,2,2026-07-26 19:20:05,nikitababich,ok
mathurinache,Mathurin Ache,pokemon-tcg-ai-battle,1072,Mathurin Ache,810.4,2,2026-08-12 12:00:08,mathurinache,ok
asalhi,Ali,pokemon-tcg-ai-battle,1204,Ali,791.3,2,2026-08-16 13:45:59,asalhi,ok
jaejohn,g john rao,pokemon-tcg-ai-battle,2374,john,690.0,2,2026-06-30 08:29:04,jaejohn,ok
arc144,Eduardo Rocha de Andrade,predict-ai-model-runtime,3,Viet-Br Connection,0.75894,53,2023-11-17 18:08:00,"arc144,thanhhau097a,tomirol",ok
tomirol,matheus,predict-ai-model-runtime,3,Viet-Br Connection,0.75894,53,2023-11-17 18:08:00,"arc144,thanhhau097a,tomirol",ok
dc5e964768ef56302a32,Rib~,predict-ai-model-runtime,7,ri🚀Ethan,0.72777,174,2023-11-17 17:16:53,"chenxin1991,dc5e964768ef56302a32,emiria",ok
leehann,HZM,predict-ai-model-runtime,34,he,0.66861,130,2023-11-17 12:53:01,"arli94,chenboluo,kagggggllllle,leehann,wubinhao",ok
ebinan92,Ebi,predict-ai-model-runtime,41,Ebi,0.66086,17,2023-11-11 03:53:05,ebinan92,ok
arunodhayan,Arunodhayan,predict-ai-model-runtime,128,Arunodhayan,0.39619,18,2023-10-30 14:27:52,arunodhayan,ok
mathurinache,Mathurin Ache,predict-ai-model-runtime,137,Mathurin Aché,0.39517,14,2023-10-19 14:25:07,mathurinache,ok
hydantess,hyd,predict-ai-model-runtime,590,hyd,0.11900,2,2023-09-28 17:43:44,hydantess,ok
asalhi,Ali,predict-energy-behavior-of-prosumers,17,Ali Salhi 🇵🇸,0.0000,2,2024-01-29 19:59:44,asalhi,zero_score
arunodhayan,Arunodhayan,predict-energy-behavior-of-prosumers,732,Arunodhayan,0.0000,2,2024-01-04 10:58:25,arunodhayan,zero_score
samson8,Yurnero,predict-energy-behavior-of-prosumers,983,samson,0.0000,2,2024-01-13 06:38:47,samson8,zero_score
mathurinache,Mathurin Ache,predict-energy-behavior-of-prosumers,1657,M,0.0000,2,2024-01-30 11:15:53,mathurinache,zero_score
ebinan92,Ebi,predict-energy-behavior-of-prosumers,1711,Ebi,0.0000,2,2024-01-31 01:18:27,ebinan92,zero_score
aerdem4,Ahmet Erdem,predict-energy-behavior-of-prosumers,1952,Ahmet Erdem,0.0000,2,2024-01-30 10:39:17,aerdem4,zero_score
takoihiraokazu,Takoi,predict-energy-behavior-of-prosumers,1978,Takoi,0.0000,2,2024-01-31 00:28:42,takoihiraokazu,zero_score
hydantess,hyd,predict-energy-behavior-of-prosumers,2028,hyd,0.0000,2,2024-01-30 18:38:00,hydantess,zero_score
yuanzhezhou,yuanzhe zhou,predict-energy-behavior-of-prosumers,2073,预测多了一点,0.0000,2,2024-01-31 07:40:39,"huchenjiang,lftuwujie,weipengzhang,yuanzhezhou",zero_score
sayoulala,sayoulala,predict-energy-behavior-of-prosumers,2125,sayoulala,0.0000,2,2024-01-31 10:49:56,sayoulala,zero_score
titericz,Giba,predict-energy-behavior-of-prosumers,2248,Giba,0.0000,2,2024-01-31 16:43:22,titericz,zero_score
dc5e964768ef56302a32,Rib~,predict-energy-behavior-of-prosumers,2272,Ethan & rib,0.0000,1,2024-01-31 18:43:45,"chenxin1991,dc5e964768ef56302a32",zero_score
takoihiraokazu,Takoi,predict-student-performance-from-game-play,5,Takoi,0.706,215,2023-06-28 06:41:49,takoihiraokazu,ok
cpmpml,CPMP,predict-student-performance-from-game-play,12,French Touch,0.705,188,2023-06-28 15:30:14,"cpmpml,pdnartreb",ok
mathurinache,Mathurin Ache,predict-student-performance-from-game-play,17,MA.,0.705,60,2023-06-28 12:08:53,mathurinache,ok
dc5e964768ef56302a32,Rib~,predict-student-performance-from-game-play,22,未来可期,0.705,157,2023-06-21 07:55:51,"chenxin1991,dc5e964768ef56302a32,hydantess,juzqyxs,wht1996",ok
hydantess,hyd,predict-student-performance-from-game-play,22,未来可期,0.705,157,2023-06-21 07:55:51,"chenxin1991,dc5e964768ef56302a32,hydantess,juzqyxs,wht1996",ok
leehann,HZM,predict-student-performance-from-game-play,32,wait for luck,0.703,95,2023-06-27 07:10:56,"leehann,tiandaye",ok
cdeotte,Chris Deotte,predict-student-performance-from-game-play,139,Chris Deotte,0.701,173,2023-06-28 16:31:41,cdeotte,ok
samson8,Yurnero,predict-student-performance-from-game-play,411,бездарь,0.700,21,2023-06-28 13:08:39,samson8,ok
titericz,Giba,predict-student-performance-from-game-play,580,🚀GPU4Dev🎯,0.700,40,2023-06-28 19:11:08,titericz,ok
yuanzhezhou,yuanzhe zhou,predict-student-performance-from-game-play,730,真.第一次打比赛,0.699,14,2023-06-06 15:51:57,yuanzhezhou,ok
asalhi,Ali,predict-student-performance-from-game-play,744,Ali Salhi 🇵🇸,0.699,15,2023-06-08 23:46:08,asalhi,ok
wowfattie,Guanshuo Xu,recodai-luc-scientific-image-forgery-detection,2,Guanshuo Xu,0.42206,2,2026-01-15 18:14:30,wowfattie,ok
tonylica,Tony Li,recodai-luc-scientific-image-forgery-detection,73,Tony Li,0.32599,2,2026-01-13 19:52:38,tonylica,ok
yuanzhezhou,yuanzhe zhou,recodai-luc-scientific-image-forgery-detection,78,yuanzhe zhou,0.32588,2,2026-01-15 16:41:14,yuanzhezhou,ok
jamalsaeedi,Cyrus,recodai-luc-scientific-image-forgery-detection,219,Cyrus,0.32532,2,2026-01-15 20:37:11,jamalsaeedi,ok
takoihiraokazu,Takoi,recodai-luc-scientific-image-forgery-detection,258,Takoi,0.32532,1,2026-01-08 20:55:07,takoihiraokazu,ok
mathurinache,Mathurin Ache,recodai-luc-scientific-image-forgery-detection,264,Mathurin Aché,0.32532,2,2026-01-10 09:50:30,mathurinache,ok
simingtan,samuel tan,recodai-luc-scientific-image-forgery-detection,640,simin tan,0.31006,2,2026-01-13 17:40:19,simingtan,ok
arc144,Eduardo Rocha de Andrade,recodai-luc-scientific-image-forgery-detection,697,Eduardo Rocha de Andrade,0.30436,2,2026-01-15 20:26:52,arc144,ok
ren4yu,yu4u,rogii-wellbore-geology-prediction,10,yu4u,5.205,93,2026-08-05 09:13:22,ren4yu,ok
arunodhayan,Arunodhayan,rogii-wellbore-geology-prediction,12,L & J & A & A,5.269,433,2026-08-05 15:44:04,"alijs1,arunodhayan,jsday96,l1ghtsource",ok
jsday96,James Day,rogii-wellbore-geology-prediction,12,L & J & A & A,5.269,433,2026-08-05 15:44:04,"alijs1,arunodhayan,jsday96,l1ghtsource",ok
w5833946,Ruby,rogii-wellbore-geology-prediction,31,Ruby,5.648,45,2026-08-04 12:55:26,w5833946,ok
asalhi,Ali,rogii-wellbore-geology-prediction,32,Ali,5.668,125,2026-08-05 06:41:14,asalhi,ok
arc144,Eduardo Rocha de Andrade,rogii-wellbore-geology-prediction,37,Kaggle Agent,5.732,198,2026-08-05 14:57:55,"arc144,dott1718,jiweiliu,maxjeblick",ok
jiweiliu,Jiwei Liu,rogii-wellbore-geology-prediction,37,Kaggle Agent,5.732,198,2026-08-05 14:57:55,"arc144,dott1718,jiweiliu,maxjeblick",ok
takoihiraokazu,Takoi,rogii-wellbore-geology-prediction,42,tereka & Takoi,5.769,257,2026-08-05 11:53:33,"takoihiraokazu,tereka",ok
tatamikenn,Bilzard,rogii-wellbore-geology-prediction,43,Bilzard,5.780,50,2026-08-05 22:43:17,tatamikenn,ok
tonylica,Tony Li,rogii-wellbore-geology-prediction,48,Tony Li,5.818,121,2026-08-05 14:38:07,tonylica,ok
yuanzhezhou,yuanzhe zhou,rogii-wellbore-geology-prediction,65,yuanzhe zhou,5.934,96,2026-08-05 15:36:17,yuanzhezhou,ok
cdeotte,Chris Deotte,rogii-wellbore-geology-prediction,114,Chris Deotte,6.112,189,2026-08-05 08:35:29,cdeotte,ok
mathurinache,Mathurin Ache,rogii-wellbore-geology-prediction,458,Mathurin Ache,6.375,185,2026-08-05 10:56:13,mathurinache,ok
jamalsaeedi,Cyrus,rogii-wellbore-geology-prediction,1348,Cyrus,6.470,130,2026-08-05 14:40:13,jamalsaeedi,ok
titericz,Giba,rogii-wellbore-geology-prediction,2483,Giba,7.277,51,2026-07-04 19:08:47,titericz,ok
yijiey,Luca,rogii-wellbore-geology-prediction,2744,Luca,7.596,7,2026-07-12 23:11:57,yijiey,ok
simingtan,samuel tan,rogii-wellbore-geology-prediction,3132,samuel tan,8.179,40,2026-07-31 19:05:21,simingtan,ok
tomirol,matheus,rogii-wellbore-geology-prediction,3370,matheus,8.966,1,2026-08-05 12:21:56,tomirol,ok
xiaoz259,xz,rogii-wellbore-geology-prediction,3479,Xz,9.479,9,2026-05-17 01:43:10,xiaoz259,ok
jaejohn,g john rao,rogii-wellbore-geology-prediction,4770,john,14.531,15,2026-05-08 11:00:14,jaejohn,ok
christofhenkel,Dieter,rsna-2022-cervical-spine-fracture-detection,6,Speedrun,0.2120,47,2022-10-27 13:59:31,"christofhenkel,ilu000,philippsinger",ok
philippsinger,Psi,rsna-2022-cervical-spine-fracture-detection,6,Speedrun,0.2120,47,2022-10-27 13:59:31,"christofhenkel,ilu000,philippsinger",ok
darraghdog,Darragh,rsna-2022-cervical-spine-fracture-detection,8,Darragh,0.2190,40,2022-10-27 09:12:58,darraghdog,ok
harshitsheoran,Harshit Sheoran,rsna-2022-cervical-spine-fracture-detection,9,Harshit Sheoran,0.2310,161,2022-10-26 23:51:49,harshitsheoran,ok
ren4yu,yu4u,rsna-2022-cervical-spine-fracture-detection,27,yu4u,0.3626,17,2022-10-27 14:51:00,ren4yu,ok
arunodhayan,Arunodhayan,rsna-2022-cervical-spine-fracture-detection,54,Arunodhayan,0.4371,140,2022-10-26 21:42:08,arunodhayan,ok
asalhi,Ali,rsna-2022-cervical-spine-fracture-detection,140,Ali Salhi 🇵🇸,0.4730,13,2022-10-26 09:08:42,asalhi,ok
mathurinache,Mathurin Ache,rsna-2022-cervical-spine-fracture-detection,188,Mathurin Aché,0.4761,21,2022-10-22 14:59:57,mathurinache,ok
titericz,Giba,rsna-2022-cervical-spine-fracture-detection,509,Giba,0.4773,4,2022-10-26 22:03:44,titericz,ok
harshitsheoran,Harshit Sheoran,rsna-2023-abdominal-trauma-detection,2,Team Oxygen,0.35219,88,2023-10-15 12:14:51,"haqishen,harshitsheoran,nischaydnk",ok
ren4yu,yu4u,rsna-2023-abdominal-trauma-detection,13,tattaka + yu4u,0.44557,52,2023-10-15 17:09:13,"ren4yu,tattaka",ok
takoihiraokazu,Takoi,rsna-2023-abdominal-trauma-detection,167,Takoi,0.65361,1,2023-10-12 23:30:20,takoihiraokazu,ok
arunodhayan,Arunodhayan,rsna-2023-abdominal-trauma-detection,306,Arunodhayan,0.65565,31,2023-10-15 06:57:09,arunodhayan,ok
mathurinache,Mathurin Ache,rsna-2023-abdominal-trauma-detection,341,Mathurin Aché,0.65565,10,2023-09-20 06:19:24,mathurinache,ok
samson8,Yurnero,rsna-2023-abdominal-trauma-detection,379,samson,0.65565,2,2023-10-04 07:51:56,samson8,ok
brendanartley,Bartley,rsna-2024-lumbar-spine-degenerative-classification,1,IanPan-Kevin-Yuji-Bartley,0.331905,72,2024-10-08 14:40:45,"brendanartley,kevin0912,vaillant,yujiariyasu",ok
ren4yu,yu4u,rsna-2024-lumbar-spine-degenerative-classification,6,SPINE CHART,0.344653,17,2024-10-08 14:55:24,"ren4yu,tattaka",ok
samson8,Yurnero,rsna-2024-lumbar-spine-degenerative-classification,12,ITYSH,0.350778,107,2024-10-08 11:16:50,"ajobseeker,iafoss,samson8,tamotamo,yusefkaggle",ok
christofhenkel,Dieter,rsna-2024-lumbar-spine-degenerative-classification,13,NVSpine,0.355468,44,2024-10-08 14:21:11,"christofhenkel,darraghdog,theoviel",ok
darraghdog,Darragh,rsna-2024-lumbar-spine-degenerative-classification,13,NVSpine,0.355468,44,2024-10-08 14:21:11,"christofhenkel,darraghdog,theoviel",ok
nikitababich,Nikita Babych,rsna-2024-lumbar-spine-degenerative-classification,17,Nikita Babich,0.363029,23,2024-10-08 18:31:16,nikitababich,ok
harshitsheoran,Harshit Sheoran,rsna-2024-lumbar-spine-degenerative-classification,28,Sunboy Bus Learning,0.394315,45,2024-10-08 16:11:26,"harshitsheoran,ivanpan,nischaydnk",ok
tomoon33,tomoon33,rsna-2024-lumbar-spine-degenerative-classification,35,tomoon33,0.406546,13,2024-10-04 14:43:38,tomoon33,ok
aerdem4,Ahmet Erdem,rsna-2024-lumbar-spine-degenerative-classification,86,tereka ∪ Ahmet,0.445500,59,2024-10-04 23:07:25,"aerdem4,tereka",ok
jaejohn,g john rao,rsna-2024-lumbar-spine-degenerative-classification,109,DFJ,0.460432,42,2024-10-08 09:41:55,"denizyigit,frtgnn,jaejohn",ok
yuanzhezhou,yuanzhe zhou,rsna-2024-lumbar-spine-degenerative-classification,153,yuanzhe zhou,0.473621,20,2024-10-08 07:34:35,yuanzhezhou,ok
jamalsaeedi,Cyrus,rsna-2024-lumbar-spine-degenerative-classification,474,Jamal Saeedi,0.481293,12,2024-10-08 11:30:36,jamalsaeedi,ok
asalhi,Ali,rsna-2024-lumbar-spine-degenerative-classification,524,Ali,0.481293,12,2024-10-04 03:15:09,asalhi,ok
arunodhayan,Arunodhayan,rsna-2024-lumbar-spine-degenerative-classification,649,Arunodhayan,0.481846,43,2024-09-21 06:42:39,arunodhayan,ok
mathurinache,Mathurin Ache,rsna-2024-lumbar-spine-degenerative-classification,656,Mathurin Aché,0.482171,29,2024-09-14 06:52:13,mathurinache,ok
pingfan,Baiph,rsna-2024-lumbar-spine-degenerative-classification,958,Baiph,0.579912,1,2024-08-06 06:02:34,pingfan,ok
christofhenkel,Dieter,rsna-breast-cancer-detection,4,CDI,0.66,166,2023-02-27 14:49:21,"christofhenkel,darraghdog,vaillant",ok
darraghdog,Darragh,rsna-breast-cancer-detection,4,CDI,0.66,166,2023-02-27 14:49:21,"christofhenkel,darraghdog,vaillant",ok
philippsinger,Psi,rsna-breast-cancer-detection,5,Team Hydrogen,0.66,180,2023-02-27 13:09:33,"ilu000,philippsinger,ybabakhin",ok
harshitsheoran,Harshit Sheoran,rsna-breast-cancer-detection,7,Buvinic & Sheoran & Aerlic,0.65,302,2023-02-27 13:16:52,"harshitsheoran,ivanaerlic,ragnar123",ok
arunodhayan,Arunodhayan,rsna-breast-cancer-detection,57,Arunodhayan,0.58,288,2023-02-15 20:12:26,arunodhayan,ok
wowfattie,Guanshuo Xu,rsna-breast-cancer-detection,111,Guanshuo Xu,0.55,14,2023-02-27 14:23:05,wowfattie,ok
mathurinache,Mathurin Ache,rsna-breast-cancer-detection,304,Mathurin Aché,0.52,20,2023-02-26 11:09:18,mathurinache,ok
aypyaypy,AyPy,rsna-breast-cancer-detection,373,AyPy,0.52,20,2023-02-08 21:17:52,aypyaypy,ok
yiheng,Yiheng Wang,rsna-breast-cancer-detection,614,Yiheng Wang,0.48,16,2023-02-20 06:40:34,yiheng,ok
tascj0,tascj,rsna-breast-cancer-detection,640,tascj,0.48,4,2023-02-27 14:47:30,tascj0,ok
asalhi,Ali,rsna-breast-cancer-detection,649,Ali Salhi 🇵🇸,0.47,18,2023-02-05 08:46:16,asalhi,ok
conjuring92,Raja Biswas,rsna-breast-cancer-detection,672,inception,0.47,8,2022-12-16 01:53:00,conjuring92,ok
ebinan92,Ebi,rsna-breast-cancer-detection,697,Ebi,0.44,3,2022-12-30 07:56:34,ebinan92,ok
tomoon33,tomoon33,rsna-intracranial-aneurysm-detection,3,tomoon33,0.88285,69,2025-10-14 11:48:07,tomoon33,ok
harshitsheoran,Harshit Sheoran,rsna-intracranial-aneurysm-detection,5,Harshit Sheoran,0.87155,35,2025-10-14 04:52:51,harshitsheoran,ok
christofhenkel,Dieter,rsna-intracranial-aneurysm-detection,8,Dieter,0.84575,18,2025-10-14 11:01:06,christofhenkel,ok
brendanartley,Bartley,rsna-intracranial-aneurysm-detection,9,"Ian, Theo & Bartley",0.84545,108,2025-10-14 04:52:13,"brendanartley,theoviel,vaillant",ok
sersasj,Sergio Alvarez,rsna-intracranial-aneurysm-detection,12,Vibes and Genius Trade-Off,0.83884,346,2025-10-14 10:43:57,"atom1231,chihantsai,iamparadox,sersasj,tom99763",ok
ren4yu,yu4u,rsna-intracranial-aneurysm-detection,20,tattaka & yu4u,0.80635,24,2025-10-14 11:54:14,"ren4yu,tattaka",ok
yijiey,Luca,rsna-intracranial-aneurysm-detection,27,Luca,0.77869,40,2025-10-14 18:47:19,yijiey,ok
tomirol,matheus,rsna-intracranial-aneurysm-detection,57,tomirol,0.71471,31,2025-10-14 13:44:15,tomirol,ok
arunodhayan,Arunodhayan,rsna-intracranial-aneurysm-detection,104,Arunodhayan,0.70094,216,2025-09-29 20:07:19,arunodhayan,ok
yuanzhezhou,yuanzhe zhou,rsna-intracranial-aneurysm-detection,119,yuanzhe zhou,0.69785,9,2025-10-11 20:09:45,yuanzhezhou,ok
mathurinache,Mathurin Ache,rsna-intracranial-aneurysm-detection,188,Mathurin Aché,0.69333,4,2025-10-06 07:57:32,mathurinache,ok
tonylica,Tony Li,rsna-intracranial-aneurysm-detection,427,Tony Li,0.69126,5,2025-10-09 18:58:09,tonylica,ok
jamalsaeedi,Cyrus,rsna-intracranial-aneurysm-detection,428,CyrusAI,0.69126,7,2025-10-14 15:26:11,jamalsaeedi,ok
jaejohn,g john rao,rsna-intracranial-aneurysm-detection,936,john,0.55353,6,2025-07-30 23:39:43,jaejohn,ok
mathurinache,Mathurin Ache,rsna-miccai-brain-tumor-radiogenomic-classification,145,Mathurin Aché,0.73202,33,2021-10-14 15:58:02,mathurinache,ok
titericz,Giba,rsna-miccai-brain-tumor-radiogenomic-classification,291,Giba,0.73202,4,2021-10-12 20:51:14,titericz,ok
daiwakun,daiwakun,santa-2021,7,daiwakun,2428,8,2021-11-29 11:57:56,daiwakun,ok
cnumber,c-number,santa-2021,8,c-number,2428,7,2021-12-01 08:25:20,cnumber,ok
cpmpml,CPMP,santa-2021,30,MILP is all you need,2428,3,2022-01-11 01:20:39,cpmpml,ok
cdeotte,Chris Deotte,santa-2021,43,Chris Deotte [RAPIDS.AI],2430,19,2021-12-15 17:50:03,cdeotte,ok
mathurinache,Mathurin Ache,santa-2021,77,OptimizeSANTA,2435,81,2022-01-08 01:03:13,"gregorlied,kmitsuhiro,mathurinache,rajborgohain",ok
titericz,Giba,santa-2021,230,Giba,2446,10,2022-01-11 17:33:30,titericz,ok
asalhi,Ali,santa-2021,481,Ali Salhi 🇵🇸,2503,8,2021-11-22 08:13:37,asalhi,ok
yuanzhezhou,yuanzhe zhou,santa-2021,581,多少天能吃完所有包子的组合,2521,1,2021-11-17 15:05:24,yuanzhezhou,ok
cnumber,c-number,santa-2022,1,Newtonians,74075.7065416901,25,2023-01-08 14:15:41,"cnumber,kibuna",ok
daiwakun,daiwakun,santa-2022,50,daiwakun,74307.8481592199,17,2023-01-17 23:52:23,daiwakun,ok
leehann,HZM,santa-2022,114,啥都不会鸭,74826.1167508587,23,2022-12-23 11:40:54,"andrew1024,catchbat,gregorlied,leehann,zacchaeus",ok
asalhi,Ali,santa-2022,163,Ali Salhi 🇵🇸,77853.8751017438,146,2023-01-13 02:57:01,asalhi,ok
mathurinache,Mathurin Ache,santa-2022,192,Mathurin Aché,78575.1284038186,34,2023-01-13 16:31:32,mathurinache,ok
cnumber,c-number,santa-2023,3,nagiss+Newtonians,62848,2,2024-01-31 23:51:10,"cnumber,kibuna,nagiss",ok
daiwakun,daiwakun,santa-2023,5,Deer Labor Standards Ombudsman,75858,3,2024-01-31 23:50:43,daiwakun,ok
nikitababich,Nikita Babych,santa-2023,27,Golden fever,191700,266,2024-01-31 23:58:59,"elvenmonk,isaienkov,nikitababich,r1chardson",ok
asalhi,Ali,santa-2023,77,slowly but surely,643577,178,2024-01-31 22:46:35,asalhi,ok
mathurinache,Mathurin Ache,santa-2023,104,Mathurin Aché,706265,53,2024-01-31 19:43:00,mathurinache,ok
titericz,Giba,santa-2023,180,Giba,779256,16,2024-01-30 22:40:16,titericz,ok
samson8,Yurnero,santa-2023,204,samson,780494,7,2024-01-29 17:15:29,samson8,ok
takoihiraokazu,Takoi,santa-2023,488,Takoi,825451,4,2024-01-15 10:33:16,takoihiraokazu,ok
cnumber,c-number,santa-2024,1,Hamiltonians,246.81784,196,2024-12-14 02:02:13,"cnumber,kibuna,nagiss",ok
asalhi,Ali,santa-2024,3,SantaMizers,246.81784,295,2025-01-07 19:37:05,"asalhi,siavrez,yuanzhezhou,yyyu54",ok
yuanzhezhou,yuanzhe zhou,santa-2024,3,SantaMizers,246.81784,295,2025-01-07 19:37:05,"asalhi,siavrez,yuanzhezhou,yyyu54",ok
daiwakun,daiwakun,santa-2024,4,Santa Master,246.81784,58,2025-01-09 10:56:40,"daiwakun,onodera",ok
cpmpml,CPMP,santa-2024,5,Moș Noël,246.81784,293,2025-01-30 12:15:00,"cpmpml,horeahoreastefan",ok
cdeotte,Chris Deotte,santa-2024,6,Santa Seekers,246.81784,115,2025-01-19 16:00:10,"cdeotte,chris62,shun2741,yukiohkawa",ok
titericz,Giba,santa-2024,10,B.A.G.E.L. 🥯,246.81784,240,2025-01-28 17:28:41,"deeper,egortrushin,lucienderubempre,nlztrk,titericz",ok
takoihiraokazu,Takoi,santa-2024,15,Rist Santa,246.86686,30,2025-01-13 07:24:40,"justy0300,takoihiraokazu,tomfuj,ystsuji",ok
ferdinandlimburg,flg,santa-2024,60,flg,248.55058,27,2024-12-21 15:34:52,ferdinandlimburg,ok
samson8,Yurnero,santa-2024,115,SGIJS,249.37200,235,2025-01-26 21:33:00,"gunesevitan,jonathanchan,linwei9,samson8,seshurajup",ok
mathurinache,Mathurin Ache,santa-2024,143,Mathurin Aché,249.52094,121,2025-01-25 20:23:52,mathurinache,ok
jaejohn,g john rao,santa-2024,290,johnny,250.07098,41,2025-01-30 15:57:02,jaejohn,ok
jamalsaeedi,Cyrus,santa-2024,476,Jamal Saeedi,250.10105,28,2025-01-24 12:06:12,jamalsaeedi,ok
tomirol,matheus,santa-2024,822,tomirol,268.91297,5,2024-11-28 10:25:12,tomirol,ok
jeroencottaar,Jeroen Cottaar,santa-2025,1,Jeroen Cottaar,68.781235119300,45,2026-01-30 23:58:23,jeroencottaar,ok
cnumber,c-number,santa-2025,2,KiRaRe,68.800801749630,187,2026-01-30 23:52:36,"cnumber,nagiss,terry16u",ok
jiweiliu,Jiwei Liu,santa-2025,12,Santa AI Chaotic Elves,69.131026324361,2713,2026-01-30 23:31:59,"egortrushin,jiweiliu,tonylica,yiheng",ok
tonylica,Tony Li,santa-2025,12,Santa AI Chaotic Elves,69.131026324361,2713,2026-01-30 23:31:59,"egortrushin,jiweiliu,tonylica,yiheng",ok
yiheng,Yiheng Wang,santa-2025,12,Santa AI Chaotic Elves,69.131026324361,2713,2026-01-30 23:31:59,"egortrushin,jiweiliu,tonylica,yiheng",ok
mathurinache,Mathurin Ache,santa-2025,38,Mathurin Aché,69.857472613673,588,2026-01-30 21:51:10,mathurinache,ok
asalhi,Ali,santa-2025,95,Ali,70.135388748802,320,2026-01-30 23:51:24,asalhi,ok
jamalsaeedi,Cyrus,santa-2025,242,Cyrus,70.249121465146,44,2026-01-30 23:48:52,jamalsaeedi,ok
xiaoz259,xz,santa-2025,261,Xz,70.249678432198,10,2026-01-30 23:45:45,xiaoz259,ok
yuanzhezhou,yuanzhe zhou,santa-2025,423,yuanzhe zhou,70.250339101851,15,2026-01-30 21:17:46,yuanzhezhou,ok
titericz,Giba,santa-2025,729,Giba,70.318413848562,44,2026-01-29 02:58:26,titericz,ok
takoihiraokazu,Takoi,santa-2025,941,Takoi,70.744148600876,2,2026-01-16 07:28:17,takoihiraokazu,ok
daiwakun,daiwakun,santa-2025,1107,natsuiro,70.905904333100,1,2025-11-30 12:55:10,"daiwakun,shuu0914",ok
jaejohn,g john rao,santa-2025,1807,john,79.861924673507,45,2025-11-22 09:11:46,jaejohn,ok
tascj0,tascj,sartorius-cell-instance-segmentation,1,[Rist] takuoko & tascj,0.350,63,2021-12-30 15:57:26,"takuok,tascj0",ok
cpmpml,CPMP,sartorius-cell-instance-segmentation,3,Not_experts,0.346,246,2021-12-30 13:21:53,"alexandrecc,cpmpml,rytisva88,slawekbiel",ok
ren4yu,yu4u,sartorius-cell-instance-segmentation,7,tereka&yu4u&tk&Yamame,0.343,298,2021-12-30 18:08:44,"ren4yu,tanakar,tereka,tyaiga,yaaseeee",ok
ebinan92,Ebi,sartorius-cell-instance-segmentation,37,Ebi,0.330,38,2021-12-30 12:23:42,ebinan92,ok
christofhenkel,Dieter,sartorius-cell-instance-segmentation,51,Watercooled,0.328,56,2021-12-30 17:16:33,"christofhenkel,ilu000",ok
asalhi,Ali,sartorius-cell-instance-segmentation,120,Ali Salhi 🇵🇸,0.315,221,2021-12-30 12:00:54,asalhi,ok
mathurinache,Mathurin Ache,sartorius-cell-instance-segmentation,207,ORO,0.307,119,2021-12-29 18:36:46,"chabir,mathurinache,sanchitvj",ok
titericz,Giba,sartorius-cell-instance-segmentation,323,Giba,0.304,1,2021-12-30 13:56:16,titericz,ok
cnumber,c-number,sartorius-cell-instance-segmentation,659,c-number,0.294,5,2021-11-25 08:21:19,cnumber,ok
harshitsheoran,Harshit Sheoran,sartorius-cell-instance-segmentation,1356,Harshit Sheoran,0.083,9,2021-11-11 14:32:05,harshitsheoran,ok
mathurinache,Mathurin Ache,scrabble-player-rating,33,Mathurin Aché,102.02079,7,2022-11-19 07:16:04,mathurinache,ok
dc5e964768ef56302a32,Rib~,smartphone-decimeter-2022,63,Rib~,2.639,22,2022-07-20 06:04:10,"dc5e964768ef56302a32,emiria",ok
mathurinache,Mathurin Ache,smartphone-decimeter-2022,234,Mathurin Aché,2.997,30,2022-07-19 20:47:57,mathurinache,ok
mathurinache,Mathurin Ache,sorghum-id-fgvc-9,61,Mathurin Aché,0.829,8,2022-04-24 13:19:48,mathurinache,ok
christofhenkel,Dieter,stable-diffusion-image-to-prompts,13,Unstable Infusion,0.63870,203,2023-05-15 18:07:48,"christofhenkel,tivfrvqhs5",ok
cdeotte,Chris Deotte,stable-diffusion-image-to-prompts,106,Chris Deotte,0.59172,50,2023-05-15 11:14:14,cdeotte,ok
mathurinache,Mathurin Ache,stable-diffusion-image-to-prompts,255,Mathurin Aché,0.58023,24,2023-05-11 14:35:38,mathurinache,ok
arc144,Eduardo Rocha de Andrade,stable-diffusion-image-to-prompts,274,Cinthia & Eduardo,0.57980,44,2023-05-06 10:56:31,"arc144,cinthiakleiner",ok
titericz,Giba,stable-diffusion-image-to-prompts,290,Giba,0.57939,13,2023-05-14 12:35:30,titericz,ok
asalhi,Ali,stable-diffusion-image-to-prompts,330,Ali Salhi 🇵🇸,0.57938,35,2023-05-06 15:21:23,asalhi,ok
leehann,HZM,stable-diffusion-image-to-prompts,586,DYS,0.54998,43,2023-05-04 02:41:46,leehann,ok
wowfattie,Guanshuo Xu,stable-diffusion-image-to-prompts,1148,Guanshuo Xu,0.37466,1,2023-03-10 20:56:31,wowfattie,ok
ren4yu,yu4u,stanford-ribonanza-rna-folding,5,GORNA,0.13608,65,2023-12-07 14:25:14,"fuumin621,ren4yu,tattaka",ok
christofhenkel,Dieter,stanford-ribonanza-rna-folding,6,Kazuki ** 2 + Dieter,0.13626,70,2023-12-07 13:45:18,"christofhenkel,kfujikawa,onodera",ok
aypyaypy,AyPy,stanford-ribonanza-rna-folding,11,AhAyBLuMT,0.13830,289,2023-12-07 17:05:33,"ahmedelfazouan,aypyaypy,callmeb,lperret,mtinti",ok
mathurinache,Mathurin Ache,stanford-ribonanza-rna-folding,17,Mathurin Aché,0.14047,21,2023-12-07 17:09:11,mathurinache,ok
cpmpml,CPMP,stanford-ribonanza-rna-folding,24,CPMP & Bo,0.14174,23,2023-12-07 23:08:56,"boliu0,cpmpml",ok
yuanzhezhou,yuanzhe zhou,stanford-ribonanza-rna-folding,160,how to cook?,0.15369,28,2023-11-04 20:11:11,yuanzhezhou,ok
arunodhayan,Arunodhayan,stanford-ribonanza-rna-folding,400,Arunodhayan,0.15538,29,2023-11-11 05:13:54,arunodhayan,ok
samson8,Yurnero,stanford-ribonanza-rna-folding,417,samson,0.15627,1,2023-11-05 10:06:30,samson8,ok
jaejohn,g john rao,stanford-rna-3d-folding,3,john,0.60388,2,2025-05-29 15:47:10,jaejohn,ok
arunodhayan,Arunodhayan,stanford-rna-3d-folding,5,d4t4 - l34k - score 🥬🥬🥬,0.48194,2,2025-05-29 11:00:07,"arunodhayan,hengck23,lihaoweicvch,nguyenhoa",ok
aypyaypy,AyPy,stanford-rna-3d-folding,7,AyPy,0.46901,2,2025-05-29 17:38:22,aypyaypy,ok
jamalsaeedi,Cyrus,stanford-rna-3d-folding,79,Jamal Saeedi,0.38146,2,2025-05-26 18:17:19,jamalsaeedi,ok
yuanzhezhou,yuanzhe zhou,stanford-rna-3d-folding,118,yuanzhe zhou,0.37852,2,2025-05-21 16:00:46,yuanzhezhou,ok
asalhi,Ali,stanford-rna-3d-folding,268,Ali,0.37351,2,2025-05-29 05:39:30,asalhi,ok
mathurinache,Mathurin Ache,stanford-rna-3d-folding,303,Mathurin Aché,0.37265,2,2025-04-30 08:21:06,mathurinache,ok
cpmpml,CPMP,stanford-rna-3d-folding,501,CPMP,0.36420,2,2025-04-18 13:06:50,cpmpml,ok
tatamikenn,Bilzard,stanford-rna-3d-folding,754,Bilzard,0.27391,2,2025-03-30 17:46:24,tatamikenn,ok
christofhenkel,Dieter,stanford-rna-3d-folding,925,Dieter,0.19983,2,2025-04-08 19:53:14,christofhenkel,ok
w5833946,Ruby,stanford-rna-3d-folding,1012,Ruby,0.18888,1,2025-03-15 08:29:00,w5833946,ok
takoihiraokazu,Takoi,stanford-rna-3d-folding,1032,Takoi,0.18694,1,2025-05-29 01:48:36,takoihiraokazu,ok
aypyaypy,AyPy,stanford-rna-3d-folding-2,1,AyPy,0.50415,2,2026-03-24 23:41:18,aypyaypy,ok
tonylica,Tony Li,stanford-rna-3d-folding-2,87,bianfu,0.43573,2,2026-03-24 15:40:49,"bianfu,blueshyy,fresnellll,kami1976,tonylica",ok
jamalsaeedi,Cyrus,stanford-rna-3d-folding-2,171,Cyrus,0.43113,2,2026-03-25 00:01:52,jamalsaeedi,ok
arunodhayan,Arunodhayan,stanford-rna-3d-folding-2,177,d4t4,0.43072,2,2026-03-16 17:20:37,"arunodhayan,lihaoweicvch,nguyenhoa",ok
jaejohn,g john rao,stanford-rna-3d-folding-2,357,john,0.42568,2,2026-03-17 13:01:41,jaejohn,ok
titericz,Giba,stanford-rna-3d-folding-2,421,Giba,0.42451,2,2026-03-25 04:03:09,titericz,ok
yuanzhezhou,yuanzhe zhou,stanford-rna-3d-folding-2,552,yuanzhe zhou,0.42184,2,2026-03-16 13:06:09,yuanzhezhou,ok
ren4yu,yu4u,stanford-rna-3d-folding-2,669,yu4u,0.41972,2,2026-03-25 00:03:14,ren4yu,ok
mathurinache,Mathurin Ache,stanford-rna-3d-folding-2,754,Mathurin Aché,0.41712,2,2026-03-25 16:04:00,mathurinache,ok
samson8,Yurnero,stanford-rna-3d-folding-2,1025,Yurnero,0.38878,1,2026-03-25 18:14:50,samson8,ok
mathurinache,Mathurin Ache,tabular-playground-series-apr-2022,45,Ma,0.98454,21,2022-04-25 12:19:46,mathurinache,ok
mathurinache,Mathurin Ache,tabular-playground-series-aug-2022,27,Mathurin Aché,0.59397,18,2022-08-30 07:28:30,mathurinache,ok
leehann,HZM,tabular-playground-series-aug-2022,284,RICEDYS,0.59056,9,2022-08-27 09:15:37,leehann,ok
mathurinache,Mathurin Ache,tabular-playground-series-dec-2021,38,Prevision.io,0.95711,24,2021-12-28 13:11:03,mathurinache,ok
mathurinache,Mathurin Ache,tabular-playground-series-feb-2022,80,https://cloud.prevision.io,0.99021,11,2022-02-19 23:07:29,mathurinache,ok
mathurinache,Mathurin Ache,tabular-playground-series-jan-2022,111,https://cloud.prevision.io,4.00294,32,2022-01-25 16:37:08,mathurinache,ok
mathurinache,Mathurin Ache,tabular-playground-series-jul-2022,276,Mathurin Aché,0.62024,22,2022-07-20 07:18:34,mathurinache,ok
chack3,ohkawa3,tabular-playground-series-jul-2022,1253,ohkawa3,-0.00060,1,2022-07-02 10:11:24,chack3,ok
mathurinache,Mathurin Ache,tabular-playground-series-jun-2022,73,Mathurin Aché,0.83934,13,2022-06-21 12:08:48,mathurinache,ok
mathurinache,Mathurin Ache,tabular-playground-series-mar-2022,36,Ma,4.709,16,2022-03-31 19:48:25,mathurinache,ok
mathurinache,Mathurin Ache,tabular-playground-series-may-2022,42,Mathurin Aché,0.99827,15,2022-05-24 19:06:52,mathurinache,ok
titericz,Giba,tabular-playground-series-may-2022,65,Giba,0.99827,6,2022-05-26 11:42:57,titericz,ok
mathurinache,Mathurin Ache,tabular-playground-series-nov-2021,37,Prevision.io,0.75067,45,2021-11-23 09:38:32,mathurinache,ok
mathurinache,Mathurin Ache,tabular-playground-series-nov-2022,35,Mathurin Aché,0.51332,27,2022-11-30 07:49:12,mathurinache,ok
leehann,HZM,tabular-playground-series-nov-2022,274,RICEDYS,0.51737,1,2022-11-22 11:14:12,leehann,ok
mathurinache,Mathurin Ache,tabular-playground-series-oct-2021,3,Prevision.io,0.85683,59,2021-10-31 13:38:43,mathurinache,ok
mathurinache,Mathurin Ache,tabular-playground-series-oct-2022,13,Mathurin Aché,0.18856,20,2022-10-31 21:50:23,mathurinache,ok
mathurinache,Mathurin Ache,tabular-playground-series-sep-2022,26,Mathurin Aché,4.31490,15,2022-09-29 13:54:38,mathurinache,ok
philippsinger,Psi,tensorflow-great-barrier-reef,4,Team Hydrogen,0.790,382,2022-02-14 16:50:28,"philippsinger,ybabakhin",ok
leehann,HZM,tensorflow-great-barrier-reef,11,ben.guo,0.759,95,2022-02-14 14:44:10,"ben1234560,ccvipchenbin,jerryqisun,leehann,onefitall",ok
mathurinache,Mathurin Ache,tensorflow-great-barrier-reef,17,元宵快乐,0.742,294,2022-02-14 07:00:15,"mathurinache,matthieuplante,seb6084,snaker",ok
aerdem4,Ahmet Erdem,tensorflow-great-barrier-reef,43,Sea of Dreams,0.715,192,2022-02-14 00:31:16,"aerdem4,tomyanabe",ok
ren4yu,yu4u,tensorflow-great-barrier-reef,54,yu4u,0.704,127,2022-02-14 12:47:32,ren4yu,ok
arc144,Eduardo Rocha de Andrade,tensorflow-great-barrier-reef,57,Cinthia and Eduardo,0.702,127,2022-02-14 16:07:58,"arc144,cinthiakleiner",ok
tatamikenn,Bilzard,tensorflow-great-barrier-reef,69,bilzard,0.696,144,2022-02-14 13:35:41,tatamikenn,ok
cdeotte,Chris Deotte,tensorflow-great-barrier-reef,117,Chris Deotte,0.688,99,2022-02-14 11:38:12,cdeotte,ok
asalhi,Ali,tensorflow-great-barrier-reef,128,Ali Salhi 🇵🇸,0.686,138,2022-02-14 12:35:08,asalhi,ok
titericz,Giba,tensorflow-great-barrier-reef,664,Giba,0.644,15,2022-02-14 22:59:53,titericz,ok
harshitsheoran,Harshit Sheoran,tensorflow-great-barrier-reef,983,Harshit Sheoran,0.625,79,2022-02-07 08:00:45,harshitsheoran,ok
tascj0,tascj,tensorflow-great-barrier-reef,1066,CotsFinder,0.608,89,2022-02-08 14:58:58,"onodera,takuok,tascj0",ok
takoihiraokazu,Takoi,tlvmc-parkinsons-freezing-gait-prediction,1,waiwai,0.536716,228,2023-06-08 17:55:15,"charmq,shuheigoda,takoihiraokazu",ok
yuanzhezhou,yuanzhe zhou,tlvmc-parkinsons-freezing-gait-prediction,7,Freezing of Quant,0.481565,123,2023-06-08 10:56:43,yuanzhezhou,ok
aerdem4,Ahmet Erdem,tlvmc-parkinsons-freezing-gait-prediction,9,Shujun & Ahmet,0.471981,201,2023-06-08 17:51:32,"aerdem4,shujun717",ok
jsday96,James Day,tlvmc-parkinsons-freezing-gait-prediction,22,James Day,0.426530,145,2023-06-08 04:25:03,jsday96,ok
hydantess,hyd,tlvmc-parkinsons-freezing-gait-prediction,37,hyd,0.384889,25,2023-06-08 11:35:52,hydantess,ok
asalhi,Ali,tlvmc-parkinsons-freezing-gait-prediction,144,Ali Salhi 🇵🇸,0.310183,7,2023-04-27 19:23:02,asalhi,ok
samson8,Yurnero,tlvmc-parkinsons-freezing-gait-prediction,158,samson,0.308693,61,2023-03-31 19:44:31,samson8,ok
mathurinache,Mathurin Ache,tlvmc-parkinsons-freezing-gait-prediction,602,Mathurin Aché,0.289694,18,2023-06-08 17:39:53,mathurinache,ok
titericz,Giba,tlvmc-parkinsons-freezing-gait-prediction,714,Giba,0.285909,17,2023-06-08 00:40:53,titericz,ok
w5833946,Ruby,ubiquant-market-prediction,166,Ruby,0.000000,2,2022-02-07 16:52:28,w5833946,zero_score
dc5e964768ef56302a32,Rib~,ubiquant-market-prediction,624,Aragaki Yui,0.000000,2,2022-03-28 08:02:05,dc5e964768ef56302a32,zero_score
asalhi,Ali,ubiquant-market-prediction,652,Ali Salhi 🇵🇸,0.000000,2,2022-02-10 05:51:28,asalhi,zero_score
aerdem4,Ahmet Erdem,ubiquant-market-prediction,2009,Ahmet Erdem,0.000000,2,2022-04-18 10:50:41,aerdem4,zero_score
mathurinache,Mathurin Ache,ubiquant-market-prediction,2026,LSY,0.000000,2,2022-04-18 10:11:14,"mathurinache,pythonlan,smonster,ulrich07,yanhf16",zero_score
cdeotte,Chris Deotte,ubiquant-market-prediction,2032,Chris Deotte,0.000000,2,2022-04-17 05:05:50,cdeotte,zero_score
hydantess,hyd,ubiquant-market-prediction,2179,hyd,0.000000,2,2022-04-19 12:12:23,hydantess,zero_score
yuanzhezhou,yuanzhe zhou,ubiquant-market-prediction,2409,内存不爆就是好模型,0.000000,2,2022-04-20 17:38:36,yuanzhezhou,zero_score
jsday96,James Day,um-game-playing-strength-of-mcts-variants,1,James Day,0.41369,271,2024-12-02 12:17:46,jsday96,ok
leehann,HZM,um-game-playing-strength-of-mcts-variants,6,"No Overfitting, Just Skills",0.41579,286,2024-12-02 09:13:26,"cody11null,gauravbrills,leehann,mohammad2012191",ok
yuanzhezhou,yuanzhe zhou,um-game-playing-strength-of-mcts-variants,10,DO THE HARLEM SHAKE,0.41705,158,2024-12-02 21:06:15,"jawadkc66,mohammedkhurd,tahaalshatiri,yuanzhezhou",ok
w5833946,Ruby,um-game-playing-strength-of-mcts-variants,11,Ruby,0.41739,89,2024-12-01 10:05:13,w5833946,ok
cnumber,c-number,um-game-playing-strength-of-mcts-variants,19,tenten + T0m + c-number,0.41908,154,2024-12-02 18:00:55,"cnumber,takatoyoshikawa,tomyanabe",ok
jaejohn,g john rao,um-game-playing-strength-of-mcts-variants,34,johnny,0.42020,189,2024-11-26 04:27:29,jaejohn,ok
mathurinache,Mathurin Ache,um-game-playing-strength-of-mcts-variants,116,Mathurin Aché,0.42239,35,2024-11-15 16:29:09,mathurinache,ok
dc5e964768ef56302a32,Rib~,um-game-playing-strength-of-mcts-variants,212,happy journey,0.42362,106,2024-12-02 10:24:35,"chenxin1991,dc5e964768ef56302a32",ok
samson8,Yurnero,um-game-playing-strength-of-mcts-variants,458,I am McLovin,0.42685,59,2024-12-02 10:18:14,samson8,ok
takoihiraokazu,Takoi,um-game-playing-strength-of-mcts-variants,471,Takoi,0.42721,43,2024-10-03 22:55:15,takoihiraokazu,ok
titericz,Giba,um-game-playing-strength-of-mcts-variants,677,Giba,0.42817,38,2024-09-28 16:26:11,titericz,ok
asalhi,Ali,um-game-playing-strength-of-mcts-variants,823,Ali,0.43121,48,2024-10-10 07:07:06,asalhi,ok
brendanartley,Bartley,um-game-playing-strength-of-mcts-variants,848,Bartley,0.43190,19,2024-11-16 14:57:03,brendanartley,ok
pingfan,Baiph,um-game-playing-strength-of-mcts-variants,939,Baiph,0.43431,1,2024-09-20 14:27:10,pingfan,ok
hydantess,hyd,us-patent-phrase-to-phrase-matching,6,hyd,0.8614,219,2022-06-20 03:01:19,hydantess,ok
christofhenkel,Dieter,us-patent-phrase-to-phrase-matching,18,CD,0.8549,50,2022-06-20 20:04:02,"christofhenkel,cpmpml",ok
cpmpml,CPMP,us-patent-phrase-to-phrase-matching,18,CD,0.8549,50,2022-06-20 20:04:02,"christofhenkel,cpmpml",ok
leehann,HZM,us-patent-phrase-to-phrase-matching,98,H&Y&G,0.8508,147,2022-06-20 16:29:47,"gauravbrills,leehann,tonymarkchris",ok
wowfattie,Guanshuo Xu,us-patent-phrase-to-phrase-matching,138,Guanshuo Xu,0.8500,26,2022-06-20 01:37:11,wowfattie,ok
asalhi,Ali,us-patent-phrase-to-phrase-matching,263,Ali Salhi 🇵🇸,0.8478,47,2022-06-20 12:09:04,asalhi,ok
cnumber,c-number,us-patent-phrase-to-phrase-matching,297,c-number,0.8472,29,2022-05-28 08:49:47,cnumber,ok
mathurinache,Mathurin Ache,us-patent-phrase-to-phrase-matching,319,M,0.8465,35,2022-06-20 12:58:22,mathurinache,ok
titericz,Giba,us-patent-phrase-to-phrase-matching,338,Giba,0.8461,4,2022-06-20 19:50:11,titericz,ok
yuanzhezhou,yuanzhe zhou,us-patent-phrase-to-phrase-matching,873,yuanzhe zhou,0.8381,4,2022-06-07 04:19:48,yuanzhezhou,ok
cnumber,c-number,uspto-explainable-ai,3,c-number,0.99680,27,2024-07-24 14:16:12,cnumber,ok
aerdem4,Ahmet Erdem,uspto-explainable-ai,7,[NV] Kebaguette 🥙🥖,0.94203,129,2024-07-24 22:44:55,"aerdem4,theoviel",ok
ebinan92,Ebi,uspto-explainable-ai,21,Ebi,0.58061,52,2024-07-14 13:24:04,ebinan92,ok
yuanzhezhou,yuanzhe zhou,uspto-explainable-ai,108,yuanzhe zhou,0.32519,41,2024-07-24 12:18:41,yuanzhezhou,ok
asalhi,Ali,uspto-explainable-ai,144,Ali,0.32095,52,2024-07-21 21:35:35,asalhi,ok
mathurinache,Mathurin Ache,uspto-explainable-ai,156,Mathurin Aché,0.31998,15,2024-06-18 06:36:08,mathurinache,ok
jaejohn,g john rao,uspto-explainable-ai,237,johnny,0.31703,20,2024-07-22 16:22:35,jaejohn,ok
pingfan,Baiph,uspto-explainable-ai,407,Baiph,0.30660,1,2024-06-14 08:44:54,pingfan,ok
titericz,Giba,uspto-explainable-ai,474,Giba,0.18251,5,2024-07-23 16:52:55,titericz,ok
tascj0,tascj,uw-madison-gi-tract-image-segmentation,1,Rist CV team,0.89371,87,2022-07-14 16:09:48,"amanatsu,takuok,tascj0,yukkyo",ok
ren4yu,yu4u,uw-madison-gi-tract-image-segmentation,20,yu4u & Inoichan,0.88871,123,2022-07-14 15:04:06,"inoueu1,ren4yu",ok
harshitsheoran,Harshit Sheoran,uw-madison-gi-tract-image-segmentation,46,Harshit Sheoran,0.88510,195,2022-07-14 16:41:51,harshitsheoran,ok
yiheng,Yiheng Wang,uw-madison-gi-tract-image-segmentation,86,MONAI 3D Solution,0.88132,73,2022-07-12 07:31:33,yiheng,ok
arunodhayan,Arunodhayan,uw-madison-gi-tract-image-segmentation,107,Arunodhayan,0.87986,79,2022-07-13 11:53:24,arunodhayan,ok
darraghdog,Darragh,uw-madison-gi-tract-image-segmentation,162,Darragh,0.87654,39,2022-06-11 23:09:25,darraghdog,ok
mathurinache,Mathurin Ache,uw-madison-gi-tract-image-segmentation,331,Mathurin Aché,0.87175,12,2022-07-11 06:54:01,mathurinache,ok
leehann,HZM,uw-madison-gi-tract-image-segmentation,865,LeeHann,0.86084,6,2022-05-28 13:39:04,leehann,ok
takoihiraokazu,Takoi,ventilator-pressure-prediction,13,waiwai,0.1095,136,2021-11-03 18:33:15,"charmq,go5kuramubon,shuheigoda,takoihiraokazu,yasufuminakama",ok
cdeotte,Chris Deotte,ventilator-pressure-prediction,14,UnderPressure,0.1096,199,2021-11-03 23:15:30,"cdeotte,drhabib,lihuajing,mmotoki,yamsam",ok
cpmpml,CPMP,ventilator-pressure-prediction,63,single model,0.1285,2,2021-11-03 23:57:22,cpmpml,ok
ebinan92,Ebi,ventilator-pressure-prediction,66,Ebi,0.1287,30,2021-11-03 04:51:18,ebinan92,ok
dc5e964768ef56302a32,Rib~,ventilator-pressure-prediction,131,Aragaki Yui,0.1313,70,2021-11-03 18:08:01,"dc5e964768ef56302a32,emiria",ok
mathurinache,Mathurin Ache,ventilator-pressure-prediction,222,Mathurin Aché,0.1334,83,2021-11-03 22:12:41,mathurinache,ok
titericz,Giba,ventilator-pressure-prediction,298,[RAPIDS.ai] Giba,0.1336,39,2021-11-03 23:55:24,titericz,ok
asalhi,Ali,ventilator-pressure-prediction,299,Ali Salhi 🇵🇸,0.1336,49,2021-11-02 19:30:13,asalhi,ok
daiwakun,daiwakun,ventilator-pressure-prediction,363,daiwakun,0.1347,29,2021-10-31 08:57:50,daiwakun,ok
aerdem4,Ahmet Erdem,ventilator-pressure-prediction,1133,Ahmet Erdem,0.1521,2,2021-10-14 11:38:13,aerdem4,ok
yuanzhezhou,yuanzhe zhou,ventilator-pressure-prediction,1201,ALL YOU NEED IS LEAKAGE,0.1530,12,2021-10-09 05:13:09,yuanzhezhou,ok
titericz,Giba,vesuvius-challenge-ink-detection,18,Ioannis & Giba,0.771268,163,2023-06-14 19:59:54,"imeintanis,titericz",ok
arunodhayan,Arunodhayan,vesuvius-challenge-ink-detection,20,Optimus prime,0.767837,256,2023-06-14 14:49:55,arunodhayan,ok
tatamikenn,Bilzard,vesuvius-challenge-ink-detection,39,Ink or Artifact?,0.744059,106,2023-06-14 21:03:09,tatamikenn,ok
ren4yu,yu4u,vesuvius-challenge-ink-detection,137,yu4u,0.648352,43,2023-06-14 14:02:16,ren4yu,ok
mathurinache,Mathurin Ache,vesuvius-challenge-ink-detection,194,Mathurin Aché,0.626013,34,2023-06-14 19:01:16,mathurinache,ok
leehann,HZM,vesuvius-challenge-ink-detection,301,DYS,0.620813,7,2023-05-29 02:53:10,leehann,ok
asalhi,Ali,vesuvius-challenge-ink-detection,583,Ali Salhi 🇵🇸,0.420475,13,2023-04-05 06:04:39,asalhi,ok
tonylica,Tony Li,vesuvius-challenge-surface-detection,1,Vesuvius Team,0.61338,167,2026-02-27 03:20:11,"analyticaobscura,pgeiger,tonylica,yiheng",ok
yiheng,Yiheng Wang,vesuvius-challenge-surface-detection,1,Vesuvius Team,0.61338,167,2026-02-27 03:20:11,"analyticaobscura,pgeiger,tonylica,yiheng",ok
christofhenkel,Dieter,vesuvius-challenge-surface-detection,3,Dieter,0.60805,157,2026-02-27 09:50:36,christofhenkel,ok
sersasj,Sergio Alvarez,vesuvius-challenge-surface-detection,8,Vibes & Scrolls Trade-off,0.59571,293,2026-02-27 11:07:10,"cody11null,iamparadox,p4rallax,sersasj,tom99763",ok
arunodhayan,Arunodhayan,vesuvius-challenge-surface-detection,14,W & A,0.59226,205,2026-02-27 15:34:41,"arunodhayan,peilwang",ok
brendanartley,Bartley,vesuvius-challenge-surface-detection,21,Bartley,0.58768,13,2026-02-27 00:05:16,brendanartley,ok
ren4yu,yu4u,vesuvius-challenge-surface-detection,27,tattaka + yu4u,0.58410,109,2026-02-27 13:48:32,"ren4yu,tattaka",ok
pingfan,Baiph,vesuvius-challenge-surface-detection,51,俺不中嘞,0.57863,63,2026-02-27 13:59:37,"pingfan,tianhengqiu,xizaizai",ok
jamalsaeedi,Cyrus,vesuvius-challenge-surface-detection,69,Cyrus,0.57334,68,2026-02-27 13:04:35,jamalsaeedi,ok
tascj0,tascj,vesuvius-challenge-surface-detection,71,tascj,0.57277,1,2026-02-27 12:25:02,tascj0,ok
mathurinache,Mathurin Ache,vesuvius-challenge-surface-detection,135,Mathurin Aché,0.56602,36,2026-02-27 07:24:20,mathurinache,ok
cdeotte,Chris Deotte,vesuvius-challenge-surface-detection,179,Chris Deotte,0.56387,62,2026-02-27 08:30:25,cdeotte,ok
titericz,Giba,vesuvius-challenge-surface-detection,245,Giba,0.55710,16,2026-02-27 14:10:57,titericz,ok
yuanzhezhou,yuanzhe zhou,vesuvius-challenge-surface-detection,260,yuanzhe zhou,0.55663,27,2026-02-27 09:53:35,yuanzhezhou,ok
asalhi,Ali,vesuvius-challenge-surface-detection,399,Ali,0.55264,11,2026-02-15 05:06:46,asalhi,ok
takoihiraokazu,Takoi,vesuvius-challenge-surface-detection,483,Takoi,0.55264,1,2026-02-08 21:19:32,takoihiraokazu,ok
cpmpml,CPMP,vesuvius-challenge-surface-detection,555,CPMP,0.55263,13,2026-02-27 15:00:02,cpmpml,ok
jaejohn,g john rao,vesuvius-challenge-surface-detection,1049,john,0.43440,10,2025-11-17 17:11:04,jaejohn,ok
harshitsheoran,Harshit Sheoran,waveform-inversion,1,Harshit Sheoran,6.92837,9,2025-06-30 23:06:43,harshitsheoran,ok
jeroencottaar,Jeroen Cottaar,waveform-inversion,2,Jeroen Cottaar,7.69468,91,2025-06-30 23:05:28,jeroencottaar,ok
tascj0,tascj,waveform-inversion,3,tascj,8.41094,1,2025-06-30 19:08:23,tascj0,ok
samson8,Yurnero,waveform-inversion,5,F A M A S,8.58786,100,2025-06-30 23:50:58,"alehandreus,arsenypoyda,forcewithme,kevin1742064161,samson8",ok
hydantess,hyd,waveform-inversion,6,hyd,8.89326,1,2025-06-30 23:48:45,hydantess,ok
yuanzhezhou,yuanzhe zhou,waveform-inversion,8,sekai ni itami o,11.32570,85,2025-06-30 21:23:24,"jacobyjaeger,yuanzhezhou,zengzhaoyang",ok
christofhenkel,Dieter,waveform-inversion,9,Dieter,11.49003,1,2025-06-30 21:12:45,christofhenkel,ok
ren4yu,yu4u,waveform-inversion,10,monnu + yu4u,11.91336,51,2025-06-30 23:41:50,"fuumin621,ren4yu",ok
w5833946,Ruby,waveform-inversion,14,Ruby,12.72706,9,2025-06-30 22:58:43,w5833946,ok
cnumber,c-number,waveform-inversion,18,team nBcdm,13.25107,28,2025-06-30 20:48:27,"cnumber,daimarusui3,daiwakun,motono0223,welshonionman",ok
daiwakun,daiwakun,waveform-inversion,18,team nBcdm,13.25107,28,2025-06-30 20:48:27,"cnumber,daimarusui3,daiwakun,motono0223,welshonionman",ok
tomirol,matheus,waveform-inversion,19,tomirol,13.42644,15,2025-06-30 17:11:07,tomirol,ok
cpmpml,CPMP,waveform-inversion,20,CPMP,13.50518,87,2025-06-30 23:47:51,cpmpml,ok
brendanartley,Bartley,waveform-inversion,21,融了再说💥,13.92448,153,2025-06-30 14:37:23,"brendanartley,guoooooooss,shanzhong8,zhuwanglju,zui0711",ok
guoooooooss,guo dashuai,waveform-inversion,21,融了再说💥,13.92448,153,2025-06-30 14:37:23,"brendanartley,guoooooooss,shanzhong8,zhuwanglju,zui0711",ok
darraghdog,Darragh,waveform-inversion,29,vibe coder,18.42576,23,2025-06-29 17:44:05,darraghdog,ok
pingfan,Baiph,waveform-inversion,31,KaiZen,18.99187,175,2025-06-30 22:11:39,"carlosperez97,evgeny000,jdlfuentec,pingfan,xuanmingzhang777",ok
dc5e964768ef56302a32,Rib~,waveform-inversion,39,have fun,22.43638,62,2025-06-23 03:14:28,"chenxin1991,dc5e964768ef56302a32",ok
mathurinache,Mathurin Ache,waveform-inversion,315,Mathurin Aché,25.66080,49,2025-06-22 13:01:26,mathurinache,ok
jamalsaeedi,Cyrus,waveform-inversion,417,Jamal Saeedi,25.66080,27,2025-06-30 23:30:02,jamalsaeedi,ok
titericz,Giba,waveform-inversion,513,Giba,25.66080,3,2025-06-30 17:16:15,titericz,ok
takoihiraokazu,Takoi,waveform-inversion,648,Takoi,28.23467,1,2025-06-15 00:59:06,takoihiraokazu,ok
jaejohn,g john rao,waveform-inversion,751,j9hn,28.86923,7,2025-06-07 03:53:18,jaejohn,ok
tatamikenn,Bilzard,waveform-inversion,777,Bilzard,28.86923,1,2025-06-10 04:59:01,tatamikenn,ok
chack3,ohkawa3,waveform-inversion,803,ohkawa3,29.48383,22,2025-06-24 22:18:33,chack3,ok
asalhi,Ali,waveform-inversion,846,Ali,33.28594,7,2025-05-28 08:22:19,asalhi,ok
wowfattie,Guanshuo Xu,waveform-inversion,931,Guanshuo Xu,47.15623,6,2025-06-05 01:36:51,wowfattie,ok
mathurinache,Mathurin Ache,wikipedia-image-caption,27,Mathurin Aché,0.30525,4,2021-12-02 16:09:58,mathurinache,ok
cdeotte,Chris Deotte,womens-march-mania-2022,175,Chris Deotte,0.44767,2,2022-03-17 06:11:10,cdeotte,ok
hydantess,hyd,womens-march-mania-2022,293,hyd,0.46397,2,2022-03-18 10:20:34,hydantess,ok
mathurinache,Mathurin Ache,womens-march-mania-2022,413,M,0.49277,2,2022-03-15 16:50:31,mathurinache,ok
aerdem4,Ahmet Erdem,womens-march-mania-2022,605,Ahmet Erdem,0.72617,2,2022-03-16 07:05:56,aerdem4,ok
dc5e964768ef56302a32,Rib~,womens-march-mania-2022,646,Aragaki Yui,2.67756,2,2022-03-16 16:22:53,dc5e964768ef56302a32,ok
philippsinger,Psi,wsdm-cup-multilingual-chatbot-arena,385,Team H2O LLM Studio,0.000000,2,2025-02-01 20:02:47,"ilu000,philippsinger",zero_score
mathurinache,Mathurin Ache,wsdm-cup-multilingual-chatbot-arena,637,Mathurin Aché,0.000000,2,2025-01-27 15:59:12,mathurinache,zero_score
yuanzhezhou,yuanzhe zhou,wsdm-cup-multilingual-chatbot-arena,690,training takes 1 day,0.000000,2,2025-01-30 10:19:48,yuanzhezhou,zero_score
takoihiraokazu,Takoi,wsdm-cup-multilingual-chatbot-arena,785,Takoi,0.000000,2,2025-02-03 10:37:01,takoihiraokazu,zero_score
sayoulala,sayoulala,wsdm-cup-multilingual-chatbot-arena,791,sayoulala,0.000000,2,2025-02-03 19:11:11,sayoulala,zero_score
conjuring92,Raja Biswas,wsdm-cup-multilingual-chatbot-arena,805,Team Turing,0.000000,2,2025-02-03 16:40:02,"conjuring92,trushk",zero_score
pingfan,Baiph,wsdm-cup-multilingual-chatbot-arena,809,Oh Your Mercy Never Fails,0.000000,2,2025-02-03 16:25:12,"lizhecheng,pingfan,tonyarobertson,xiaoqinglong1996,xuanmingzhang777",zero_score
leehann,HZM,wsdm-cup-multilingual-chatbot-arena,846,Z&H&G&M&C,0.000000,2,2025-02-03 06:24:41,"cody11null,gauravbrills,leehann,mohammad2012191,wujianming",zero_score
tascj0,tascj,wsdm-cup-multilingual-chatbot-arena,882,tascj,0.000000,2,2025-02-03 18:01:30,tascj0,zero_score
