path,slug,topic,source_url,format,bytes,priority,context,embedded_in
intel/2023-kaggle-ai-report/bodies/429989_img/01.png,2023-kaggle-ai-report,429989,https://www.kaggle.com/competitions/2023-kaggle-ai-report/discussion/429989,png,83104,P1,S3 前 13 场冠军算法表,analysis/deep/2023-kaggle-ai-report.md|notes/other/2023-kaggle-ai-report.md
intel/2023-kaggle-ai-report/bodies/429989_img/02.png,2023-kaggle-ai-report,429989,https://www.kaggle.com/competitions/2023-kaggle-ai-report/discussion/429989,png,61526,P1,Trustworthy AI 六边形,analysis/deep/2023-kaggle-ai-report.md|notes/other/2023-kaggle-ai-report.md
intel/AI4Code/bodies/343595_img/01.png,AI4Code,343595,https://www.kaggle.com/competitions/AI4Code/discussion/343595,png,394949,P2,Qd-AG4-Bsuv-FVh-C5-M.png,
intel/AI4Code/bodies/343595_img/02.png,AI4Code,343595,https://www.kaggle.com/competitions/AI4Code/discussion/343595,png,56802,P2,2.png,
intel/AI4Code/bodies/343659_img/01.png,AI4Code,343659,https://www.kaggle.com/competitions/AI4Code/discussion/343659,png,75374,P1,2nd 的双塔+双 decoder,analysis/deep/AI4Code.md|notes/nlp/AI4Code.md
intel/AI4Code/bodies/343659_img/02.png,AI4Code,343659,https://www.kaggle.com/competitions/AI4Code/discussion/343659,png,21548,P2,inbox%2F743064%2F863249a74f079b19943a7f6a46689e8e%2Fmodel_outputs.png,
intel/AI4Code/bodies/343659_img/03.png,AI4Code,343659,https://www.kaggle.com/competitions/AI4Code/discussion/343659,png,276944,P2,kaggle_ai4code_solution,
intel/AI4Code/bodies/343680_img/01.png,AI4Code,343680,https://www.kaggle.com/competitions/AI4Code/discussion/343680,png,54685,P1,11th 的 Nested Transformers,analysis/deep/AI4Code.md|notes/nlp/AI4Code.md
intel/MABe-mouse-behavior-detection/bodies/609063_img/01.png,MABe-mouse-behavior-detection,609063,https://www.kaggle.com/competitions/MABe-mouse-behavior-detection/discussion/609063,png,142972,P2,inbox%2F113660%2F5f24a08b349a3455895f6b6b7adf513b%2FSelection_738.png,
intel/MABe-mouse-behavior-detection/bodies/663029_img/01.png,MABe-mouse-behavior-detection,663029,https://www.kaggle.com/competitions/MABe-mouse-behavior-detection/discussion/663029,png,498930,P2,actions.png,
intel/MABe-mouse-behavior-detection/bodies/663029_img/02.png,MABe-mouse-behavior-detection,663029,https://www.kaggle.com/competitions/MABe-mouse-behavior-detection/discussion/663029,png,1551801,P1,不同实验室 arena 差异,analysis/deep/MABe-mouse-behavior-detection.md|notes/science/MABe-mouse-behavior-detection.md
intel/MABe-mouse-behavior-detection/bodies/663029_img/03.png,MABe-mouse-behavior-detection,663029,https://www.kaggle.com/competitions/MABe-mouse-behavior-detection/discussion/663029,png,351207,P2,agent_centric.png,
intel/MABe-mouse-behavior-detection/bodies/663029_img/04.png,MABe-mouse-behavior-detection,663029,https://www.kaggle.com/competitions/MABe-mouse-behavior-detection/discussion/663029,png,242041,P2,bodyparts.png,
intel/MABe-mouse-behavior-detection/bodies/663029_img/05.png,MABe-mouse-behavior-detection,663029,https://www.kaggle.com/competitions/MABe-mouse-behavior-detection/discussion/663029,png,160781,P1,CNN Transformer 架构,analysis/deep/MABe-mouse-behavior-detection.md|notes/science/MABe-mouse-behavior-detection.md
intel/MABe-mouse-behavior-detection/bodies/663083_img/01.jpg,MABe-mouse-behavior-detection,663083,https://www.kaggle.com/competitions/MABe-mouse-behavior-detection/discussion/663083,jpg,57634,P2,inbox%2F5547431%2Fc715804b314a45116d6faf883cf15cef%2Fkaggle%20mabe.jpg,
intel/UBC-OCEAN/bodies/465358_img/01.png,UBC-OCEAN,465358,https://www.kaggle.com/competitions/UBC-OCEAN/discussion/465358,png,500665,P1,UBC-OCEAN 13th place dual-backbone MIL pipeline,notes/cv/UBC-OCEAN.md
intel/UBC-OCEAN/bodies/465358_img/02.png,UBC-OCEAN,465358,https://www.kaggle.com/competitions/UBC-OCEAN/discussion/465358,png,467055,P2,inbox%2F698363%2F5ba1a216d5328e17c20cc55e866fcbb5%2Ftma_model.png,
intel/UBC-OCEAN/bodies/465358_img/03.png,UBC-OCEAN,465358,https://www.kaggle.com/competitions/UBC-OCEAN/discussion/465358,png,1128298,P2,inbox%2F698363%2Fd37aaf25fc882b4f0c477f975514b388%2Ftma_v1.png,
intel/UBC-OCEAN/bodies/465358_img/04.png,UBC-OCEAN,465358,https://www.kaggle.com/competitions/UBC-OCEAN/discussion/465358,png,773404,P2,inbox%2F698363%2F7d4e508fdbfd96b7f04f8356408803d2%2Ftma_v2.png,
intel/UBC-OCEAN/bodies/465358_img/05.png,UBC-OCEAN,465358,https://www.kaggle.com/competitions/UBC-OCEAN/discussion/465358,png,686952,P2,inbox%2F698363%2Fe0859f7f5adffe00c3e30cb246b40101%2Ftma_training_embeddings.png,
intel/UBC-OCEAN/bodies/465382_img/01.png,UBC-OCEAN,465382,https://www.kaggle.com/competitions/UBC-OCEAN/discussion/465382,png,2433439,P2,inbox%2F7285387%2F2ad9ed3ef7a2b0b9d8f8f13e1f30bc00%2FArch.png,
intel/UBC-OCEAN/bodies/466455_img/01.png,UBC-OCEAN,466455,https://www.kaggle.com/competitions/UBC-OCEAN/discussion/466455,png,1537003,P1,1st 的流程总览,analysis/deep/UBC-OCEAN.md|notes/cv/UBC-OCEAN.md
intel/UBC-OCEAN/bodies/466455_img/02.png,UBC-OCEAN,466455,https://www.kaggle.com/competitions/UBC-OCEAN/discussion/466455,png,2328833,P2,inbox%2F705762%2Fd3dbaa1da15d2cbbfa5b7ce32381c3ad%2F1020_matter_detection.png,
intel/UBC-OCEAN/bodies/466455_img/03.png,UBC-OCEAN,466455,https://www.kaggle.com/competitions/UBC-OCEAN/discussion/466455,png,843345,P2,inbox%2F705762%2F88d1e1c133cfaac9dee1cce00fb977a4%2Fsample_tiles.png,
intel/UBC-OCEAN/bodies/466455_img/04.png,UBC-OCEAN,466455,https://www.kaggle.com/competitions/UBC-OCEAN/discussion/466455,png,14780,P2,inbox%2F705762%2F13ea1a1f74c768e3f1c5075e25ea282b%2Fbackbones_scores.png,
intel/UBC-OCEAN/bodies/466455_img/05.png,UBC-OCEAN,466455,https://www.kaggle.com/competitions/UBC-OCEAN/discussion/466455,png,703684,P2,inbox%2F705762%2Fac94b6191f21b8c8184f40f03800a74f%2Fumap.png,
intel/ai-agent-security-multi-step-tool-attacks/bodies/738981_img/01.png,ai-agent-security-multi-step-tool-attacks,738981,https://www.kaggle.com/competitions/ai-agent-security-multi-step-tool-attacks/discussion/738981,png,111986,P1,transfer,notes/nlp/ai-agent-security-multi-step-tool-attacks.md
intel/ai-agent-security-multi-step-tool-attacks/bodies/738981_img/02.png,ai-agent-security-multi-step-tool-attacks,738981,https://www.kaggle.com/competitions/ai-agent-security-multi-step-tool-attacks/discussion/738981,png,32807,P2,inbox%2F992596%2F7ec9f71d6bbf6fcab749c96c65a5432c%2Frogii-public-lb-lesson-redacted.png,
intel/ai-agent-security-multi-step-tool-attacks/bodies/738981_img/03.png,ai-agent-security-multi-step-tool-attacks,738981,https://www.kaggle.com/competitions/ai-agent-security-multi-step-tool-attacks/discussion/738981,png,61736,P1,scan,notes/nlp/ai-agent-security-multi-step-tool-attacks.md
intel/ai-agent-security-multi-step-tool-attacks/bodies/738981_img/04.png,ai-agent-security-multi-step-tool-attacks,738981,https://www.kaggle.com/competitions/ai-agent-security-multi-step-tool-attacks/discussion/738981,png,74513,P2,inbox%2F992596%2Fe36921c87cdca5eaceff18da86d56a37%2Fprobe-adaptive-router.png,
intel/ai-agent-security-multi-step-tool-attacks/bodies/738981_img/05.png,ai-agent-security-multi-step-tool-attacks,738981,https://www.kaggle.com/competitions/ai-agent-security-multi-step-tool-attacks/discussion/738981,png,62788,P2,inbox%2F992596%2F58613ebcc71bd5f7e7123952e89850dd%2Fprobe-stage2-amplified.png,
intel/ai-agent-security-multi-step-tool-attacks/bodies/738981_img/06.png,ai-agent-security-multi-step-tool-attacks,738981,https://www.kaggle.com/competitions/ai-agent-security-multi-step-tool-attacks/discussion/738981,png,89906,P2,inbox%2F992596%2Fd6195f85a209bc7ae83858d2f6109336%2Fprobe-stage3-boundaries.png,
intel/ai-agent-security-multi-step-tool-attacks/bodies/738981_img/07.png,ai-agent-security-multi-step-tool-attacks,738981,https://www.kaggle.com/competitions/ai-agent-security-multi-step-tool-attacks/discussion/738981,png,56461,P2,inbox%2F992596%2F1ae63ae033fac62c1156792ab5f4f042%2Fprobe-stage4-destructive.png,
intel/ai-agent-security-multi-step-tool-attacks/bodies/738981_img/08.png,ai-agent-security-multi-step-tool-attacks,738981,https://www.kaggle.com/competitions/ai-agent-security-multi-step-tool-attacks/discussion/738981,png,105844,P1,mechanism,notes/nlp/ai-agent-security-multi-step-tool-attacks.md
intel/ai-agent-security-multi-step-tool-attacks/bodies/738981_img/09.png,ai-agent-security-multi-step-tool-attacks,738981,https://www.kaggle.com/competitions/ai-agent-security-multi-step-tool-attacks/discussion/738981,png,118746,P2,inbox%2F992596%2F570c1d0b272945a24ced4840889ce487%2Fmechanism-intent-tail.png,
intel/ai-agent-security-multi-step-tool-attacks/bodies/738981_img/10.png,ai-agent-security-multi-step-tool-attacks,738981,https://www.kaggle.com/competitions/ai-agent-security-multi-step-tool-attacks/discussion/738981,png,143629,P2,inbox%2F992596%2F7b40bce6821656807d62862246a0dbe4%2Fmechanism-email-setcover.png,
intel/ai-agent-security-multi-step-tool-attacks/bodies/738981_img/11.png,ai-agent-security-multi-step-tool-attacks,738981,https://www.kaggle.com/competitions/ai-agent-security-multi-step-tool-attacks/discussion/738981,png,129930,P2,inbox%2F992596%2F2f6449cae6a49ae3adefdba7985192be%2Fmechanism-mapping-hedge.png,
intel/ai-agent-security-multi-step-tool-attacks/bodies/739322_img/01.png,ai-agent-security-multi-step-tool-attacks,739322,https://www.kaggle.com/competitions/ai-agent-security-multi-step-tool-attacks/discussion/739322,png,131929,P1,cost,notes/nlp/ai-agent-security-multi-step-tool-attacks.md
intel/ai-agent-security-multi-step-tool-attacks/bodies/739322_img/02.png,ai-agent-security-multi-step-tool-attacks,739322,https://www.kaggle.com/competitions/ai-agent-security-multi-step-tool-attacks/discussion/739322,png,140857,P2,inbox%2F150708%2F7dfc58b0abd09baec6cf65b69c13bed4%2Ffig3_hops_predicate.png,
intel/ai-agent-security-multi-step-tool-attacks/bodies/739322_img/03.png,ai-agent-security-multi-step-tool-attacks,739322,https://www.kaggle.com/competitions/ai-agent-security-multi-step-tool-attacks/discussion/739322,png,139129,P1,probes,notes/nlp/ai-agent-security-multi-step-tool-attacks.md
intel/ai-agent-security-multi-step-tool-attacks/bodies/739322_img/04.png,ai-agent-security-multi-step-tool-attacks,739322,https://www.kaggle.com/competitions/ai-agent-security-multi-step-tool-attacks/discussion/739322,png,148772,P2,inbox%2F150708%2F409e8b15913c6363015bcffaf1569710%2Ffig4_screening.png,
intel/ai-agent-security-multi-step-tool-attacks/bodies/739322_img/05.png,ai-agent-security-multi-step-tool-attacks,739322,https://www.kaggle.com/competitions/ai-agent-security-multi-step-tool-attacks/discussion/739322,png,114921,P1,coprime,notes/nlp/ai-agent-security-multi-step-tool-attacks.md
intel/ai-mathematical-olympiad-prize/bodies/519303_img/01.png,ai-mathematical-olympiad-prize,519303,https://www.kaggle.com/competitions/ai-mathematical-olympiad-prize/discussion/519303,png,334163,P1,MuMath-Code 的两阶段训练,analysis/deep/ai-mathematical-olympiad-prize.md|notes/nlp/ai-mathematical-olympiad-prize.md
intel/ai-mathematical-olympiad-prize/bodies/519303_img/02.png,ai-mathematical-olympiad-prize,519303,https://www.kaggle.com/competitions/ai-mathematical-olympiad-prize/discussion/519303,png,513745,P2,inbox%2F264297%2F7e8fe66053516013d69a787a85f15e70%2Ftora.png,
intel/ai-mathematical-olympiad-prize/bodies/519303_img/03.png,ai-mathematical-olympiad-prize,519303,https://www.kaggle.com/competitions/ai-mathematical-olympiad-prize/discussion/519303,png,212736,P2,inbox%2F264297%2F782cadb630e503b5f35c237fd651faaf%2Fsc-tir.png,
intel/ai-mathematical-olympiad-prize/bodies/519303_img/04.png,ai-mathematical-olympiad-prize,519303,https://www.kaggle.com/competitions/ai-mathematical-olympiad-prize/discussion/519303,png,173799,P2,inbox%2F264297%2F0f393f7fb7224bd26b1e7a421f73c195%2Ftot.png,
intel/ai-mathematical-olympiad-prize/bodies/519303_img/05.png,ai-mathematical-olympiad-prize,519303,https://www.kaggle.com/competitions/ai-mathematical-olympiad-prize/discussion/519303,png,260158,P2,inbox%2F264297%2F968c335a19316a3555fc85926dcaf45d%2Fkto-curves.png,
intel/ai-mathematical-olympiad-prize/bodies/519303_img/06.png,ai-mathematical-olympiad-prize,519303,https://www.kaggle.com/competitions/ai-mathematical-olympiad-prize/discussion/519303,png,81476,P2,inbox%2F264297%2Fdefc73c0664ae3f88c3d530d5f7732e2%2Frloo-curves_720.png,
intel/ai-mathematical-olympiad-progress-prize-2/bodies/572948_img/01.png,ai-mathematical-olympiad-progress-prize-2,572948,https://www.kaggle.com/competitions/ai-mathematical-olympiad-progress-prize-2/discussion/572948,png,202449,P2,inbox%2F23572158%2F641a0798dbca8be9adbf1b010cb49159%2F2e6707889efebafd252bd2ad0443d232.png,
intel/ai-mathematical-olympiad-progress-prize-2/bodies/572948_img/02.png,ai-mathematical-olympiad-progress-prize-2,572948,https://www.kaggle.com/competitions/ai-mathematical-olympiad-progress-prize-2/discussion/572948,png,71190,P2,inbox%2F23572158%2Fb0a29a66664d9236e04b532fbc0e03c8%2F7187e4e6d0daeae809ac6559ffa3b103.png,
intel/ai-mathematical-olympiad-progress-prize-2/bodies/572948_img/03.png,ai-mathematical-olympiad-progress-prize-2,572948,https://www.kaggle.com/competitions/ai-mathematical-olympiad-progress-prize-2/discussion/572948,png,94254,P2,inbox%2F23572158%2F5e8c198ab84475ca77c1b8b27adfcdd9%2F5f126916d91bb2519cb69dd4b3256ef3.png,
intel/ai-mathematical-olympiad-progress-prize-2/bodies/572948_img/04.png,ai-mathematical-olympiad-progress-prize-2,572948,https://www.kaggle.com/competitions/ai-mathematical-olympiad-progress-prize-2/discussion/572948,png,108089,P2,inbox%2F23572158%2F1f2074a4fa450da09049e99f3d97f2ab%2Fc1af1024b94a2d7511b234b44df1ab6e.png,
intel/ai-mathematical-olympiad-progress-prize-2/bodies/574765_img/01.png,ai-mathematical-olympiad-progress-prize-2,574765,https://www.kaggle.com/competitions/ai-mathematical-olympiad-progress-prize-2/discussion/574765,png,113314,P2,inbox%2F213493%2F70b340202a566617522baed38915aa25%2F1_fig_3_training_scores.png,
intel/ai-mathematical-olympiad-progress-prize-2/bodies/574765_img/02.jpeg,ai-mathematical-olympiad-progress-prize-2,574765,https://www.kaggle.com/competitions/ai-mathematical-olympiad-progress-prize-2/discussion/574765,jpeg,88011,P2,inbox%2F213493%2F1600cb97cfaf08259271fd42cf57c178%2F2_vLLM%20comparison.jpeg,
intel/ai-mathematical-olympiad-progress-prize-2/bodies/574765_img/03.png,ai-mathematical-olympiad-progress-prize-2,574765,https://www.kaggle.com/competitions/ai-mathematical-olympiad-progress-prize-2/discussion/574765,png,206821,P2,inbox%2F213493%2F4555c9c735ed6627686e451efe987af2%2F3_inflight_batching.png,
intel/ai-mathematical-olympiad-progress-prize-2/bodies/574765_img/04.png,ai-mathematical-olympiad-progress-prize-2,574765,https://www.kaggle.com/competitions/ai-mathematical-olympiad-progress-prize-2/discussion/574765,png,482765,P1,1st 的推理流程,analysis/deep/ai-mathematical-olympiad-progress-prize-2.md|notes/nlp/ai-mathematical-olympiad-progress-prize-2.md
intel/ai-mathematical-olympiad-progress-prize-3/bodies/635859_img/01.png,ai-mathematical-olympiad-progress-prize-3,635859,https://www.kaggle.com/competitions/ai-mathematical-olympiad-progress-prize-3/discussion/635859,png,169856,P1,参考题 pass@3 基线,analysis/deep/ai-mathematical-olympiad-progress-prize-3.md|notes/nlp/ai-mathematical-olympiad-progress-prize-3.md
intel/ai-mathematical-olympiad-progress-prize-3/bodies/662498_img/01.png,ai-mathematical-olympiad-progress-prize-3,662498,https://www.kaggle.com/competitions/ai-mathematical-olympiad-progress-prize-3/discussion/662498,png,866955,P1,AIMO3 历史榜单监控,analysis/deep/ai-mathematical-olympiad-progress-prize-3.md|notes/nlp/ai-mathematical-olympiad-progress-prize-3.md
intel/ai-mathematical-olympiad-progress-prize-3/bodies/703222_img/01.png,ai-mathematical-olympiad-progress-prize-3,703222,https://www.kaggle.com/competitions/ai-mathematical-olympiad-progress-prize-3/discussion/703222,png,52563,P2,inbox%2F21070744%2F96f1e57b11f516cfdce63beeaff1c9e4%2Fgpt-oss-120b.png,
intel/ai-mathematical-olympiad-progress-prize-3/bodies/703222_img/02.png,ai-mathematical-olympiad-progress-prize-3,703222,https://www.kaggle.com/competitions/ai-mathematical-olympiad-progress-prize-3/discussion/703222,png,3799,P2,inbox%2F21070744%2F60ef566e53c3dd2876e771219c0c7d59%2FScreenshot%202026-05-29%20110704.png,
intel/ai-mathematical-olympiad-progress-prize-3/bodies/703222_img/03.png,ai-mathematical-olympiad-progress-prize-3,703222,https://www.kaggle.com/competitions/ai-mathematical-olympiad-progress-prize-3/discussion/703222,png,4625,P2,inbox%2F21070744%2F9c781128c5dba2ea0ba963a0f80a2727%2FScreenshot%202026-05-29%20110750.png,
intel/ai-mathematical-olympiad-progress-prize-3/bodies/703222_img/04.png,ai-mathematical-olympiad-progress-prize-3,703222,https://www.kaggle.com/competitions/ai-mathematical-olympiad-progress-prize-3/discussion/703222,png,108588,P2,inbox%2F21070744%2F914f4f9b8eb0faade7508ea821259f30%2FScreenshot%202026-05-29%20093125.png,
intel/ai-mathematical-olympiad-progress-prize-3/bodies/703222_img/05.png,ai-mathematical-olympiad-progress-prize-3,703222,https://www.kaggle.com/competitions/ai-mathematical-olympiad-progress-prize-3/discussion/703222,png,42550,P2,inbox%2F21070744%2Fdbdcca5e5e88c3f760eed1b7839c3925%2FScreenshot%202026-05-29%20093631.png,
intel/ai-mathematical-olympiad-progress-prize-3/bodies/703222_img/06.png,ai-mathematical-olympiad-progress-prize-3,703222,https://www.kaggle.com/competitions/ai-mathematical-olympiad-progress-prize-3/discussion/703222,png,80410,P2,inbox%2F21070744%2Fef2cbb9d864aae126782c4039ae855af%2FScreenshot%202026-05-29%20092758.png,
intel/ai-mathematical-olympiad-progress-prize-3/bodies/703222_img/07.png,ai-mathematical-olympiad-progress-prize-3,703222,https://www.kaggle.com/competitions/ai-mathematical-olympiad-progress-prize-3/discussion/703222,png,87774,P1,熵的定义,analysis/deep/ai-mathematical-olympiad-progress-prize-3.md|notes/nlp/ai-mathematical-olympiad-progress-prize-3.md
intel/ai-mathematical-olympiad-progress-prize-3/bodies/703222_img/08.png,ai-mathematical-olympiad-progress-prize-3,703222,https://www.kaggle.com/competitions/ai-mathematical-olympiad-progress-prize-3/discussion/703222,png,113800,P2,inbox%2F21070744%2F56eb9e85d8db9da0460a94be9e58ec81%2FScreenshot%202026-05-29%20111930.png,
intel/ai-village-capture-the-flag-defcon31/bodies/454364_img/01.png,ai-village-capture-the-flag-defcon31,454364,https://www.kaggle.com/competitions/ai-village-capture-the-flag-defcon31/discussion/454364,png,80274,P2,Capture-d-cran-2023-10-14-123530.png,
intel/ai-village-capture-the-flag-defcon31/bodies/454364_img/02.jpg,ai-village-capture-the-flag-defcon31,454364,https://www.kaggle.com/competitions/ai-village-capture-the-flag-defcon31/discussion/454364,jpg,37242,P2,d1f612e33f2656c77f84268f13744907.jpg,
intel/ai-village-capture-the-flag-defcon31/bodies/454364_img/03.png,ai-village-capture-the-flag-defcon31,454364,https://www.kaggle.com/competitions/ai-village-capture-the-flag-defcon31/discussion/454364,png,10205,P2,output.png,
intel/ai-village-capture-the-flag-defcon31/bodies/454403_img/01.png,ai-village-capture-the-flag-defcon31,454403,https://www.kaggle.com/competitions/ai-village-capture-the-flag-defcon31/discussion/454403,png,58375,P2,275249288-9827b1c1-9705-4afe-9258-85a89b4b9507.png,
intel/ai-village-capture-the-flag-defcon31/bodies/454471_img/01.png,ai-village-capture-the-flag-defcon31,454471,https://www.kaggle.com/competitions/ai-village-capture-the-flag-defcon31/discussion/454471,png,194539,P1,Cluster3 的 t-SNE 螺旋,analysis/deep/ai-village-capture-the-flag-defcon31.md|notes/sim-agent/ai-village-capture-the-flag-defcon31.md
intel/ai-village-capture-the-flag-defcon31/bodies/454471_img/02.jpg,ai-village-capture-the-flag-defcon31,454471,https://www.kaggle.com/competitions/ai-village-capture-the-flag-defcon31/discussion/454471,jpg,23796,P2,inbox%2F4809009%2Fd256bf1c0e0ccb69d9a1ed035be89725%2FFLAG_1697458397.9996119.jpg,
intel/ai-village-capture-the-flag-defcon31/bodies/454471_img/03.png,ai-village-capture-the-flag-defcon31,454471,https://www.kaggle.com/competitions/ai-village-capture-the-flag-defcon31/discussion/454471,png,22091,P1,Pixelated 的注入载荷,analysis/deep/ai-village-capture-the-flag-defcon31.md|notes/sim-agent/ai-village-capture-the-flag-defcon31.md
intel/ai-village-capture-the-flag-defcon31/bodies/454471_img/04.png,ai-village-capture-the-flag-defcon31,454471,https://www.kaggle.com/competitions/ai-village-capture-the-flag-defcon31/discussion/454471,png,98566,P2,inbox%2F4809009%2Fdd876368b7e22db5d729a0ed89b6d6b1%2Fprogress2.png,
intel/ai-village-capture-the-flag-defcon31/bodies/454471_img/05.png,ai-village-capture-the-flag-defcon31,454471,https://www.kaggle.com/competitions/ai-village-capture-the-flag-defcon31/discussion/454471,png,169074,P2,inbox%2F4809009%2Faa38ce4dbefbd822375af09022fece66%2Fsloth.png,
intel/ai-village-ctf/bodies/344336_img/01.png,ai-village-ctf,344336,https://www.kaggle.com/competitions/ai-village-ctf/discussion/344336,png,2187041,P1,HOTTERDOG 梗图,analysis/deep/ai-village-ctf.md|notes/sim-agent/ai-village-ctf.md
intel/ai-village-ctf/bodies/344396_img/01.jpg,ai-village-ctf,344396,https://www.kaggle.com/competitions/ai-village-ctf/discussion/344396,jpg,95625,P1,It's all connected 梗图,analysis/deep/ai-village-ctf.md|notes/sim-agent/ai-village-ctf.md
intel/amex-default-prediction/bodies/347641_img/01.png,amex-default-prediction,347641,https://www.kaggle.com/competitions/amex-default-prediction/discussion/347641,png,358165,P2,summary.png,
intel/amex-default-prediction/bodies/347641_img/02.png,amex-default-prediction,347641,https://www.kaggle.com/competitions/amex-default-prediction/discussion/347641,png,493724,P1,KD schedule,analysis/deep/amex-default-prediction.md|notes/tabular/amex-default-prediction.md
intel/amex-default-prediction/bodies/347668_img/01.png,amex-default-prediction,347668,https://www.kaggle.com/competitions/amex-default-prediction/discussion/347668,png,62533,P2,inbox%2F100236%2Facf9b55d595c8c030770291e3dd69844%2FWechatIMG5474.png,
intel/amex-default-prediction/bodies/348097_img/01.png,amex-default-prediction,348097,https://www.kaggle.com/competitions/amex-default-prediction/discussion/348097,png,703356,P2,inbox%2F1985486%2F868d637a78b88773048c6f2c9b615402%2F2022-08-27%20063723.png,
intel/amex-default-prediction/bodies/348097_img/02.png,amex-default-prediction,348097,https://www.kaggle.com/competitions/amex-default-prediction/discussion/348097,png,42243,P2,inbox%2F1985486%2F9bc12bb44eee04b66decedd22ae185f1%2F2022-08-27%20055050.png,
intel/amex-default-prediction/bodies/348111_img/01.jpg,amex-default-prediction,348111,https://www.kaggle.com/competitions/amex-default-prediction/discussion/348111,jpg,410579,P2,inbox%2F1098915%2F7fe1db545b78d6ded19e76a3c8497052%2Fdata.jpg,
intel/amex-default-prediction/bodies/348111_img/02.jpg,amex-default-prediction,348111,https://www.kaggle.com/competitions/amex-default-prediction/discussion/348111,jpg,336263,P1,1st weights,analysis/deep/amex-default-prediction.md|notes/tabular/amex-default-prediction.md
intel/amex-default-prediction/bodies/349741_img/01.png,amex-default-prediction,349741,https://www.kaggle.com/competitions/amex-default-prediction/discussion/349741,png,85130,P2,inbox%2F4921130%2Fe26b7df663bf54181e721d156902c4d7%2FAmex_top3.png,
intel/amp-parkinsons-disease-progression-prediction/bodies/411395_img/01.png,amp-parkinsons-disease-progression-prediction,411395,https://www.kaggle.com/competitions/amp-parkinsons-disease-progression-prediction/discussion/411395,png,237122,P2,inbox%2F3110858%2F99690a48cfd9b72ad8bc4fc746815856%2FWX20230519-0926512x.png,
intel/amp-parkinsons-disease-progression-prediction/bodies/411395_img/02.png,amp-parkinsons-disease-progression-prediction,411395,https://www.kaggle.com/competitions/amp-parkinsons-disease-progression-prediction/discussion/411395,png,186880,P2,inbox%2F3110858%2F5705a4149bab70f274bd16c521c5c967%2FWX20230519-1027572x.png,
intel/amp-parkinsons-disease-progression-prediction/bodies/411398_img/01.png,amp-parkinsons-disease-progression-prediction,411398,https://www.kaggle.com/competitions/amp-parkinsons-disease-progression-prediction/discussion/411398,png,358668,P1,UPDRS 均值随就诊月变化,analysis/deep/amp-parkinsons-disease-progression-prediction.md|notes/science/amp-parkinsons-disease-progression-prediction.md
intel/amp-parkinsons-disease-progression-prediction/bodies/411398_img/02.png,amp-parkinsons-disease-progression-prediction,411398,https://www.kaggle.com/competitions/amp-parkinsons-disease-progression-prediction/discussion/411398,png,297766,P2,less2.png,
intel/amp-parkinsons-disease-progression-prediction/bodies/411398_img/03.png,amp-parkinsons-disease-progression-prediction,411398,https://www.kaggle.com/competitions/amp-parkinsons-disease-progression-prediction/discussion/411398,png,385213,P2,more2.png,
intel/amp-parkinsons-disease-progression-prediction/bodies/411436_img/01.png,amp-parkinsons-disease-progression-prediction,411436,https://www.kaggle.com/competitions/amp-parkinsons-disease-progression-prediction/discussion/411436,png,129286,P2,inbox%2F3147995%2Fa8411134509a98d73b5cedf05178a57c%2FCaptura%20desde%202023-05-19%2009-28-32.png,
intel/arc-prize-2024/bodies/545671_img/01.png,arc-prize-2024,545671,https://www.kaggle.com/competitions/arc-prize-2024/discussion/545671,png,229332,P2,inbox%2F264656%2F1872ebd8b23eeb052b5d0de5a20a5c9a%2F1.png,
intel/arc-prize-2024/bodies/545671_img/02.png,arc-prize-2024,545671,https://www.kaggle.com/competitions/arc-prize-2024/discussion/545671,png,121286,P1,Omni-ARC 的六种任务形式,analysis/deep/arc-prize-2024.md|notes/nlp/arc-prize-2024.md
intel/arc-prize-2024/bodies/545671_img/03.png,arc-prize-2024,545671,https://www.kaggle.com/competitions/arc-prize-2024/discussion/545671,png,437776,P2,inbox%2F264656%2Fd875023e376c6b32bfec4fcd9accdc46%2F3.png,
intel/arc-prize-2024/bodies/545671_img/04.png,arc-prize-2024,545671,https://www.kaggle.com/competitions/arc-prize-2024/discussion/545671,png,13046,P2,inbox%2F264656%2F6582e5414c30bcabeae4b4835b80a273%2F4.png,
intel/arc-prize-2024/bodies/545671_img/05.png,arc-prize-2024,545671,https://www.kaggle.com/competitions/arc-prize-2024/discussion/545671,png,13046,P2,inbox%2F264656%2F6582e5414c30bcabeae4b4835b80a273%2F4.png,
intel/arc-prize-2024/bodies/545671_img/06.png,arc-prize-2024,545671,https://www.kaggle.com/competitions/arc-prize-2024/discussion/545671,png,352210,P2,inbox%2F264656%2F52306f5322b2d0d43fabe1f752f44c7a%2F5.png,
intel/arc-prize-2024/bodies/550209_img/01.png,arc-prize-2024,550209,https://www.kaggle.com/competitions/arc-prize-2024/discussion/550209,png,5964,P2,inbox%2F1088223%2Fc0a3c20bc3c7bfb0fe1c745573bb667b%2Foriginal.png,
intel/arc-prize-2024/bodies/550209_img/02.png,arc-prize-2024,550209,https://www.kaggle.com/competitions/arc-prize-2024/discussion/550209,png,5435,P2,inbox%2F1088223%2F035e3733601122e161176774dd890c99%2Frecolored.png,
intel/arc-prize-2025/bodies/651671_img/01.png,arc-prize-2025,651671,https://www.kaggle.com/competitions/arc-prize-2025/discussion/651671,png,302583,P1,NVARC 总体流程,analysis/deep/arc-prize-2025.md|notes/nlp/arc-prize-2025.md
intel/arc-prize-2025/bodies/651671_img/02.png,arc-prize-2025,651671,https://www.kaggle.com/competitions/arc-prize-2025/discussion/651671,png,168221,P1,合成数据规模与验证 loss,analysis/deep/arc-prize-2025.md|notes/nlp/arc-prize-2025.md
intel/arc-prize-2025/bodies/656966_img/01.png,arc-prize-2025,656966,https://www.kaggle.com/competitions/arc-prize-2025/discussion/656966,png,2534334,P2,image%2012.png,
intel/arc-prize-2025/bodies/656966_img/02.jpg,arc-prize-2025,656966,https://www.kaggle.com/competitions/arc-prize-2025/discussion/656966,jpg,526415,P2,arcfront.jpg,
intel/ariel-data-challenge-2024/bodies/543666_img/01.jpg,ariel-data-challenge-2024,543666,https://www.kaggle.com/competitions/ariel-data-challenge-2024/discussion/543666,jpg,46081,P2,inbox%2F71783%2Faf1f3b347ae2379d01f6be441ade29d5%2Fbang.jpg,
intel/ariel-data-challenge-2024/bodies/543760_img/01.png,ariel-data-challenge-2024,543760,https://www.kaggle.com/competitions/ariel-data-challenge-2024/discussion/543760,png,132545,P2,inbox%2F2675447%2F996f94eb1f56e04591f655ae21fb2e4c%2Fpolyfit.png,
intel/ariel-data-challenge-2024/bodies/543760_img/02.png,ariel-data-challenge-2024,543760,https://www.kaggle.com/competitions/ariel-data-challenge-2024/discussion/543760,png,162605,P2,inbox%2F2675447%2F5d6cb1bd93b2387824f3b3443a77dbc1%2Fco2_ch4.png,
intel/ariel-data-challenge-2024/bodies/543760_img/03.png,ariel-data-challenge-2024,543760,https://www.kaggle.com/competitions/ariel-data-challenge-2024/discussion/543760,png,46528,P1,新分子吸收谱增强,notes/science/ariel-data-challenge-2024.md
intel/ariel-data-challenge-2024/bodies/543760_img/04.png,ariel-data-challenge-2024,543760,https://www.kaggle.com/competitions/ariel-data-challenge-2024/discussion/543760,png,180470,P2,inbox%2F2675447%2F06073112b2d1b69ea967d713453eaced%2FBildschirmfoto%20vom%202024-11-01%2011-15-29.png,
intel/ariel-data-challenge-2024/bodies/543760_img/05.png,ariel-data-challenge-2024,543760,https://www.kaggle.com/competitions/ariel-data-challenge-2024/discussion/543760,png,50087,P2,inbox%2F2675447%2Fda04e8b055d836ef5897c7fa1cde22be%2Fsynthetic_data.png,
intel/ariel-data-challenge-2024/bodies/543853_img/01.png,ariel-data-challenge-2024,543853,https://www.kaggle.com/competitions/ariel-data-challenge-2024/discussion/543853,png,267721,P2,inbox%2F14984949%2Fa0860242fa947c058ce0794fa0494cc4%2FScreenshot%202024-11-01%20200453.png,
intel/ariel-data-challenge-2024/bodies/543853_img/02.png,ariel-data-challenge-2024,543853,https://www.kaggle.com/competitions/ariel-data-challenge-2024/discussion/543853,png,391881,P1,信号的乘性分解,notes/science/ariel-data-challenge-2024.md
intel/ariel-data-challenge-2024/bodies/543853_img/03.png,ariel-data-challenge-2024,543853,https://www.kaggle.com/competitions/ariel-data-challenge-2024/discussion/543853,png,95100,P2,inbox%2F14984949%2Fa33b756674801ca459f197f0ca44aaf0%2FScreenshot%202024-11-01%20163604.png,
intel/ariel-data-challenge-2024/bodies/543853_img/04.png,ariel-data-challenge-2024,543853,https://www.kaggle.com/competitions/ariel-data-challenge-2024/discussion/543853,png,53173,P2,inbox%2F14984949%2F5bee2bfd83aacac6b68a00803993e3ea%2FScreenshot%202024-11-01%20163635.png,
intel/ariel-data-challenge-2024/bodies/544317_img/01.png,ariel-data-challenge-2024,544317,https://www.kaggle.com/competitions/ariel-data-challenge-2024/discussion/544317,png,2726,P1,前景（foreground）波形,notes/science/ariel-data-challenge-2024.md
intel/ariel-data-challenge-2024/bodies/544317_img/02.png,ariel-data-challenge-2024,544317,https://www.kaggle.com/competitions/ariel-data-challenge-2024/discussion/544317,png,942832,P2,inbox%2F8458050%2F63105d03f4122d7967b25ca8a546853c%2Fpixel.png,
intel/ariel-data-challenge-2024/bodies/544317_img/03.png,ariel-data-challenge-2024,544317,https://www.kaggle.com/competitions/ariel-data-challenge-2024/discussion/544317,png,151077,P1,NMF 光谱成分,notes/science/ariel-data-challenge-2024.md
intel/ariel-data-challenge-2024/bodies/544471_img/01.png,ariel-data-challenge-2024,544471,https://www.kaggle.com/competitions/ariel-data-challenge-2024/discussion/544471,png,57874,P1,转捩区多项式拟合,notes/science/ariel-data-challenge-2024.md
intel/ariel-data-challenge-2024/bodies/544471_img/02.png,ariel-data-challenge-2024,544471,https://www.kaggle.com/competitions/ariel-data-challenge-2024/discussion/544471,png,104667,P2,inbox%2F6832115%2Fbd3323ba80313ffa3e7afb0bb8427864%2Ferr_vs_diff.png,
intel/ariel-data-challenge-2024/bodies/544471_img/03.png,ariel-data-challenge-2024,544471,https://www.kaggle.com/competitions/ariel-data-challenge-2024/discussion/544471,png,120530,P2,inbox%2F6832115%2F190213158dc4988ae3b401cb59fbe839%2Fmean_preds_targets_diff.png,
intel/ariel-data-challenge-2024/bodies/544471_img/04.png,ariel-data-challenge-2024,544471,https://www.kaggle.com/competitions/ariel-data-challenge-2024/discussion/544471,png,72063,P2,inbox%2F6832115%2Fdda242d14f941ce5fc384edd46dc9c37%2Fsigma_vs_std.png,
intel/ariel-data-challenge-2024/bodies/544471_img/05.png,ariel-data-challenge-2024,544471,https://www.kaggle.com/competitions/ariel-data-challenge-2024/discussion/544471,png,54682,P1,sigma 的二维拟合,notes/science/ariel-data-challenge-2024.md
intel/ariel-data-challenge-2025/bodies/591278_img/01.png,ariel-data-challenge-2025,591278,https://www.kaggle.com/competitions/ariel-data-challenge-2025/discussion/591278,png,185390,P2,data_inspector_screenshot.png,
intel/ariel-data-challenge-2025/bodies/609210_img/01.png,ariel-data-challenge-2025,609210,https://www.kaggle.com/competitions/ariel-data-challenge-2025/discussion/609210,png,29741,P2,inbox%2F11676771%2F2b03340d9a21e83b7f313e3aaa710b6b%2F438737d84bb3b050faf0ae4f1adb8fd6.png,
intel/ariel-data-challenge-2025/bodies/609210_img/02.png,ariel-data-challenge-2025,609210,https://www.kaggle.com/competitions/ariel-data-challenge-2025/discussion/609210,png,23188,P2,inbox%2F11676771%2F3d63b1fc0686b22ebb403229af6eb2d5%2F6d1506b7-957f-4bc2-8810-1992f705f8a8.png,
intel/ariel-data-challenge-2025/bodies/609210_img/03.png,ariel-data-challenge-2025,609210,https://www.kaggle.com/competitions/ariel-data-challenge-2025/discussion/609210,png,88625,P2,inbox%2F11676771%2Faa1b5c478d7feedae89b9eab3929bd7f%2Fd718ac9a-1f1f-44da-90c4-7a78c229a52b.png,
intel/ariel-data-challenge-2025/bodies/609210_img/04.png,ariel-data-challenge-2025,609210,https://www.kaggle.com/competitions/ariel-data-challenge-2025/discussion/609210,png,29026,P2,inbox%2F11676771%2F530edb9c4e96db81340ba3be9c937a2e%2F584f47bf-182c-43d8-8cb6-e3f223a3f6a8.png,
intel/ariel-data-challenge-2025/bodies/609210_img/05.png,ariel-data-challenge-2025,609210,https://www.kaggle.com/competitions/ariel-data-challenge-2025/discussion/609210,png,31730,P2,inbox%2F11676771%2F4391760215c0f2ee849c24bdde20ad0c%2Fffd8de63-7407-4fba-bcee-86691107dbec.png,
intel/ariel-data-challenge-2025/bodies/609276_img/01.png,ariel-data-challenge-2025,609276,https://www.kaggle.com/competitions/ariel-data-challenge-2025/discussion/609276,png,221902,P2,inbox%2F254638%2Fc209358dd02c309ac5067f60b7903724%2Fjitter.png,
intel/ariel-data-challenge-2025/bodies/609276_img/02.png,ariel-data-challenge-2025,609276,https://www.kaggle.com/competitions/ariel-data-challenge-2025/discussion/609276,png,250360,P2,inbox%2F254638%2F7f6d6424c53a3475488d53772ec8b701%2Fair_psf.png,
intel/ariel-data-challenge-2025/bodies/609276_img/03.png,ariel-data-challenge-2025,609276,https://www.kaggle.com/competitions/ariel-data-challenge-2025/discussion/609276,png,606877,P2,inbox%2F254638%2F04530cea65be4483a14e6effec93bbe2%2Ffits.png,
intel/ariel-data-challenge-2025/bodies/609276_img/04.png,ariel-data-challenge-2025,609276,https://www.kaggle.com/competitions/ariel-data-challenge-2025/discussion/609276,png,97115,P2,inbox%2F254638%2F990115e5eb8fa6e302f721f552a1cb94%2Fspectrum.png,
intel/ariel-data-challenge-2025/bodies/609443_img/01.png,ariel-data-challenge-2025,609443,https://www.kaggle.com/competitions/ariel-data-challenge-2025/discussion/609443,png,49700,P2,inbox%2F75976%2F0db2d0135a74f942ed6687fd04eabceb%2FScreenshot%202025-09-26%20at%2019-05-26%20exomod_534_a%20(auto-c%2017)%20-%20JupyterLab.png,
intel/ariel-data-challenge-2025/bodies/609443_img/02.png,ariel-data-challenge-2025,609443,https://www.kaggle.com/competitions/ariel-data-challenge-2025/discussion/609443,png,43981,P2,inbox%2F75976%2Faff24e5206a0ef5d63a49ca2d97cfb14%2FScreenshot%202025-09-26%20at%2019-08-18%20exomod_531_f%20(auto-c%2013)%20-%20JupyterLab.png,
intel/ariel-data-challenge-2025/bodies/609443_img/03.png,ariel-data-challenge-2025,609443,https://www.kaggle.com/competitions/ariel-data-challenge-2025/discussion/609443,png,56452,P2,inbox%2F75976%2F90992f5522784a9cdd749e78954af53c%2FScreenshot%202025-09-26%20at%2019-09-25%20exomod_531_f%20(auto-c%2013)%20-%20JupyterLab.png,
intel/ariel-data-challenge-2025/bodies/609443_img/04.png,ariel-data-challenge-2025,609443,https://www.kaggle.com/competitions/ariel-data-challenge-2025/discussion/609443,png,38573,P2,inbox%2F75976%2F6c4cf9b3028bead1d0d2373b1b4e2007%2FScreenshot%202025-09-26%20at%2019-11-39%20exomod_prepr%20(auto-c%2012)%20-%20JupyterLab.png,
intel/ariel-data-challenge-2025/bodies/609888_img/01.png,ariel-data-challenge-2025,609888,https://www.kaggle.com/competitions/ariel-data-challenge-2025/discussion/609888,png,267721,P2,inbox%2F14984949%2Fa0860242fa947c058ce0794fa0494cc4%2FScreenshot%202024-11-01%20200453.png,
intel/ariel-data-challenge-2025/bodies/609888_img/02.png,ariel-data-challenge-2025,609888,https://www.kaggle.com/competitions/ariel-data-challenge-2025/discussion/609888,png,416234,P2,inbox%2F14984949%2Fa0b169937d51e43db62a030def487f5c%2FScreenshot%202025-09-29%20212745.png,
intel/ariel-data-challenge-2025/bodies/609888_img/03.png,ariel-data-challenge-2025,609888,https://www.kaggle.com/competitions/ariel-data-challenge-2025/discussion/609888,png,37778,P2,inbox%2F14984949%2F6c3728e5a47c97f7371dc1f1d5fb8a27%2FScreenshot%202025-09-30%20090624.png,
intel/ariel-data-challenge-2025/bodies/609888_img/04.png,ariel-data-challenge-2025,609888,https://www.kaggle.com/competitions/ariel-data-challenge-2025/discussion/609888,png,391881,P1,1st 的先验分解,analysis/deep/ariel-data-challenge-2025.md|notes/science/ariel-data-challenge-2025.md
intel/ariel-data-challenge-2025/bodies/609888_img/05.png,ariel-data-challenge-2025,609888,https://www.kaggle.com/competitions/ariel-data-challenge-2025/discussion/609888,png,256430,P2,inbox%2F14984949%2F1b6f904fd58b66870aa7febac31ea864%2FScreenshot%202025-09-30%20111015.png,
intel/asl-fingerspelling/bodies/434353_img/02.png,asl-fingerspelling,434353,https://www.kaggle.com/competitions/asl-fingerspelling/discussion/434353,png,307730,P2,asl_preprocess.png,
intel/asl-fingerspelling/bodies/434393_img/01.png,asl-fingerspelling,434393,https://www.kaggle.com/competitions/asl-fingerspelling/discussion/434393,png,72279,P2,inbox%2F42245%2F54e452eca19b2ee1610a7ecef4ea7cdc%2F1.png,
intel/asl-fingerspelling/bodies/434393_img/02.png,asl-fingerspelling,434393,https://www.kaggle.com/competitions/asl-fingerspelling/discussion/434393,png,107426,P2,inbox%2F42245%2Ffb17306d174a4bd7a4b81ad0acdc0ade%2F2.png,
intel/asl-fingerspelling/bodies/434393_img/03.png,asl-fingerspelling,434393,https://www.kaggle.com/competitions/asl-fingerspelling/discussion/434393,png,64023,P2,inbox%2F42245%2F4834f8f3d02efab8d8f0bbe32a79f9a4%2F3.png,
intel/asl-fingerspelling/bodies/434393_img/04.png,asl-fingerspelling,434393,https://www.kaggle.com/competitions/asl-fingerspelling/discussion/434393,png,334190,P2,inbox%2F42245%2F68866c3f59e3e6b2f308a54fc8b94248%2F4.png,
intel/asl-fingerspelling/bodies/434415_img/01.png,asl-fingerspelling,434415,https://www.kaggle.com/competitions/asl-fingerspelling/discussion/434415,png,31596,P2,FigureA.png,
intel/asl-fingerspelling/bodies/434415_img/02.png,asl-fingerspelling,434415,https://www.kaggle.com/competitions/asl-fingerspelling/discussion/434415,png,26323,P2,FigureB.png,
intel/asl-fingerspelling/bodies/434415_img/03.png,asl-fingerspelling,434415,https://www.kaggle.com/competitions/asl-fingerspelling/discussion/434415,png,28068,P2,FigureC.png,
intel/asl-fingerspelling/bodies/434485_img/01.png,asl-fingerspelling,434485,https://www.kaggle.com/competitions/asl-fingerspelling/discussion/434485,png,1808586,P1,1st 的模型架构,analysis/deep/asl-fingerspelling.md|notes/cv/asl-fingerspelling.md
intel/asl-fingerspelling/bodies/434485_img/02.png,asl-fingerspelling,434485,https://www.kaggle.com/competitions/asl-fingerspelling/discussion/434485,png,699230,P2,inbox%2F1424766%2F4693e3379ea6a1631bb3cb7b9044d42a%2FScreenshot%202023-08-25%20at%2012.58.07.png,
intel/asl-signs/bodies/391265_img/01.png,asl-signs,391265,https://www.kaggle.com/competitions/asl-signs/discussion/391265,png,170124,P2,Selection-999-1855.png,
intel/asl-signs/bodies/406306_img/01.jpg,asl-signs,406306,https://www.kaggle.com/competitions/asl-signs/discussion/406306,jpg,153330,P1,2nd 的关键点图像化,analysis/deep/asl-signs.md|notes/tabular/asl-signs.md
intel/asl-signs/bodies/406306_img/02.png,asl-signs,406306,https://www.kaggle.com/competitions/asl-signs/discussion/406306,png,20018,P2,inbox%2F4212496%2F5d2b97cf6754c5f4063724181bfe7172%2Fbefore_aug.png,
intel/asl-signs/bodies/406306_img/03.png,asl-signs,406306,https://www.kaggle.com/competitions/asl-signs/discussion/406306,png,19359,P2,inbox%2F4212496%2F516f0790f6f9903ad8943977bc392965%2Fafter_aug.png,
intel/asl-signs/bodies/406537_img/01.png,asl-signs,406537,https://www.kaggle.com/competitions/asl-signs/discussion/406537,png,177235,P2,ISLR-drawio-1.png,
intel/asl-signs/bodies/406537_img/02.png,asl-signs,406537,https://www.kaggle.com/competitions/asl-signs/discussion/406537,png,75201,P2,ISLR-Train-drawio-1.png,
intel/asl-signs/bodies/406537_img/03.png,asl-signs,406537,https://www.kaggle.com/competitions/asl-signs/discussion/406537,png,48075,P2,cvlb.png,
intel/asl-signs/bodies/406684_img/01.png,asl-signs,406684,https://www.kaggle.com/competitions/asl-signs/discussion/406684,png,89684,P2,inbox%2F5003978%2Ff23fef7388aa47b7a1e26f6261e6c0a4%2F.png,
intel/asl-signs/bodies/406978_img/01.png,asl-signs,406978,https://www.kaggle.com/competitions/asl-signs/discussion/406978,png,38770,P2,inbox%2F5003978%2Fbe49144829fb999b091d0502ceec8237%2F2023-05-05%20%201.41.28.png,
intel/asl-signs/bodies/406978_img/02.png,asl-signs,406978,https://www.kaggle.com/competitions/asl-signs/discussion/406978,png,74036,P2,inbox%2F5003978%2F26e5323e751aa724bdd12daf140387d5%2F2023-05-05%20%201.43.46.png,
intel/benetech-making-graphs-accessible/bodies/396773_img/01.png,benetech-making-graphs-accessible,396773,https://www.kaggle.com/competitions/benetech-making-graphs-accessible/discussion/396773,png,815568,P2,inbox%2F3197853%2F649b0fe7f791cae2522d4153ec579b22%2FScreen%20Shot%202023-03-22%20at%2018.50.11.png,
intel/benetech-making-graphs-accessible/bodies/396773_img/02.png,benetech-making-graphs-accessible,396773,https://www.kaggle.com/competitions/benetech-making-graphs-accessible/discussion/396773,png,2595468,P2,inbox%2F3197853%2F2d3f1a5bfed0969dae77a74514e47ea4%2FScreen%20Shot%202023-03-22%20at%2018.50.26.png,
intel/benetech-making-graphs-accessible/bodies/396773_img/03.png,benetech-making-graphs-accessible,396773,https://www.kaggle.com/competitions/benetech-making-graphs-accessible/discussion/396773,png,816340,P2,inbox%2F3197853%2Fb1f0ef1f03e6e0cb989b9b6288c3e4d8%2FScreen%20Shot%202023-03-22%20at%2019.04.29.png,
intel/benetech-making-graphs-accessible/bodies/396773_img/04.png,benetech-making-graphs-accessible,396773,https://www.kaggle.com/competitions/benetech-making-graphs-accessible/discussion/396773,png,1072346,P2,inbox%2F3197853%2F279d702c6ce5d659be5693e64196d99d%2FScreen%20Shot%202023-03-22%20at%2019.04.12.png,
intel/benetech-making-graphs-accessible/bodies/418420_img/01.png,benetech-making-graphs-accessible,418420,https://www.kaggle.com/competitions/benetech-making-graphs-accessible/discussion/418420,png,53089,P2,cls.png,
intel/benetech-making-graphs-accessible/bodies/418420_img/02.png,benetech-making-graphs-accessible,418420,https://www.kaggle.com/competitions/benetech-making-graphs-accessible/discussion/418420,png,77984,P2,scatter-pipe.png,
intel/benetech-making-graphs-accessible/bodies/418420_img/03.png,benetech-making-graphs-accessible,418420,https://www.kaggle.com/competitions/benetech-making-graphs-accessible/discussion/418420,png,80499,P2,dot-pipe.png,
intel/benetech-making-graphs-accessible/bodies/418430_img/01.png,benetech-making-graphs-accessible,418430,https://www.kaggle.com/competitions/benetech-making-graphs-accessible/discussion/418430,png,60830,P1,2nd 的两阶段训练管线,analysis/deep/benetech-making-graphs-accessible.md|notes/cv/benetech-making-graphs-accessible.md
intel/benetech-making-graphs-accessible/bodies/418510_img/01.jpg,benetech-making-graphs-accessible,418510,https://www.kaggle.com/competitions/benetech-making-graphs-accessible/discussion/418510,jpg,13958,P2,inbox%2F1713154%2Fdc243c99a1031a1d8e4ddc2f2dbc0250%2F000b92c3b098.jpg,
intel/benetech-making-graphs-accessible/bodies/418510_img/02.png,benetech-making-graphs-accessible,418510,https://www.kaggle.com/competitions/benetech-making-graphs-accessible/discussion/418510,png,98938,P2,inbox%2F1713154%2F729ce9a29230faa6093f8d795020f25a%2FScreenshot_2023-06-20_at_11.35.00.png,
intel/benetech-making-graphs-accessible/bodies/418510_img/03.png,benetech-making-graphs-accessible,418510,https://www.kaggle.com/competitions/benetech-making-graphs-accessible/discussion/418510,png,85226,P2,inbox%2F1713154%2F6ade62f528b74599879f6833bc737a23%2FScreenshot_2023-06-20_at_11.32.59.png,
intel/benetech-making-graphs-accessible/bodies/418510_img/04.png,benetech-making-graphs-accessible,418510,https://www.kaggle.com/competitions/benetech-making-graphs-accessible/discussion/418510,png,110646,P2,inbox%2F1713154%2Fe6af38a3f7ec91c67630248db8800533%2FScreenshot_2023-06-20_at_11.18.59.png,
intel/benetech-making-graphs-accessible/bodies/418510_img/05.png,benetech-making-graphs-accessible,418510,https://www.kaggle.com/competitions/benetech-making-graphs-accessible/discussion/418510,png,121340,P2,inbox%2F1713154%2F60bcf18082ab15baf5a1879668494d18%2FScreenshot_2023-06-20_at_11.19.19.png,
intel/benetech-making-graphs-accessible/bodies/418510_img/06.png,benetech-making-graphs-accessible,418510,https://www.kaggle.com/competitions/benetech-making-graphs-accessible/discussion/418510,png,114729,P2,inbox%2F1713154%2Ffd84003f92f9f973e8019ba2564e1315%2FScreenshot_2023-06-20_at_11.16.21.png,
intel/benetech-making-graphs-accessible/bodies/418786_img/01.jpg,benetech-making-graphs-accessible,418786,https://www.kaggle.com/competitions/benetech-making-graphs-accessible/discussion/418786,jpg,1339444,P2,inbox%2F3823496%2F16283ff691149c87b3b01a49a432f107%2Foverview.jpg,
intel/benetech-making-graphs-accessible/bodies/418786_img/02.jpg,benetech-making-graphs-accessible,418786,https://www.kaggle.com/competitions/benetech-making-graphs-accessible/discussion/418786,jpg,453470,P2,inbox%2F3823496%2Fd4df82a41fcaebeda2ffc93fb8ad9159%2Fgenerated_data.jpg,
intel/benetech-making-graphs-accessible/bodies/418786_img/03.jpg,benetech-making-graphs-accessible,418786,https://www.kaggle.com/competitions/benetech-making-graphs-accessible/discussion/418786,jpg,715119,P2,inbox%2F3823496%2F0a86b394e87edd440600ac531288897c%2FDeplot_training.jpg,
intel/bengaliai-speech/bodies/425496_img/01.png,bengaliai-speech,425496,https://www.kaggle.com/competitions/bengaliai-speech/discussion/425496,png,80163,P2,inbox%2F113660%2Fd1010fbf802e033d78dfb6ed2043dbea%2FSelection_999(2747).png,
intel/bengaliai-speech/bodies/447957_img/01.png,bengaliai-speech,447957,https://www.kaggle.com/competitions/bengaliai-speech/discussion/447957,png,14500,P2,inbox%2F9268451%2Fc66948ac5c61830bd513e6af4564cfa4%2Fdenoising_solution.png,
intel/bengaliai-speech/bodies/447957_img/02.png,bengaliai-speech,447957,https://www.kaggle.com/competitions/bengaliai-speech/discussion/447957,png,15265,P2,inbox%2F9268451%2Fdc61bcc13bd81e9a0259a3df7b95ac6f%2Fesprit_solution.png,
intel/bengaliai-speech/bodies/448006_img/01.png,bengaliai-speech,448006,https://www.kaggle.com/competitions/bengaliai-speech/discussion/448006,png,116371,P1,5th 的隐状态拼接集成,analysis/deep/bengaliai-speech.md|notes/audio/bengaliai-speech.md
intel/bengaliai-speech/bodies/448006_img/02.png,bengaliai-speech,448006,https://www.kaggle.com/competitions/bengaliai-speech/discussion/448006,png,29992,P2,inbox%2F2959383%2Fd077b0fb9e9042395af9401e0b509c65%2FBild2.png,
intel/biohub-cell-tracking-during-development/bodies/744484_img/01.png,biohub-cell-tracking-during-development,744484,https://www.kaggle.com/competitions/biohub-cell-tracking-during-development/discussion/744484,png,867523,P2,inbox%2F745525%2F11838c91b2611653d8c246657fd05b02%2Fpipeline.png,
intel/biohub-cell-tracking-during-development/bodies/744486_img/01.png,biohub-cell-tracking-during-development,744486,https://www.kaggle.com/competitions/biohub-cell-tracking-during-development/discussion/744486,png,389241,P2,inbox%2F4310004%2Fb91948cbf09f4411390e6b1b7e453f5b%2F.png,
intel/biohub-cell-tracking-during-development/bodies/744486_img/02.png,biohub-cell-tracking-during-development,744486,https://www.kaggle.com/competitions/biohub-cell-tracking-during-development/discussion/744486,png,125991,P2,inbox%2F4310004%2F1033e9f8ac3903a4e8315ad36e465d2e%2Fflowseg.png,
intel/biohub-cell-tracking-during-development/bodies/744486_img/03.png,biohub-cell-tracking-during-development,744486,https://www.kaggle.com/competitions/biohub-cell-tracking-during-development/discussion/744486,png,124561,P2,inbox%2F4310004%2Fbda1aa42599f30d1de8f33386e9d13ac%2F(1).png,
intel/biohub-cell-tracking-during-development/bodies/744486_img/04.png,biohub-cell-tracking-during-development,744486,https://www.kaggle.com/competitions/biohub-cell-tracking-during-development/discussion/744486,png,55565,P2,inbox%2F4310004%2F1e5e3e6bd2e0a52325793122b15cd945%2Fslot-02-the-ilp-fork-price.png,
intel/biohub-cell-tracking-during-development/bodies/744486_img/05.png,biohub-cell-tracking-during-development,744486,https://www.kaggle.com/competitions/biohub-cell-tracking-during-development/discussion/744486,png,68171,P2,inbox%2F4310004%2F4d4536532fbd265b2b1c62a126b2015e%2Fslot-03-gnn-linker-mask-features.png,
intel/biohub-cell-tracking-during-development/bodies/744486_img/06.png,biohub-cell-tracking-during-development,744486,https://www.kaggle.com/competitions/biohub-cell-tracking-during-development/discussion/744486,png,64484,P2,inbox%2F4310004%2Fa5d63546074689b2c3dc2e915615f271%2Fslot-04-motion-relink.png,
intel/biohub-cell-tracking-during-development/bodies/744486_img/07.png,biohub-cell-tracking-during-development,744486,https://www.kaggle.com/competitions/biohub-cell-tracking-during-development/discussion/744486,png,69102,P2,inbox%2F4310004%2Fc2c8fa7111241b3c8819bdfccb2d7a8a%2Fslot-05-three-gap-closers.png,
intel/biohub-cell-tracking-during-development/bodies/744486_img/08.png,biohub-cell-tracking-during-development,744486,https://www.kaggle.com/competitions/biohub-cell-tracking-during-development/discussion/744486,png,96937,P2,inbox%2F4310004%2F9ea0fdd7d6a4376c625821a472ff2519%2Fslot-06-ensembling-two-graphs.png,
intel/biohub-cell-tracking-during-development/bodies/744486_img/09.png,biohub-cell-tracking-during-development,744486,https://www.kaggle.com/competitions/biohub-cell-tracking-during-development/discussion/744486,png,55029,P2,inbox%2F4310004%2Fa238edc379bcca7beea46305ca4c4f53%2Fslot-07-format-guard.png,
intel/biohub-cell-tracking-during-development/bodies/744486_img/10.png,biohub-cell-tracking-during-development,744486,https://www.kaggle.com/competitions/biohub-cell-tracking-during-development/discussion/744486,png,79676,P2,inbox%2F4310004%2Fdcc0052e979a419f89e738a96165148f%2F(2).png,
intel/biohub-cell-tracking-during-development/bodies/744486_img/11.png,biohub-cell-tracking-during-development,744486,https://www.kaggle.com/competitions/biohub-cell-tracking-during-development/discussion/744486,png,211342,P2,inbox%2F4310004%2F7543603cb30eac78bd638e0a91a330e5%2F(3).png,
intel/biohub-cell-tracking-during-development/bodies/744486_img/12.png,biohub-cell-tracking-during-development,744486,https://www.kaggle.com/competitions/biohub-cell-tracking-during-development/discussion/744486,png,222757,P2,inbox%2F4310004%2Fd3f43cc11127b68705d3a7c8316fbe5c%2Fdivflow.png,
intel/biohub-cell-tracking-during-development/bodies/744486_img/13.png,biohub-cell-tracking-during-development,744486,https://www.kaggle.com/competitions/biohub-cell-tracking-during-development/discussion/744486,png,181204,P2,inbox%2F4310004%2Ffdb803e92927948ae97d9cca5ea03db6%2F(4).png,
intel/biohub-cell-tracking-during-development/bodies/744486_img/14.png,biohub-cell-tracking-during-development,744486,https://www.kaggle.com/competitions/biohub-cell-tracking-during-development/discussion/744486,png,437785,P2,inbox%2F4310004%2F9aa28b176944c81f56638bd5b9b7610d%2F(5).png,
intel/biohub-cell-tracking-during-development/bodies/744486_img/15.png,biohub-cell-tracking-during-development,744486,https://www.kaggle.com/competitions/biohub-cell-tracking-during-development/discussion/744486,png,95966,P2,inbox%2F4310004%2F3ade84b568c1bfc971bed9874f1ad0d0%2Fslot-09-rbr-adder.png,
intel/biohub-cell-tracking-during-development/bodies/744486_img/16.png,biohub-cell-tracking-during-development,744486,https://www.kaggle.com/competitions/biohub-cell-tracking-during-development/discussion/744486,png,94544,P2,inbox%2F4310004%2F6ab14887eb0bcbf397c2e99b9de287b6%2Fslot-10-division-classifiers-and-verifier.png,
intel/biohub-cell-tracking-during-development/bodies/744549_img/01.png,biohub-cell-tracking-during-development,744549,https://www.kaggle.com/competitions/biohub-cell-tracking-during-development/discussion/744549,png,1926738,P2,inbox%2F2312281%2F3a2a5bd402f9b0594e83dd4c0c8b2dee%2F1_drift.png,
intel/biohub-cell-tracking-during-development/bodies/744549_img/02.png,biohub-cell-tracking-during-development,744549,https://www.kaggle.com/competitions/biohub-cell-tracking-during-development/discussion/744549,png,218106,P2,inbox%2F2312281%2F91f30a25f1c7c6fe17ac80ec71acee34%2F2_linker.png,
intel/biohub-cell-tracking-during-development/bodies/744549_img/03.png,biohub-cell-tracking-during-development,744549,https://www.kaggle.com/competitions/biohub-cell-tracking-during-development/discussion/744549,png,170993,P2,inbox%2F2312281%2Faad0ac87f3def95d70775d9b1c24743c%2F3_tracking.png,
intel/biohub-cell-tracking-during-development/bodies/744801_img/01.png,biohub-cell-tracking-during-development,744801,https://www.kaggle.com/competitions/biohub-cell-tracking-during-development/discussion/744801,png,562275,P1,1st 的四段式追踪管线,analysis/deep/biohub-cell-tracking-during-development.md|notes/cv/biohub-cell-tracking-during-development.md
intel/biohub-cell-tracking-during-development/bodies/744801_img/02.png,biohub-cell-tracking-during-development,744801,https://www.kaggle.com/competitions/biohub-cell-tracking-during-development/discussion/744801,png,347630,P2,inbox%2F2221915%2Ffd359777c6e2066fa9827e93041a5012%2Funet.png,
intel/biohub-cell-tracking-during-development/bodies/744801_img/03.gif,biohub-cell-tracking-during-development,744801,https://www.kaggle.com/competitions/biohub-cell-tracking-during-development/discussion/744801,gif,2331197,P2,inbox%2F2221915%2F5e103c8b92ab80896af62a85979f5ab0%2Fsegmentation_z.gif [GIF],
intel/biohub-cell-tracking-during-development/bodies/744801_img/04.png,biohub-cell-tracking-during-development,744801,https://www.kaggle.com/competitions/biohub-cell-tracking-during-development/discussion/744801,png,153578,P2,inbox%2F2221915%2Ffa1d421cac80a45072517c19e85e1668%2Fmae_reconstruction.png,
intel/biohub-cell-tracking-during-development/bodies/744801_img/05.gif,biohub-cell-tracking-during-development,744801,https://www.kaggle.com/competitions/biohub-cell-tracking-during-development/discussion/744801,gif,265275,P2,inbox%2F2221915%2F7193a76b3c4b3e903b2727e7a45d3d86%2Finterphase_vs_soon_6bba.gif [GIF],
intel/biohub-cell-tracking-during-development/bodies/744801_img/06.gif,biohub-cell-tracking-during-development,744801,https://www.kaggle.com/competitions/biohub-cell-tracking-during-development/discussion/744801,gif,261020,P2,inbox%2F2221915%2Fedcd156320a2c0eafddb48859459f298%2Finterphase_vs_soon_44b6.gif [GIF],
intel/biohub-cell-tracking-during-development/bodies/744801_img/07.png,biohub-cell-tracking-during-development,744801,https://www.kaggle.com/competitions/biohub-cell-tracking-during-development/discussion/744801,png,151456,P2,inbox%2F2221915%2Fd94cf867ac042f52645fbe16e922f874%2Fsoon_timeline.png,
intel/biohub-cell-tracking-during-development/bodies/744801_img/08.png,biohub-cell-tracking-during-development,744801,https://www.kaggle.com/competitions/biohub-cell-tracking-during-development/discussion/744801,png,561867,P2,inbox%2F2221915%2F3af8b495e801e29a98e53116ffe14c9b%2Fsoon_net.png,
intel/biohub-cell-tracking-during-development/bodies/744801_img/09.gif,biohub-cell-tracking-during-development,744801,https://www.kaggle.com/competitions/biohub-cell-tracking-during-development/discussion/744801,gif,4311995,P2,inbox%2F2221915%2F61d1182625f817a8a1c291cef2089689%2Fsoon_camera_k1.gif [GIF],
intel/biohub-cell-tracking-during-development/bodies/744801_img/10.png,biohub-cell-tracking-during-development,744801,https://www.kaggle.com/competitions/biohub-cell-tracking-during-development/discussion/744801,png,477389,P2,inbox%2F2221915%2F924ff6702eaf16c18eefcdf17cd4cd1d%2Flinker.png,
intel/birdclef-2022/bodies/327193_img/01.png,birdclef-2022,327193,https://www.kaggle.com/competitions/birdclef-2022/discussion/327193,png,49852,P1,小类鸟的预测分布（focal vs BCE）,notes/audio/birdclef-2022.md
intel/birdclef-2022/bodies/327193_img/02.png,birdclef-2022,327193,https://www.kaggle.com/competitions/birdclef-2022/discussion/327193,png,57151,P1,大类鸟的预测分布,notes/audio/birdclef-2022.md
intel/birdclef-2022/bodies/327193_img/03.png,birdclef-2022,327193,https://www.kaggle.com/competitions/birdclef-2022/discussion/327193,png,104447,P1,逐鸟非目标分布与阈值,notes/audio/birdclef-2022.md
intel/birdclef-2023/bodies/395843_img/01.png,birdclef-2023,395843,https://www.kaggle.com/competitions/birdclef-2023/discussion/395843,png,124541,P2,wandb-v2.png,
intel/birdclef-2023/bodies/412922_img/01.jpeg,birdclef-2023,412922,https://www.kaggle.com/competitions/birdclef-2023/discussion/412922,jpeg,15686,P1,推理库耗时对比,analysis/deep/birdclef-2023.md|notes/audio/birdclef-2023.md
intel/birdclef-2024/bodies/511845_img/01.png,birdclef-2024,511845,https://www.kaggle.com/competitions/birdclef-2024/discussion/511845,png,29918,P2,zu1.drawio.png,
intel/birdclef-2024/bodies/511905_img/01.png,birdclef-2024,511905,https://www.kaggle.com/competitions/birdclef-2024/discussion/511905,png,69550,P2,Bird-CLEF-pipe.png,
intel/birdclef-2024/bodies/512197_img/01.png,birdclef-2024,512197,https://www.kaggle.com/competitions/birdclef-2024/discussion/512197,png,138334,P2,inbox%2F9087466%2F9c76f776b01f69c7f9c15d9e09558394%2Ffolds_stats.png,
intel/birdclef-2024/bodies/512197_img/02.png,birdclef-2024,512197,https://www.kaggle.com/competitions/birdclef-2024/discussion/512197,png,10173,P2,inbox%2F9087466%2Fa66181f3fb3ee33a689b7de5683f197b%2F10sec_chunk.png,
intel/birdclef-2024/bodies/512197_img/03.png,birdclef-2024,512197,https://www.kaggle.com/competitions/birdclef-2024/discussion/512197,png,90427,P1,1st 的集成推理流程,analysis/deep/birdclef-2024.md|notes/audio/birdclef-2024.md
intel/birdclef-2024/bodies/512197_img/04.png,birdclef-2024,512197,https://www.kaggle.com/competitions/birdclef-2024/discussion/512197,png,32268,P2,inbox%2F9087466%2F965b956a033901dc7ff081b4c712fa7c%2Fmin_mean.png,
intel/birdclef-2025/bodies/583312_img/01.png,birdclef-2025,583312,https://www.kaggle.com/competitions/birdclef-2025/discussion/583312,png,90825,P1,5th 的人机协同清理工具,notes/audio/birdclef-2025.md
intel/birdclef-2025/bodies/583312_img/02.png,birdclef-2025,583312,https://www.kaggle.com/competitions/birdclef-2025/discussion/583312,png,148930,P1,5th 的三阶段自蒸馏,notes/audio/birdclef-2025.md
intel/birdclef-2025/bodies/583312_img/03.png,birdclef-2025,583312,https://www.kaggle.com/competitions/birdclef-2025/discussion/583312,png,78516,P2,inbox%2F7858865%2Fc338a223e674477dad328e61ee7ca5d4%2F3.png,
intel/birdclef-2025/bodies/583312_img/04.png,birdclef-2025,583312,https://www.kaggle.com/competitions/birdclef-2025/discussion/583312,png,33497,P2,inbox%2F7858865%2F1072ff957b42d2ae2488bd9a17e36954%2F4.png,
intel/birdclef-2025/bodies/583577_img/01.png,birdclef-2025,583577,https://www.kaggle.com/competitions/birdclef-2025/discussion/583577,png,484800,P1,1st 的完整训练/自训练循环,notes/audio/birdclef-2025.md
intel/birdclef-2025/bodies/583577_img/02.png,birdclef-2025,583577,https://www.kaggle.com/competitions/birdclef-2025/discussion/583577,png,1393531,P2,inbox%2F6343664%2F1ec944c9964ce42435c2660a178724c3%2Fbird_clef_inference%20(1).png,
intel/birdclef-2025/bodies/583577_img/03.jpg,birdclef-2025,583577,https://www.kaggle.com/competitions/birdclef-2025/discussion/583577,jpg,37235,P1,power transform 降噪,notes/audio/birdclef-2025.md
intel/birdclef-2025/bodies/583699_img/01.png,birdclef-2025,583699,https://www.kaggle.com/competitions/birdclef-2025/discussion/583699,png,133251,P2,inbox%2F1690820%2F5fcb7c97edf0aa8055f55d538752c12b%2Fspec_1.png,
intel/birdclef-2025/bodies/583699_img/02.png,birdclef-2025,583699,https://www.kaggle.com/competitions/birdclef-2025/discussion/583699,png,154367,P2,inbox%2F1690820%2F447bae96e17a57ddcc4b5eafed62e163%2Fspec_2.png,
intel/birdclef-2025/bodies/583699_img/03.jpeg,birdclef-2025,583699,https://www.kaggle.com/competitions/birdclef-2025/discussion/583699,jpeg,100264,P2,inbox%2F1690820%2F988997f4b2d3fc7e24c8ed6b209a495e%2Fspec_3.jpeg,
intel/birdclef-2025/bodies/583699_img/04.png,birdclef-2025,583699,https://www.kaggle.com/competitions/birdclef-2025/discussion/583699,png,48054,P1,验证-LB 相关性在高分段消失,notes/audio/birdclef-2025.md
intel/birdclef-2026/bodies/704264_img/01.jpg,birdclef-2026,704264,https://www.kaggle.com/competitions/birdclef-2026/discussion/704264,jpg,206182,P2,inbox%2F9258271%2Ffd3ab7dc69eb836f2da452bb886c86c8%2FNEWTON%20-%20SED%20Architecture.jpg,
intel/birdclef-2026/bodies/704264_img/02.jpg,birdclef-2026,704264,https://www.kaggle.com/competitions/birdclef-2026/discussion/704264,jpg,149699,P2,inbox%2F9258271%2F33cb6daafb34672c7062b5a63b47a638%2FNEWTON%20-%20Inference%20Single%20Model.jpg,
intel/birdclef-2026/bodies/704264_img/03.png,birdclef-2026,704264,https://www.kaggle.com/competitions/birdclef-2026/discussion/704264,png,141551,P2,inbox%2F9258271%2F06fec96ab59d279667c4c79a75f4d695%2FScreenshot%202026-06-03%20at%207.31.25PM.png,
intel/birdclef-2026/bodies/704271_img/01.png,birdclef-2026,704271,https://www.kaggle.com/competitions/birdclef-2026/discussion/704271,png,359256,P2,inbox%2F1562037%2F175dc74a649a19ebf14a5a829fe6141f%2F_20260603115418_30254_68.png,
intel/birdclef-2026/bodies/704271_img/02.png,birdclef-2026,704271,https://www.kaggle.com/competitions/birdclef-2026/discussion/704271,png,426282,P2,inbox%2F1562037%2F51496c04bc4c265184af4c0b0b451dda%2Fdn_compare_all_species.png,
intel/birdclef-2026/bodies/704391_img/01.png,birdclef-2026,704391,https://www.kaggle.com/competitions/birdclef-2026/discussion/704391,png,365132,P2,inbox%2F4310004%2F1609709cf394499e6b31102307091756%2F1234.png,
intel/birdclef-2026/bodies/704752_img/01.png,birdclef-2026,704752,https://www.kaggle.com/competitions/birdclef-2026/discussion/704752,png,366775,P1,1st 的完整管线,analysis/deep/birdclef-2026.md|notes/audio/birdclef-2026.md
intel/blood-vessel-segmentation/bodies/456118_img/01.png,blood-vessel-segmentation,456118,https://www.kaggle.com/competitions/blood-vessel-segmentation/discussion/456118,png,144913,P2,inbox%2F113660%2F9d2a1890f2fb71476d7f68beb7c6bbfe%2FSelection_999(4173).png,
intel/blood-vessel-segmentation/bodies/456118_img/02.png,blood-vessel-segmentation,456118,https://www.kaggle.com/competitions/blood-vessel-segmentation/discussion/456118,png,1990017,P2,inbox%2F113660%2Fb10649f7ef86cac4a3a7fd5b8d72126d%2FSelection_999(4053).png,
intel/blood-vessel-segmentation/bodies/475052_img/01.png,blood-vessel-segmentation,475052,https://www.kaggle.com/competitions/blood-vessel-segmentation/discussion/475052,png,61775,P2,inbox%2F207760%2F0e15deeafd39981c337888fdaf27e2c9%2FScreenshot%202024-02-07%20at%2002.40.31.png,
intel/blood-vessel-segmentation/bodies/475052_img/02.png,blood-vessel-segmentation,475052,https://www.kaggle.com/competitions/blood-vessel-segmentation/discussion/475052,png,1207508,P2,inbox%2F207760%2F0484711261976f944aca4341305752f2%2FindividualImage.png,
intel/blood-vessel-segmentation/bodies/475052_img/03.png,blood-vessel-segmentation,475052,https://www.kaggle.com/competitions/blood-vessel-segmentation/discussion/475052,png,1739457,P2,inbox%2F207760%2F157fa4895ef81f6e1fc0dbb8e685c17d%2FindividualImage-2.png,
intel/blood-vessel-segmentation/bodies/475052_img/04.png,blood-vessel-segmentation,475052,https://www.kaggle.com/competitions/blood-vessel-segmentation/discussion/475052,png,90142,P2,inbox%2F207760%2Fcd379db59f3575778ebc4eca63ef0189%2FScreenshot%202024-02-07%20at%2002.29.01.png,
intel/blood-vessel-segmentation/bodies/475074_img/01.png,blood-vessel-segmentation,475074,https://www.kaggle.com/competitions/blood-vessel-segmentation/discussion/475074,png,47722,P2,inbox%2F7285387%2F8fa373c75008e7cf3064b7f4c4089175%2F1.png,
intel/blood-vessel-segmentation/bodies/475522_img/01.png,blood-vessel-segmentation,475522,https://www.kaggle.com/competitions/blood-vessel-segmentation/discussion/475522,png,350674,P1,1st 的随机 3D 旋转切片,analysis/deep/blood-vessel-segmentation.md|notes/cv/blood-vessel-segmentation.md
intel/blood-vessel-segmentation/bodies/475657_img/01.png,blood-vessel-segmentation,475657,https://www.kaggle.com/competitions/blood-vessel-segmentation/discussion/475657,png,112515,P1,2nd 的提交分数,analysis/deep/blood-vessel-segmentation.md|notes/cv/blood-vessel-segmentation.md
intel/blood-vessel-segmentation/bodies/475657_img/02.png,blood-vessel-segmentation,475657,https://www.kaggle.com/competitions/blood-vessel-segmentation/discussion/475657,png,112515,P2,inbox%2F5895718%2Ff7be4975a186ddc226fd463f32632d0a%2Fscores.png,
intel/blood-vessel-segmentation/bodies/475657_img/03.png,blood-vessel-segmentation,475657,https://www.kaggle.com/competitions/blood-vessel-segmentation/discussion/475657,png,2050325,P1,2nd 的公/私切片分布,analysis/deep/blood-vessel-segmentation.md|notes/cv/blood-vessel-segmentation.md
intel/byu-locating-bacterial-flagellar-motors-2025/bodies/569921_img/01.jpg,byu-locating-bacterial-flagellar-motors-2025,569921,https://www.kaggle.com/competitions/byu-locating-bacterial-flagellar-motors-2025/discussion/569921,jpg,159047,P2,inbox%2F5570735%2F9e36df03f6bb44ee14dc22458f9240fc%2Fimg.jpg,
intel/byu-locating-bacterial-flagellar-motors-2025/bodies/583128_img/01.png,byu-locating-bacterial-flagellar-motors-2025,583128,https://www.kaggle.com/competitions/byu-locating-bacterial-flagellar-motors-2025/discussion/583128,png,480067,P2,inbox%2F4310004%2F6627841c58b70434ff5c698f41fffe0a%2Fgraphs.png,
intel/byu-locating-bacterial-flagellar-motors-2025/bodies/583128_img/02.png,byu-locating-bacterial-flagellar-motors-2025,583128,https://www.kaggle.com/competitions/byu-locating-bacterial-flagellar-motors-2025/discussion/583128,png,1578288,P2,inbox%2F4310004%2F82efe55faaa132866f20dbda41f235e7%2F123.png,
intel/byu-locating-bacterial-flagellar-motors-2025/bodies/583133_img/01.png,byu-locating-bacterial-flagellar-motors-2025,583133,https://www.kaggle.com/competitions/byu-locating-bacterial-flagellar-motors-2025/discussion/583133,png,32510,P2,inbox%2F8234844%2F2975859e11f30ffc95edfba1e035bea5%2Fimage.png,
intel/byu-locating-bacterial-flagellar-motors-2025/bodies/583143_img/01.JPG,byu-locating-bacterial-flagellar-motors-2025,583143,https://www.kaggle.com/competitions/byu-locating-bacterial-flagellar-motors-2025/discussion/583143,jpg,117528,P2,inbox%2F5570735%2F406663dc00b116aa614b191abd71b37f%2Ftomograms.JPG,
intel/byu-locating-bacterial-flagellar-motors-2025/bodies/583143_img/02.jpg,byu-locating-bacterial-flagellar-motors-2025,583143,https://www.kaggle.com/competitions/byu-locating-bacterial-flagellar-motors-2025/discussion/583143,jpg,3202064,P2,inbox%2F5570735%2F9242bdbaf78089afc0842c382a4e40a2%2FBYU2025-Model%20(2).jpg,
intel/byu-locating-bacterial-flagellar-motors-2025/bodies/583143_img/03.jpg,byu-locating-bacterial-flagellar-motors-2025,583143,https://www.kaggle.com/competitions/byu-locating-bacterial-flagellar-motors-2025/discussion/583143,jpg,409141,P2,inbox%2F5570735%2Fcedd954d5796ada89d6dd3749b00afa2%2FBYU2025-Loss%20(1).jpg,
intel/byu-locating-bacterial-flagellar-motors-2025/bodies/583143_img/04.JPG,byu-locating-bacterial-flagellar-motors-2025,583143,https://www.kaggle.com/competitions/byu-locating-bacterial-flagellar-motors-2025/discussion/583143,jpg,55648,P1,分位数阈值下的提交分数,analysis/deep/byu-locating-bacterial-flagellar-motors-2025.md|notes/cv/byu-locating-bacterial-flagellar-motors-2025.md
intel/byu-locating-bacterial-flagellar-motors-2025/bodies/583380_img/01.png,byu-locating-bacterial-flagellar-motors-2025,583380,https://www.kaggle.com/competitions/byu-locating-bacterial-flagellar-motors-2025/discussion/583380,png,19095,P2,inbox%2F10254700%2Fd2d3ba10849048534fcc91ff265ac800%2F3d_heatmap.png,
intel/byu-locating-bacterial-flagellar-motors-2025/bodies/583380_img/02.jpg,byu-locating-bacterial-flagellar-motors-2025,583380,https://www.kaggle.com/competitions/byu-locating-bacterial-flagellar-motors-2025/discussion/583380,jpg,859066,P2,inbox%2F10254700%2F2f2cab849715f0dd2bf2b2a93fe04e8a%2F3d_unet_fpn.jpg,
intel/byu-locating-bacterial-flagellar-motors-2025/bodies/583380_img/03.jpg,byu-locating-bacterial-flagellar-motors-2025,583380,https://www.kaggle.com/competitions/byu-locating-bacterial-flagellar-motors-2025/discussion/583380,jpg,4641898,P2,inbox%2F10254700%2Fa69bde60b2bcc2eff12633f2a3e5ea08%2F2d_pipeline.jpg,
intel/byu-locating-bacterial-flagellar-motors-2025/bodies/583380_img/04.jpg,byu-locating-bacterial-flagellar-motors-2025,583380,https://www.kaggle.com/competitions/byu-locating-bacterial-flagellar-motors-2025/discussion/583380,jpg,4393802,P2,inbox%2F10254700%2Fd53a89634e4065110b61d729a2736fda%2F2d_heatmap_types_compressed.jpg,
intel/byu-locating-bacterial-flagellar-motors-2025/bodies/583380_img/05.png,byu-locating-bacterial-flagellar-motors-2025,583380,https://www.kaggle.com/competitions/byu-locating-bacterial-flagellar-motors-2025/discussion/583380,png,3513780,P2,inbox%2F10254700%2F715d399576ca0db1d6ff68d78b522fd1%2Fcvat.png,
intel/byu-locating-bacterial-flagellar-motors-2025/bodies/583411_img/01.png,byu-locating-bacterial-flagellar-motors-2025,583411,https://www.kaggle.com/competitions/byu-locating-bacterial-flagellar-motors-2025/discussion/583411,png,110305,P2,inbox%2F1424766%2Fa7d09dd671b3726f7affa811ef092873%2FScreenshot%202025-06-10%20at%2011.55.24.png,
intel/cafa-5-protein-function-prediction/bodies/464437_img/01.png,cafa-5-protein-function-prediction,464437,https://www.kaggle.com/competitions/cafa-5-protein-function-prediction/discussion/464437,png,39106,P2,inbox%2F548996%2Fbf4221217029bc9d2ae30b78bf0d577d%2F.png,
intel/cafa-5-protein-function-prediction/bodies/464437_img/02.png,cafa-5-protein-function-prediction,464437,https://www.kaggle.com/competitions/cafa-5-protein-function-prediction/discussion/464437,png,226872,P2,inbox%2F548996%2F86368def7cbc9707ec8c8fb5c77f6217%2Fnon-exp-feat.png,
intel/cafa-5-protein-function-prediction/bodies/464437_img/03.png,cafa-5-protein-function-prediction,464437,https://www.kaggle.com/competitions/cafa-5-protein-function-prediction/discussion/464437,png,10997,P2,inbox%2F548996%2F6ba93a1b07cbdcdd3004f88a8ebb7952%2Fvalidation.png,
intel/cafa-5-protein-function-prediction/bodies/466917_img/01.png,cafa-5-protein-function-prediction,466917,https://www.kaggle.com/competitions/cafa-5-protein-function-prediction/discussion/466917,png,30018,P1,1st 的组件方法性能,analysis/deep/cafa-5-protein-function-prediction.md|notes/science/cafa-5-protein-function-prediction.md
intel/cafa-5-protein-function-prediction/bodies/466917_img/02.png,cafa-5-protein-function-prediction,466917,https://www.kaggle.com/competitions/cafa-5-protein-function-prediction/discussion/466917,png,25062,P2,inbox%2F16029558%2Fc669b39b4fb0047b017c6b75a9440223%2Fsolution2.png,
intel/cafa-6-protein-function-prediction/bodies/709281_img/01.jpg,cafa-6-protein-function-prediction,709281,https://www.kaggle.com/competitions/cafa-6-protein-function-prediction/discussion/709281,jpg,72888,P2,inbox%2F20197397%2F8b98b2dca088958c1e03f7e12f077f75%2F1.jpg,
intel/cafa-6-protein-function-prediction/bodies/709281_img/02.jpg,cafa-6-protein-function-prediction,709281,https://www.kaggle.com/competitions/cafa-6-protein-function-prediction/discussion/709281,jpg,40100,P2,inbox%2F20197397%2F54fc992fd9f5edb403cbef4ee123aa53%2F2.jpg,
intel/cafa-6-protein-function-prediction/bodies/709281_img/03.jpg,cafa-6-protein-function-prediction,709281,https://www.kaggle.com/competitions/cafa-6-protein-function-prediction/discussion/709281,jpg,182821,P2,inbox%2F20197397%2F9c2604d8c581d190c8a9683469c6d331%2F3.jpg,
intel/cafa-6-protein-function-prediction/bodies/709281_img/04.jpg,cafa-6-protein-function-prediction,709281,https://www.kaggle.com/competitions/cafa-6-protein-function-prediction/discussion/709281,jpg,122320,P2,inbox%2F20197397%2F06c6b45c796bd40cbdef513ee38c3190%2F4.jpg,
intel/cafa-6-protein-function-prediction/bodies/709281_img/05.png,cafa-6-protein-function-prediction,709281,https://www.kaggle.com/competitions/cafa-6-protein-function-prediction/discussion/709281,png,519454,P2,inbox%2F20197397%2F2774705942656d818a644c88096364b0%2F5_fixed.png,
intel/cafa-6-protein-function-prediction/bodies/709281_img/06.jpg,cafa-6-protein-function-prediction,709281,https://www.kaggle.com/competitions/cafa-6-protein-function-prediction/discussion/709281,jpg,205175,P2,inbox%2F20197397%2F798cba9e0bc47f427408174cd99d96e3%2F6.jpg,
intel/cafa-6-protein-function-prediction/bodies/709281_img/07.jpg,cafa-6-protein-function-prediction,709281,https://www.kaggle.com/competitions/cafa-6-protein-function-prediction/discussion/709281,jpg,181065,P2,inbox%2F20197397%2Fa5bda878014320687a8f45c56b856a45%2F7.jpg,
intel/cafa-6-protein-function-prediction/bodies/709281_img/08.png,cafa-6-protein-function-prediction,709281,https://www.kaggle.com/competitions/cafa-6-protein-function-prediction/discussion/709281,png,1449365,P2,inbox%2F20197397%2F8972004ff105410fff74ad4b8bd92429%2FPasted%20image%2020260617195140.png,
intel/cafa-6-protein-function-prediction/bodies/709281_img/09.jpg,cafa-6-protein-function-prediction,709281,https://www.kaggle.com/competitions/cafa-6-protein-function-prediction/discussion/709281,jpg,59319,P2,inbox%2F20197397%2F97859ea8a1f5a9b661f952817f07b703%2F8.jpg,
intel/cafa-6-protein-function-prediction/bodies/709281_img/10.jpg,cafa-6-protein-function-prediction,709281,https://www.kaggle.com/competitions/cafa-6-protein-function-prediction/discussion/709281,jpg,164220,P2,inbox%2F20197397%2F80ca42504a3a5918a9aba70b56f12653%2F9.jpg,
intel/cafa-6-protein-function-prediction/bodies/709281_img/11.jpg,cafa-6-protein-function-prediction,709281,https://www.kaggle.com/competitions/cafa-6-protein-function-prediction/discussion/709281,jpg,146036,P2,inbox%2F20197397%2F6055e1867f185b0ff972d30c91a7d1d6%2F10.jpg,
intel/cafa-6-protein-function-prediction/bodies/709383_img/01.png,cafa-6-protein-function-prediction,709383,https://www.kaggle.com/competitions/cafa-6-protein-function-prediction/discussion/709383,png,449493,P1,GOAlpha 总览,analysis/deep/cafa-6-protein-function-prediction.md|notes/science/cafa-6-protein-function-prediction.md
intel/cafa-6-protein-function-prediction/bodies/709383_img/02.png,cafa-6-protein-function-prediction,709383,https://www.kaggle.com/competitions/cafa-6-protein-function-prediction/discussion/709383,png,268305,P2,inbox%2F17742767%2F1219e9b682258bef3e3b910f902f0222%2FGOAlpha_validation_component_bar.png,
intel/cafa-6-protein-function-prediction/bodies/709383_img/03.png,cafa-6-protein-function-prediction,709383,https://www.kaggle.com/competitions/cafa-6-protein-function-prediction/discussion/709383,png,227164,P2,inbox%2F17742767%2Ff1b654993aeca131cb85cb0e944953d0%2FGOAlpha_public_private_bar.png,
intel/cafa-6-protein-function-prediction/bodies/711635_img/01.png,cafa-6-protein-function-prediction,711635,https://www.kaggle.com/competitions/cafa-6-protein-function-prediction/discussion/711635,png,333498,P2,inbox%2F394451%2Fc65900bcc46d07dfb24a18cc7a46885b%2Foverview.png,
intel/cafa-6-protein-function-prediction/bodies/711635_img/02.png,cafa-6-protein-function-prediction,711635,https://www.kaggle.com/competitions/cafa-6-protein-function-prediction/discussion/711635,png,161525,P2,inbox%2F394451%2F3697d358c6a1e00907f14b6417ee2365%2Fpb.png,
intel/cafa-6-protein-function-prediction/bodies/711635_img/03.png,cafa-6-protein-function-prediction,711635,https://www.kaggle.com/competitions/cafa-6-protein-function-prediction/discussion/711635,png,489663,P2,inbox%2F394451%2F15d4a2847aca1b41f2f319d35ff51aa3%2Fcml_scheme.png,
intel/cafa-6-protein-function-prediction/bodies/711635_img/04.png,cafa-6-protein-function-prediction,711635,https://www.kaggle.com/competitions/cafa-6-protein-function-prediction/discussion/711635,png,374634,P2,inbox%2F394451%2F68c0b52f2c265ea4f0ebd4e51136a48f%2Fgcn_scheme.png,
intel/cafa-6-protein-function-prediction/bodies/711635_img/05.png,cafa-6-protein-function-prediction,711635,https://www.kaggle.com/competitions/cafa-6-protein-function-prediction/discussion/711635,png,653449,P2,inbox%2F394451%2Fba9ef803a2832200d4f1786261925fc3%2Fpp_scheme.png,
intel/cafa-6-protein-function-prediction/bodies/711749_img/01.jpg,cafa-6-protein-function-prediction,711749,https://www.kaggle.com/competitions/cafa-6-protein-function-prediction/discussion/711749,jpg,860864,P2,inbox%2F11204962%2F179aab7a00cdfc32a0188b79c6bdfed1%2Ffig1.jpg,
intel/cafa-6-protein-function-prediction/bodies/711749_img/02.jpg,cafa-6-protein-function-prediction,711749,https://www.kaggle.com/competitions/cafa-6-protein-function-prediction/discussion/711749,jpg,778571,P2,inbox%2F11204962%2F5dbacc9fa9b2c43b586258166c98b04f%2Ffig2.jpg,
intel/child-mind-institute-detect-sleep-states/bodies/452940_img/01.jpg,child-mind-institute-detect-sleep-states,452940,https://www.kaggle.com/competitions/child-mind-institute-detect-sleep-states/discussion/452940,jpg,75696,P2,inbox%2F6958652%2Ffa7f5ecfa0f290e1f44e3d2e7dbc4f06%2F(1).jpg,
intel/child-mind-institute-detect-sleep-states/bodies/452940_img/02.png,child-mind-institute-detect-sleep-states,452940,https://www.kaggle.com/competitions/child-mind-institute-detect-sleep-states/discussion/452940,png,72167,P2,inbox%2F6958652%2Fca7e96b19b87610f029c9b42be3b1bea%2FScreenshot%20from%202023-11-04%2016-39-08.png,
intel/child-mind-institute-detect-sleep-states/bodies/459596_img/01.png,child-mind-institute-detect-sleep-states,459596,https://www.kaggle.com/competitions/child-mind-institute-detect-sleep-states/discussion/459596,png,174446,P2,blocks.png,
intel/child-mind-institute-detect-sleep-states/bodies/459596_img/02.png,child-mind-institute-detect-sleep-states,459596,https://www.kaggle.com/competitions/child-mind-institute-detect-sleep-states/discussion/459596,png,913918,P2,dataloader.png,
intel/child-mind-institute-detect-sleep-states/bodies/459596_img/03.png,child-mind-institute-detect-sleep-states,459596,https://www.kaggle.com/competitions/child-mind-institute-detect-sleep-states/discussion/459596,png,68612,P1,qa head,notes/tabular/child-mind-institute-detect-sleep-states.md
intel/child-mind-institute-detect-sleep-states/bodies/459596_img/04.png,child-mind-institute-detect-sleep-states,459596,https://www.kaggle.com/competitions/child-mind-institute-detect-sleep-states/discussion/459596,png,190209,P2,model2b.png,
intel/child-mind-institute-detect-sleep-states/bodies/459596_img/05.png,child-mind-institute-detect-sleep-states,459596,https://www.kaggle.com/competitions/child-mind-institute-detect-sleep-states/discussion/459596,png,149575,P2,model1c.png,
intel/child-mind-institute-detect-sleep-states/bodies/459597_img/01.png,child-mind-institute-detect-sleep-states,459597,https://www.kaggle.com/competitions/child-mind-institute-detect-sleep-states/discussion/459597,png,44454,P2,inbox%2F3962786%2F5bcbf85dc70115602ffe62032b00192c%2Fimage.png,
intel/child-mind-institute-detect-sleep-states/bodies/459599_img/01.png,child-mind-institute-detect-sleep-states,459599,https://www.kaggle.com/competitions/child-mind-institute-detect-sleep-states/discussion/459599,png,42861,P2,inbox%2F3147995%2F970876bd40cd74ade6b68a7ea415c349%2FCaptura%20desde%202023-12-06%2001-35-18.png,
intel/child-mind-institute-detect-sleep-states/bodies/459599_img/02.png,child-mind-institute-detect-sleep-states,459599,https://www.kaggle.com/competitions/child-mind-institute-detect-sleep-states/discussion/459599,png,806889,P2,inbox%2F3147995%2F4d5bb92e188eb1a4e751d18505ffa7ff%2Fstandard_series.png,
intel/child-mind-institute-detect-sleep-states/bodies/459599_img/03.png,child-mind-institute-detect-sleep-states,459599,https://www.kaggle.com/competitions/child-mind-institute-detect-sleep-states/discussion/459599,png,192330,P2,inbox%2F3147995%2F4926d54727c25100d547d5656cbc3667%2F04f547b8017d.png,
intel/child-mind-institute-detect-sleep-states/bodies/459599_img/04.png,child-mind-institute-detect-sleep-states,459599,https://www.kaggle.com/competitions/child-mind-institute-detect-sleep-states/discussion/459599,png,11364,P1,ablation,notes/tabular/child-mind-institute-detect-sleep-states.md
intel/child-mind-institute-detect-sleep-states/bodies/459627_img/01.png,child-mind-institute-detect-sleep-states,459627,https://www.kaggle.com/competitions/child-mind-institute-detect-sleep-states/discussion/459627,png,705958,P1,pipeline,notes/tabular/child-mind-institute-detect-sleep-states.md
intel/child-mind-institute-detect-sleep-states/bodies/459627_img/02.png,child-mind-institute-detect-sleep-states,459627,https://www.kaggle.com/competitions/child-mind-institute-detect-sleep-states/discussion/459627,png,272888,P2,inbox%2F2938236%2F08d268f6a008646b39b272594226df16%2F1ststage.png,
intel/child-mind-institute-detect-sleep-states/bodies/459627_img/03.png,child-mind-institute-detect-sleep-states,459627,https://www.kaggle.com/competitions/child-mind-institute-detect-sleep-states/discussion/459627,png,173362,P2,inbox%2F2938236%2F94bdf0ce5785ba775f2a818c769d3a9d%2F1ststagepp.png,
intel/child-mind-institute-detect-sleep-states/bodies/459627_img/04.png,child-mind-institute-detect-sleep-states,459627,https://www.kaggle.com/competitions/child-mind-institute-detect-sleep-states/discussion/459627,png,290826,P2,inbox%2F2938236%2Ff6b0889e818ed24add13fd5d74580884%2F2ndstage_r.png,
intel/child-mind-institute-detect-sleep-states/bodies/459627_img/05.png,child-mind-institute-detect-sleep-states,459627,https://www.kaggle.com/competitions/child-mind-institute-detect-sleep-states/discussion/459627,png,143480,P2,inbox%2F2938236%2F049000b0c98a2e5f8bd5f2692a1c2986%2F3rdstage.png,
intel/child-mind-institute-detect-sleep-states/bodies/459627_img/06.png,child-mind-institute-detect-sleep-states,459627,https://www.kaggle.com/competitions/child-mind-institute-detect-sleep-states/discussion/459627,png,184143,P2,inbox%2F2938236%2F8f6a3cf08dfcf72067db9d7a3db5d849%2FEnsemble.png,
intel/child-mind-institute-detect-sleep-states/bodies/459637_img/01.png,child-mind-institute-detect-sleep-states,459637,https://www.kaggle.com/competitions/child-mind-institute-detect-sleep-states/discussion/459637,png,52279,P2,inbox%2F1265131%2Fad78d36028ed6dc7ab1d3e79631b0172%2FFireShot%20Capture%20019%20-%20Online%20FlowChart%20%20Diagrams%20Editor%20-%20Mermaid%20Live%20Editor%20-%20mermaid.live%20(1).png,
intel/child-mind-institute-detect-sleep-states/bodies/459715_img/01.jpeg,child-mind-institute-detect-sleep-states,459715,https://www.kaggle.com/competitions/child-mind-institute-detect-sleep-states/discussion/459715,jpeg,19588,P1,model,notes/tabular/child-mind-institute-detect-sleep-states.md
intel/child-mind-institute-detect-sleep-states/bodies/459715_img/02.png,child-mind-institute-detect-sleep-states,459715,https://www.kaggle.com/competitions/child-mind-institute-detect-sleep-states/discussion/459715,png,58309,P1,target,notes/tabular/child-mind-institute-detect-sleep-states.md
intel/child-mind-institute-detect-sleep-states/bodies/459715_img/03.png,child-mind-institute-detect-sleep-states,459715,https://www.kaggle.com/competitions/child-mind-institute-detect-sleep-states/discussion/459715,png,493821,P2,inbox%2F2133818%2F002ebac2c4da25cdde7a81b27f1ec492%2F2023-12-09%200.15.31.png,
intel/child-mind-institute-detect-sleep-states/bodies/459715_img/04.png,child-mind-institute-detect-sleep-states,459715,https://www.kaggle.com/competitions/child-mind-institute-detect-sleep-states/discussion/459715,png,388723,P2,inbox%2F2133818%2Fbd12584427bc9e2e628e5a095419ba2f%2F2023-12-06%2015.11.06.png,
intel/child-mind-institute-detect-sleep-states/bodies/459715_img/05.png,child-mind-institute-detect-sleep-states,459715,https://www.kaggle.com/competitions/child-mind-institute-detect-sleep-states/discussion/459715,png,41289,P2,inbox%2F2133818%2F704ce98b414aa9a6d22853ecf77d7322%2F2023-12-06%2015.07.34.png,
intel/child-mind-institute-detect-sleep-states/bodies/459715_img/06.png,child-mind-institute-detect-sleep-states,459715,https://www.kaggle.com/competitions/child-mind-institute-detect-sleep-states/discussion/459715,png,314385,P2,inbox%2F2133818%2F2dd6dc2cd5c57b5fb5329844da31badd%2F2023-12-06%2014.58.37.png,
intel/child-mind-institute-detect-sleep-states/bodies/459715_img/07.png,child-mind-institute-detect-sleep-states,459715,https://www.kaggle.com/competitions/child-mind-institute-detect-sleep-states/discussion/459715,png,88231,P2,inbox%2F2133818%2Fa80b03c0b8528bcd1c16781f5ff63b55%2F2023-12-06%2015.43.19.png,
intel/child-mind-institute-detect-sleep-states/bodies/459715_img/08.png,child-mind-institute-detect-sleep-states,459715,https://www.kaggle.com/competitions/child-mind-institute-detect-sleep-states/discussion/459715,png,77567,P2,inbox%2F2133818%2F69c109dce35517f931ad7e0283518f8a%2F2023-12-06%2017.12.43.png,
intel/child-mind-institute-detect-sleep-states/bodies/459715_img/09.png,child-mind-institute-detect-sleep-states,459715,https://www.kaggle.com/competitions/child-mind-institute-detect-sleep-states/discussion/459715,png,83697,P2,inbox%2F2133818%2Fad1f0aa666ff215b53f70def28d3077b%2F2023-12-09%200.24.03.png,
intel/child-mind-institute-detect-sleep-states/bodies/459715_img/10.png,child-mind-institute-detect-sleep-states,459715,https://www.kaggle.com/competitions/child-mind-institute-detect-sleep-states/discussion/459715,png,101631,P2,inbox%2F2133818%2F4134da05af054e316ec7b2fe3ae8465a%2F2023-12-06%2017.52.48.png,
intel/child-mind-institute-detect-sleep-states/bodies/459715_img/11.png,child-mind-institute-detect-sleep-states,459715,https://www.kaggle.com/competitions/child-mind-institute-detect-sleep-states/discussion/459715,png,84877,P2,inbox%2F2133818%2F499fa8273a05e66ba423d31938ba947f%2F2023-12-09%200.26.24.png,
intel/child-mind-institute-detect-sleep-states/bodies/459715_img/12.png,child-mind-institute-detect-sleep-states,459715,https://www.kaggle.com/competitions/child-mind-institute-detect-sleep-states/discussion/459715,png,76044,P2,inbox%2F2133818%2F7e3bdf523856fd5740555f601aab6397%2F2023-12-09%200.27.40.png,
intel/child-mind-institute-detect-sleep-states/bodies/459715_img/13.png,child-mind-institute-detect-sleep-states,459715,https://www.kaggle.com/competitions/child-mind-institute-detect-sleep-states/discussion/459715,png,75754,P2,inbox%2F2133818%2F6100837ce3d832f3def36f8e3fe33c8a%2F2023-12-09%200.28.25.png,
intel/child-mind-institute-detect-sleep-states/bodies/459715_img/14.png,child-mind-institute-detect-sleep-states,459715,https://www.kaggle.com/competitions/child-mind-institute-detect-sleep-states/discussion/459715,png,117674,P2,inbox%2F2133818%2F6d6d7df8c0ab7a45fa497fc292ea9ed9%2F2024-01-02%2011.20.40.png,
intel/child-mind-institute-detect-sleep-states/bodies/459715_img/15.png,child-mind-institute-detect-sleep-states,459715,https://www.kaggle.com/competitions/child-mind-institute-detect-sleep-states/discussion/459715,png,100377,P2,inbox%2F2133818%2F907332d70498f46059a2935461f69941%2F2023-12-06%2019.42.55.png,
intel/child-mind-institute-detect-sleep-states/bodies/459715_img/16.png,child-mind-institute-detect-sleep-states,459715,https://www.kaggle.com/competitions/child-mind-institute-detect-sleep-states/discussion/459715,png,136591,P2,inbox%2F2133818%2F4b8ec9d1aecb6172e700a8ce485d226f%2F2023-12-06%2019.43.55.png,
intel/child-mind-institute-detect-sleep-states/bodies/459715_img/17.png,child-mind-institute-detect-sleep-states,459715,https://www.kaggle.com/competitions/child-mind-institute-detect-sleep-states/discussion/459715,png,131616,P2,inbox%2F2133818%2Fad0665bfff9828ebc6516a54e4e20276%2F2024-01-06%2016.46.51.png,
intel/child-mind-institute-problematic-internet-use/bodies/552656_img/01.png,child-mind-institute-problematic-internet-use,552656,https://www.kaggle.com/competitions/child-mind-institute-problematic-internet-use/discussion/552656,png,61825,P1,pipeline,notes/tabular/child-mind-institute-problematic-internet-use.md
intel/child-mind-institute-problematic-internet-use/bodies/552656_img/02.jpg,child-mind-institute-problematic-internet-use,552656,https://www.kaggle.com/competitions/child-mind-institute-problematic-internet-use/discussion/552656,jpg,23241,P1,cv table,notes/tabular/child-mind-institute-problematic-internet-use.md
intel/cmi-detect-behavior-with-sensor-data/bodies/603542_img/01.png,cmi-detect-behavior-with-sensor-data,603542,https://www.kaggle.com/competitions/cmi-detect-behavior-with-sensor-data/discussion/603542,png,19898,P1,subject transformer,notes/tabular/cmi-detect-behavior-with-sensor-data.md
intel/cmi-detect-behavior-with-sensor-data/bodies/603592_img/01.png,cmi-detect-behavior-with-sensor-data,603592,https://www.kaggle.com/competitions/cmi-detect-behavior-with-sensor-data/discussion/603592,png,373189,P1,network,notes/tabular/cmi-detect-behavior-with-sensor-data.md
intel/cmi-detect-behavior-with-sensor-data/bodies/603592_img/02.png,cmi-detect-behavior-with-sensor-data,603592,https://www.kaggle.com/competitions/cmi-detect-behavior-with-sensor-data/discussion/603592,png,25044,P2,inbox%2F169364%2Fc8ba809c708948dbe0c03dc96814915d%2Ffig_1.png,
intel/cmi-detect-behavior-with-sensor-data/bodies/603592_img/03.png,cmi-detect-behavior-with-sensor-data,603592,https://www.kaggle.com/competitions/cmi-detect-behavior-with-sensor-data/discussion/603592,png,29163,P2,inbox%2F169364%2Fb9ea168a8bceb3076406b03664ba0501%2Ffig_2.png,
intel/cmi-detect-behavior-with-sensor-data/bodies/603592_img/04.png,cmi-detect-behavior-with-sensor-data,603592,https://www.kaggle.com/competitions/cmi-detect-behavior-with-sensor-data/discussion/603592,png,27999,P2,inbox%2F169364%2F7449c8933855943a0c6b2bd64a5e1571%2Ffig_3.png,
intel/cmi-detect-behavior-with-sensor-data/bodies/603592_img/05.png,cmi-detect-behavior-with-sensor-data,603592,https://www.kaggle.com/competitions/cmi-detect-behavior-with-sensor-data/discussion/603592,png,25546,P1,upside-down,notes/tabular/cmi-detect-behavior-with-sensor-data.md
intel/commonlit-evaluate-student-summaries/bodies/446524_img/01.jpg,commonlit-evaluate-student-summaries,446524,https://www.kaggle.com/competitions/commonlit-evaluate-student-summaries/discussion/446524,jpg,5951,P2,inbox%2F4001300%2Fa311809edebd32836455da5b13e1dc1e%2Fkuromajin.jpg,
intel/commonlit-evaluate-student-summaries/bodies/447293_img/01.jpg,commonlit-evaluate-student-summaries,447293,https://www.kaggle.com/competitions/commonlit-evaluate-student-summaries/discussion/447293,jpg,1806366,P1,1st 的 LLM 主题生成流水线,notes/nlp/commonlit-evaluate-student-summaries.md
intel/commonlit-evaluate-student-summaries/bodies/447293_img/02.jpg,commonlit-evaluate-student-summaries,447293,https://www.kaggle.com/competitions/commonlit-evaluate-student-summaries/discussion/447293,jpg,1739115,P1,1st 的摘要质量生成提示词,notes/nlp/commonlit-evaluate-student-summaries.md
intel/csiro-biomass/bodies/670668_img/01.png,csiro-biomass,670668,https://www.kaggle.com/competitions/csiro-biomass/discussion/670668,png,97348,P2,inbox%2F999843%2Fb3e7b5b292e7d233fbd722b67d387b73%2F05_submit_records.png,
intel/csiro-biomass/bodies/670668_img/02.png,csiro-biomass,670668,https://www.kaggle.com/competitions/csiro-biomass/discussion/670668,png,82162,P2,inbox%2F999843%2F5f0fef6dc49974807016ae31e3b46086%2F02_metric_lines.png,
intel/csiro-biomass/bodies/670668_img/03.png,csiro-biomass,670668,https://www.kaggle.com/competitions/csiro-biomass/discussion/670668,png,1736806,P2,inbox%2F999843%2Fb6a8641e5dd85c38d8b33ca91d38d9d8%2F01_remove_timstamp.png,
intel/csiro-biomass/bodies/670668_img/04.png,csiro-biomass,670668,https://www.kaggle.com/competitions/csiro-biomass/discussion/670668,png,52107,P2,inbox%2F999843%2Fd87c4b386b8fe45cdb09d1897004fdfb%2F03_model_arc.png,
intel/csiro-biomass/bodies/670672_img/01.png,csiro-biomass,670672,https://www.kaggle.com/competitions/csiro-biomass/discussion/670672,png,3054098,P2,inbox%2F11351811%2F85788afeca0dad076d13885592e2378f%2FRandom%20crop%20architecture%20overview.png,
intel/csiro-biomass/bodies/670672_img/02.png,csiro-biomass,670672,https://www.kaggle.com/competitions/csiro-biomass/discussion/670672,png,1598478,P2,inbox%2F11351811%2Feb8f1a7cdd3c3266a12599e4084f6505%2FArchitecture.png,
intel/csiro-biomass/bodies/670672_img/03.png,csiro-biomass,670672,https://www.kaggle.com/competitions/csiro-biomass/discussion/670672,png,932920,P2,inbox%2F11351811%2F3069b397ba045905b5a8594af5d19d77%2Faggregation.png,
intel/csiro-biomass/bodies/670672_img/04.png,csiro-biomass,670672,https://www.kaggle.com/competitions/csiro-biomass/discussion/670672,png,2427880,P2,inbox%2F11351811%2Fdfb990ddf45063cec1c1fa1429278489%2FCrops.png,
intel/csiro-biomass/bodies/670677_img/01.png,csiro-biomass,670677,https://www.kaggle.com/competitions/csiro-biomass/discussion/670677,png,1015189,P1,4th 的多模态融合架构,analysis/deep/csiro-biomass.md|notes/science/csiro-biomass.md
intel/csiro-biomass/bodies/670677_img/02.png,csiro-biomass,670677,https://www.kaggle.com/competitions/csiro-biomass/discussion/670677,png,677537,P2,inbox%2F18908513%2F4e9dd4df598970a80cc532db250f5c56%2Fpart%20-%202.png,
intel/czii-cryo-et-object-identification/bodies/561401_img/01.png,czii-cryo-et-object-identification,561401,https://www.kaggle.com/competitions/czii-cryo-et-object-identification/discussion/561401,png,30434,P2,inbox%2F745525%2F01f088d7b84cf5710d322fe17e7aaf5a%2F2025-02-06%2011.30.19.png,
intel/czii-cryo-et-object-identification/bodies/561401_img/02.png,czii-cryo-et-object-identification,561401,https://www.kaggle.com/competitions/czii-cryo-et-object-identification/discussion/561401,png,374744,P2,inbox%2F745525%2F7fad2afcd6dfd4b83065d9692ecb8479%2Fmodel.png,
intel/czii-cryo-et-object-identification/bodies/561401_img/03.png,czii-cryo-et-object-identification,561401,https://www.kaggle.com/competitions/czii-cryo-et-object-identification/discussion/561401,png,142017,P2,inbox%2F745525%2Fe15184020a0b9ea5e2ff58bf5d17ce25%2F2025-02-05%2023.11.47.png,
intel/czii-cryo-et-object-identification/bodies/561440_img/01.png,czii-cryo-et-object-identification,561440,https://www.kaggle.com/competitions/czii-cryo-et-object-identification/discussion/561440,png,233122,P1,1st-OD 的逐类阈值曲线,analysis/deep/czii-cryo-et-object-identification.md|notes/cv/czii-cryo-et-object-identification.md
intel/czii-cryo-et-object-identification/bodies/561510_img/01.png,czii-cryo-et-object-identification,561510,https://www.kaggle.com/competitions/czii-cryo-et-object-identification/discussion/561510,png,207730,P2,inbox%2F1424766%2F961b07916f0b97850233aae461704c69%2FScreenshot%202025-02-06%20at%2014.05.42.png,
intel/czii-cryo-et-object-identification/bodies/561510_img/02.png,czii-cryo-et-object-identification,561510,https://www.kaggle.com/competitions/czii-cryo-et-object-identification/discussion/561510,png,69652,P2,inbox%2F1424766%2F9d47503c1fd18872ef42b466f72c6732%2FScreenshot%202025-02-06%20at%2014.25.00.png,
intel/czii-cryo-et-object-identification/bodies/561510_img/03.png,czii-cryo-et-object-identification,561510,https://www.kaggle.com/competitions/czii-cryo-et-object-identification/discussion/561510,png,53612,P2,inbox%2F1424766%2F05670c1a2a658de03ad73522d1efe22e%2FScreenshot%202025-02-06%20at%2014.58.11.png,
intel/czii-cryo-et-object-identification/bodies/561510_img/04.png,czii-cryo-et-object-identification,561510,https://www.kaggle.com/competitions/czii-cryo-et-object-identification/discussion/561510,png,107905,P2,inbox%2F1424766%2Fc5ccff4d072d09afe6b6c03273b65d40%2FScreenshot%202025-02-06%20at%2014.38.13.png,
intel/czii-cryo-et-object-identification/bodies/561568_img/01.png,czii-cryo-et-object-identification,561568,https://www.kaggle.com/competitions/czii-cryo-et-object-identification/discussion/561568,png,1212101,P2,inbox%2F5483160%2F1b63c4ad09d3ec66e33450cb95263adb%2Foverall_pipeline.png,
intel/czii-cryo-et-object-identification/bodies/561568_img/02.png,czii-cryo-et-object-identification,561568,https://www.kaggle.com/competitions/czii-cryo-et-object-identification/discussion/561568,png,1399404,P2,inbox%2F5483160%2F35bb85a0777083a30ffc41461aa2c154%2Fmonai_unet.png,
intel/czii-cryo-et-object-identification/bodies/561568_img/03.png,czii-cryo-et-object-identification,561568,https://www.kaggle.com/competitions/czii-cryo-et-object-identification/discussion/561568,png,224239,P2,inbox%2F5483160%2Fcb7065ced216887833f5f653bea7df8d%2Ftraining_stability_comparison.png,
intel/data-assistants-with-gemma/bodies/478606_img/01.png,data-assistants-with-gemma,478606,https://www.kaggle.com/competitions/data-assistants-with-gemma/discussion/478606,png,31485,P1,Gemma 2B Transformers 示例,analysis/deep/data-assistants-with-gemma.md|notes/other/data-assistants-with-gemma.md
intel/data-assistants-with-gemma/bodies/487380_img/01.png,data-assistants-with-gemma,487380,https://www.kaggle.com/competitions/data-assistants-with-gemma/discussion/487380,png,98217,P1,Kaggle swag,analysis/deep/data-assistants-with-gemma.md|notes/other/data-assistants-with-gemma.md
intel/deep-past-initiative-machine-translation/bodies/684231_img/01.png,deep-past-initiative-machine-translation,684231,https://www.kaggle.com/competitions/deep-past-initiative-machine-translation/discussion/684231,png,1003363,P1,text 层的系统性 OCR 错误,notes/nlp/deep-past-initiative-machine-translation.md
intel/deep-past-initiative-machine-translation/bodies/684231_img/02.png,deep-past-initiative-machine-translation,684231,https://www.kaggle.com/competitions/deep-past-initiative-machine-translation/discussion/684231,png,274097,P2,inbox%2F18505507%2F2d32d5e4df1b2bbafc1e969535c8f85f%2Fall_models.png,
intel/deep-past-initiative-machine-translation/bodies/684329_img/01.png,deep-past-initiative-machine-translation,684329,https://www.kaggle.com/competitions/deep-past-initiative-machine-translation/discussion/684329,png,277940,P1,普通版式的跨页问题,notes/nlp/deep-past-initiative-machine-translation.md
intel/deep-past-initiative-machine-translation/bodies/684329_img/02.png,deep-past-initiative-machine-translation,684329,https://www.kaggle.com/competitions/deep-past-initiative-machine-translation/discussion/684329,png,343919,P2,inbox%2F9193114%2F9af17b99cbc7fe84335ffa239eb774ae%2FScreenshot%202026-03-24%20191250.png,
intel/deep-past-initiative-machine-translation/bodies/684329_img/03.png,deep-past-initiative-machine-translation,684329,https://www.kaggle.com/competitions/deep-past-initiative-machine-translation/discussion/684329,png,263998,P1,列式版式,notes/nlp/deep-past-initiative-machine-translation.md
intel/deep-past-initiative-machine-translation/bodies/684353_img/01.png,deep-past-initiative-machine-translation,684353,https://www.kaggle.com/competitions/deep-past-initiative-machine-translation/discussion/684353,png,14218,P2,inbox%2F12523104%2F0f300b3db457c2297055bb2d4c6a0c61%2Fimage.png,
intel/deep-past-initiative-machine-translation/bodies/684353_img/02.png,deep-past-initiative-machine-translation,684353,https://www.kaggle.com/competitions/deep-past-initiative-machine-translation/discussion/684353,png,154419,P1,1st 的单模型提交列表,notes/nlp/deep-past-initiative-machine-translation.md
intel/deep-past-initiative-machine-translation/bodies/684353_img/03.png,deep-past-initiative-machine-translation,684353,https://www.kaggle.com/competitions/deep-past-initiative-machine-translation/discussion/684353,png,16031,P2,inbox%2F12523104%2F41735c0d61eebe5127f00599de21569b%2Fimage%202.png,
intel/deep-past-initiative-machine-translation/bodies/684353_img/04.png,deep-past-initiative-machine-translation,684353,https://www.kaggle.com/competitions/deep-past-initiative-machine-translation/discussion/684353,png,12697,P2,inbox%2F12523104%2Fd25f6a267bb163cbf24a88316024800e%2Fimage%203.png,
intel/deep-past-initiative-machine-translation/bodies/684353_img/05.png,deep-past-initiative-machine-translation,684353,https://www.kaggle.com/competitions/deep-past-initiative-machine-translation/discussion/684353,png,303611,P1,LLM 提取工具界面,notes/nlp/deep-past-initiative-machine-translation.md
intel/deep-past-initiative-machine-translation/bodies/684353_img/06.png,deep-past-initiative-machine-translation,684353,https://www.kaggle.com/competitions/deep-past-initiative-machine-translation/discussion/684353,png,57588,P2,inbox%2F12523104%2F9ede54f0defa87c04a1ae6b11dc48587%2Fimage%205.png,
intel/deep-past-initiative-machine-translation/bodies/684353_img/07.png,deep-past-initiative-machine-translation,684353,https://www.kaggle.com/competitions/deep-past-initiative-machine-translation/discussion/684353,png,323068,P2,inbox%2F12523104%2F1fe7921e9a3fd96427e602a8ce8427a2%2Fimage%206.png,
intel/deep-past-initiative-machine-translation/bodies/684353_img/08.png,deep-past-initiative-machine-translation,684353,https://www.kaggle.com/competitions/deep-past-initiative-machine-translation/discussion/684353,png,61491,P2,inbox%2F12523104%2F81ee1370b134932c3e3adb3aaf0ea5cc%2Fimage%207.png,
intel/deep-past-initiative-machine-translation/bodies/684353_img/09.png,deep-past-initiative-machine-translation,684353,https://www.kaggle.com/competitions/deep-past-initiative-machine-translation/discussion/684353,png,314688,P2,inbox%2F12523104%2F0531d1f02a9ed1c6fdf389c0749da806%2Fimage%208.png,
intel/deep-past-initiative-machine-translation/bodies/684353_img/10.png,deep-past-initiative-machine-translation,684353,https://www.kaggle.com/competitions/deep-past-initiative-machine-translation/discussion/684353,png,92136,P2,inbox%2F12523104%2F369cda1a770807822b8b89ba30eecd3e%2Fimage%209.png,
intel/deep-past-initiative-machine-translation/bodies/684353_img/11.png,deep-past-initiative-machine-translation,684353,https://www.kaggle.com/competitions/deep-past-initiative-machine-translation/discussion/684353,png,288717,P2,inbox%2F12523104%2F94e71582dd32180c0a89e3c85a96a819%2Fimage%2010.png,
intel/deep-past-initiative-machine-translation/bodies/684353_img/12.png,deep-past-initiative-machine-translation,684353,https://www.kaggle.com/competitions/deep-past-initiative-machine-translation/discussion/684353,png,63705,P2,inbox%2F12523104%2F7cea9703948f83144b1f00773e3ca721%2Fimage%2011.png,
intel/deep-past-initiative-machine-translation/bodies/684353_img/13.png,deep-past-initiative-machine-translation,684353,https://www.kaggle.com/competitions/deep-past-initiative-machine-translation/discussion/684353,png,304931,P2,inbox%2F12523104%2F7a33d87bf7a21972bc3bf3cd5ceeed7c%2Fimage%2012.png,
intel/deep-past-initiative-machine-translation/bodies/684353_img/14.png,deep-past-initiative-machine-translation,684353,https://www.kaggle.com/competitions/deep-past-initiative-machine-translation/discussion/684353,png,229976,P2,inbox%2F12523104%2F20e9873ea0d09fa27329f91c4e7394e7%2Fimage%2013.png,
intel/deep-past-initiative-machine-translation/bodies/684353_img/15.png,deep-past-initiative-machine-translation,684353,https://www.kaggle.com/competitions/deep-past-initiative-machine-translation/discussion/684353,png,160952,P2,inbox%2F12523104%2Fc46c6eb66f343e854ff09a036989c537%2Fimage%2014.png,
intel/deep-past-initiative-machine-translation/bodies/684353_img/16.png,deep-past-initiative-machine-translation,684353,https://www.kaggle.com/competitions/deep-past-initiative-machine-translation/discussion/684353,png,111880,P2,inbox%2F12523104%2F34f02c89b24c08a02f886b315f914afe%2Fimage%2015.png,
intel/deep-past-initiative-machine-translation/bodies/684353_img/17.png,deep-past-initiative-machine-translation,684353,https://www.kaggle.com/competitions/deep-past-initiative-machine-translation/discussion/684353,png,183003,P2,inbox%2F12523104%2F1d7628c8904aef2c4c86cbd6c4035994%2Fimage%2016.png,
intel/deep-past-initiative-machine-translation/bodies/684353_img/18.png,deep-past-initiative-machine-translation,684353,https://www.kaggle.com/competitions/deep-past-initiative-machine-translation/discussion/684353,png,88654,P1,eval_loss vs eval_chrf/bleu,notes/nlp/deep-past-initiative-machine-translation.md
intel/dfl-bundesliga-data-shootout/bodies/360097_img/01.png,dfl-bundesliga-data-shootout,360097,https://www.kaggle.com/competitions/dfl-bundesliga-data-shootout/discussion/360097,png,499881,P1,2nd 的五段式管线,analysis/deep/dfl-bundesliga-data-shootout.md|notes/cv/dfl-bundesliga-data-shootout.md
intel/dfl-bundesliga-data-shootout/bodies/360097_img/02.png,dfl-bundesliga-data-shootout,360097,https://www.kaggle.com/competitions/dfl-bundesliga-data-shootout/discussion/360097,png,143351,P2,inbox%2F2938236%2F0d77a90b9a5503f2635e8f3acf28aa07%2F01_motivation_opticalflow.png,
intel/dfl-bundesliga-data-shootout/bodies/360097_img/03.png,dfl-bundesliga-data-shootout,360097,https://www.kaggle.com/competitions/dfl-bundesliga-data-shootout/discussion/360097,png,85642,P2,inbox%2F2938236%2F5251a987e82a7fe227028e05d037cbe9%2F02_implement_opticalflow.png,
intel/dfl-bundesliga-data-shootout/bodies/360097_img/04.png,dfl-bundesliga-data-shootout,360097,https://www.kaggle.com/competitions/dfl-bundesliga-data-shootout/discussion/360097,png,65655,P2,inbox%2F2938236%2F940076494a1baa149a903c2f85a0a705%2F03_detection.png,
intel/dfl-bundesliga-data-shootout/bodies/360097_img/05.png,dfl-bundesliga-data-shootout,360097,https://www.kaggle.com/competitions/dfl-bundesliga-data-shootout/discussion/360097,png,1446262,P2,inbox%2F2938236%2F2a3a23bd77aa4ffd9b5de7d5d5043601%2F04_detection_example.png,
intel/dfl-bundesliga-data-shootout/bodies/360097_img/06.png,dfl-bundesliga-data-shootout,360097,https://www.kaggle.com/competitions/dfl-bundesliga-data-shootout/discussion/360097,png,44783,P2,inbox%2F2938236%2Fc78dbfa829f5fbfebef0b1eaff79dea5%2F05_motivation_costmin.png,
intel/dfl-bundesliga-data-shootout/bodies/360097_img/07.png,dfl-bundesliga-data-shootout,360097,https://www.kaggle.com/competitions/dfl-bundesliga-data-shootout/discussion/360097,png,146516,P2,inbox%2F2938236%2F1b6f0c5060a0c92c8cc22b9bd544a2c0%2F06_costminpath.png,
intel/dfl-bundesliga-data-shootout/bodies/360097_img/08.png,dfl-bundesliga-data-shootout,360097,https://www.kaggle.com/competitions/dfl-bundesliga-data-shootout/discussion/360097,png,682995,P2,inbox%2F2938236%2Fdb149dcd08edcd2d364c9d251cda80db%2F07_eventdet_1ststage.png,
intel/dfl-bundesliga-data-shootout/bodies/360097_img/09.png,dfl-bundesliga-data-shootout,360097,https://www.kaggle.com/competitions/dfl-bundesliga-data-shootout/discussion/360097,png,41893,P2,inbox%2F2938236%2Fe6ade8933d3f927f5365f78873d5e71e%2F08_eventdet_2ndstage.png,
intel/dfl-bundesliga-data-shootout/bodies/360097_img/10.png,dfl-bundesliga-data-shootout,360097,https://www.kaggle.com/competitions/dfl-bundesliga-data-shootout/discussion/360097,png,43157,P2,inbox%2F2938236%2F8dc5676759cd43223099db8b52ff56ad%2F09_postporc.png,
intel/dfl-bundesliga-data-shootout/bodies/360236_img/01.png,dfl-bundesliga-data-shootout,360236,https://www.kaggle.com/competitions/dfl-bundesliga-data-shootout/discussion/360236,png,330862,P2,inbox%2F1554318%2F0059bfdb6ffbaee44c3c3ac0a20e8030%2FUntitled%20Diagram.drawio.png,
intel/dfl-bundesliga-data-shootout/bodies/360236_img/02.gif,dfl-bundesliga-data-shootout,360236,https://www.kaggle.com/competitions/dfl-bundesliga-data-shootout/discussion/360236,gif,1166907,P2,inbox%2F1554318%2F9c95367ddb5ea5437ec652ff2a9612d0%2Fepoch7_1606b0e6_0_5724_5786_ball.gif [GIF],
intel/dfl-bundesliga-data-shootout/bodies/360236_img/03.png,dfl-bundesliga-data-shootout,360236,https://www.kaggle.com/competitions/dfl-bundesliga-data-shootout/discussion/360236,png,292344,P2,inbox%2F1554318%2Fb89a208458dc230637b4beaf60000c53%2FUntitled%20Diagram-Page-3.drawio.png,
intel/dfl-bundesliga-data-shootout/bodies/360236_img/04.png,dfl-bundesliga-data-shootout,360236,https://www.kaggle.com/competitions/dfl-bundesliga-data-shootout/discussion/360236,png,285960,P2,inbox%2F1554318%2F11ee7e5b0bc00a2d178a0ed1f50af8a1%2FUntitled%20Diagram-Page-2.drawio.png,
intel/dfl-bundesliga-data-shootout/bodies/360331_img/01.gif,dfl-bundesliga-data-shootout,360331,https://www.kaggle.com/competitions/dfl-bundesliga-data-shootout/discussion/360331,gif,3309550,P2,inbox%2F1630583%2F33870c3bcd56543625c2009f2e27af43%2Faugument100000.gif [GIF],
intel/dfl-bundesliga-data-shootout/bodies/360331_img/02.gif,dfl-bundesliga-data-shootout,360331,https://www.kaggle.com/competitions/dfl-bundesliga-data-shootout/discussion/360331,gif,3043953,P2,inbox%2F1630583%2Fb292f8832e026f08f0eb4d655baef581%2Faugument175000.gif [GIF],
intel/dfl-bundesliga-data-shootout/bodies/360331_img/03.gif,dfl-bundesliga-data-shootout,360331,https://www.kaggle.com/competitions/dfl-bundesliga-data-shootout/discussion/360331,gif,3760069,P2,inbox%2F1630583%2F3b9a6d71b4729efab357078adb0471ff%2Faugument075000.gif [GIF],
intel/dfl-bundesliga-data-shootout/bodies/360331_img/04.png,dfl-bundesliga-data-shootout,360331,https://www.kaggle.com/competitions/dfl-bundesliga-data-shootout/discussion/360331,png,36413,P2,inbox%2F1630583%2F38f26f2c7f32dff2713f658fdfdd189a%2Flabel_design.png,
intel/dfl-bundesliga-data-shootout/bodies/360573_img/01.png,dfl-bundesliga-data-shootout,360573,https://www.kaggle.com/competitions/dfl-bundesliga-data-shootout/discussion/360573,png,64404,P2,inbox%2F1680435%2F34acdf1d2365d73423f2ec07bc214f54%2F2022-10-17%2010.14.55.png,
intel/dfl-bundesliga-data-shootout/bodies/360573_img/02.png,dfl-bundesliga-data-shootout,360573,https://www.kaggle.com/competitions/dfl-bundesliga-data-shootout/discussion/360573,png,2463851,P2,inbox%2F1680435%2F6151cf9fe407bb5f9332370ef6a03003%2F2022-10-17%2015.37.39.png,
intel/dfl-bundesliga-data-shootout/bodies/360872_img/01.png,dfl-bundesliga-data-shootout,360872,https://www.kaggle.com/competitions/dfl-bundesliga-data-shootout/discussion/360872,png,628404,P2,inbox%2F1728889%2Fa1d3ffa2d8738db68a0f533ee5f1a39b%2FUsing_three_neighboring_frames.png,
intel/drawing-with-llms/bodies/565396_img/01.png,drawing-with-llms,565396,https://www.kaggle.com/competitions/drawing-with-llms/discussion/565396,png,341366,P2,inbox%2F4910466%2F0dc75c152bc0725984baeea18b4b0f9f%2FCLIP.png,
intel/drawing-with-llms/bodies/581023_img/01.png,drawing-with-llms,581023,https://www.kaggle.com/competitions/drawing-with-llms/discussion/581023,png,96158,P2,inbox%2F23997254%2F5bd75537d3abbc42a49f8c47efe80720%2F_20250528090442.png,
intel/drawing-with-llms/bodies/581023_img/02.png,drawing-with-llms,581023,https://www.kaggle.com/competitions/drawing-with-llms/discussion/581023,png,187563,P2,inbox%2F23997254%2F3808b212fcfb11967c15b760ef518659%2F_20250528_091936.png,
intel/drawing-with-llms/bodies/581023_img/03.png,drawing-with-llms,581023,https://www.kaggle.com/competitions/drawing-with-llms/discussion/581023,png,231065,P2,inbox%2F23997254%2F87af2ba53704eda22843a503909e59c1%2F_20250528_091953.png,
intel/drawing-with-llms/bodies/581024_img/01.png,drawing-with-llms,581024,https://www.kaggle.com/competitions/drawing-with-llms/discussion/581024,png,399983,P2,inbox%2F6624777%2Fe01716185fc3f07178f828ab179a8b75%2Foriginal%20(3).png,
intel/drawing-with-llms/bodies/581024_img/02.png,drawing-with-llms,581024,https://www.kaggle.com/competitions/drawing-with-llms/discussion/581024,png,34775,P2,inbox%2F6624777%2F171f68fb81c4bae916de373743e063de%2Fsvg_before%20(2).png,
intel/drawing-with-llms/bodies/581024_img/03.png,drawing-with-llms,581024,https://www.kaggle.com/competitions/drawing-with-llms/discussion/581024,png,54966,P2,inbox%2F6624777%2F3d3210e5cf6c296f3b0f6e7455bda3a2%2Fsvg_after%20(2).png,
intel/drawing-with-llms/bodies/581024_img/04.png,drawing-with-llms,581024,https://www.kaggle.com/competitions/drawing-with-llms/discussion/581024,png,119606,P2,inbox%2F6624777%2F94cf6fe4ab3e816b1a2a2eb952c473d8%2Fafterproces.png,
intel/drawing-with-llms/bodies/581027_img/01.png,drawing-with-llms,581027,https://www.kaggle.com/competitions/drawing-with-llms/discussion/581027,png,578899,P1,隐藏文本在三个阶段中的可见性,analysis/deep/drawing-with-llms.md|notes/nlp/drawing-with-llms.md
intel/drawing-with-llms/bodies/581027_img/02.png,drawing-with-llms,581027,https://www.kaggle.com/competitions/drawing-with-llms/discussion/581027,png,576078,P2,inbox%2F4809009%2F9749d374e9db034872bcf9e4838e5d4e%2Ffig2.png,
intel/drawing-with-llms/bodies/581027_img/03.png,drawing-with-llms,581027,https://www.kaggle.com/competitions/drawing-with-llms/discussion/581027,png,953100,P2,inbox%2F4809009%2Fa5d7c7c00731ba48085ae035bfc1cd94%2Ffig3.png,
intel/drawing-with-llms/bodies/581027_img/04.png,drawing-with-llms,581027,https://www.kaggle.com/competitions/drawing-with-llms/discussion/581027,png,232898,P2,inbox%2F4809009%2F55fb19c6e9fd65bbbfe9870db3afe4dd%2Ffig4.png,
intel/drawing-with-llms/bodies/581027_img/05.png,drawing-with-llms,581027,https://www.kaggle.com/competitions/drawing-with-llms/discussion/581027,png,4389,P2,inbox%2F4809009%2F4e21f3fc85c2e0696f92a2d02c594552%2Fimage.png,
intel/drawing-with-llms/bodies/581032_img/01.png,drawing-with-llms,581032,https://www.kaggle.com/competitions/drawing-with-llms/discussion/581032,png,1246971,P2,inbox%2F17096593%2F6702f89386eee00cc5a472dfcc64fd33%2Fa.png,
intel/drawing-with-llms/bodies/581032_img/02.png,drawing-with-llms,581032,https://www.kaggle.com/competitions/drawing-with-llms/discussion/581032,png,244026,P2,inbox%2F17096593%2Ff70b7938bcbd9296c77a613e80f14565%2Fcompresion_1.png,
intel/drawing-with-llms/bodies/581032_img/03.png,drawing-with-llms,581032,https://www.kaggle.com/competitions/drawing-with-llms/discussion/581032,png,105755,P2,inbox%2F17096593%2Ffec70c2c25ddfa192f4b64dd8473b1fb%2Fcompression_2.png,
intel/drawing-with-llms/bodies/581108_img/01.png,drawing-with-llms,581108,https://www.kaggle.com/competitions/drawing-with-llms/discussion/581108,png,1111627,P2,inbox%2F26426310%2Fbd0d2ad2f965cad8a3f007ad15f00097%2FScreenshot%202025-05-28%20at%2012.09.20PM.png,
intel/drawing-with-llms/bodies/581108_img/02.png,drawing-with-llms,581108,https://www.kaggle.com/competitions/drawing-with-llms/discussion/581108,png,953187,P2,inbox%2F26426310%2Ff89dbfb6c2e32da2b96426631eea7043%2FDRaFT-diagram.png,
intel/drawing-with-llms/bodies/581108_img/03.png,drawing-with-llms,581108,https://www.kaggle.com/competitions/drawing-with-llms/discussion/581108,png,2860385,P2,inbox%2F26426310%2F1adfda2272eaf06e6cecfedfc4222299%2FScreenshot%202025-05-28%20at%2011.56.20AM.png,
intel/eedi-mining-misconceptions-in-mathematics/bodies/551391_img/01.png,eedi-mining-misconceptions-in-mathematics,551391,https://www.kaggle.com/competitions/eedi-mining-misconceptions-in-mathematics/discussion/551391,png,757565,P1,5th 的 listwise 52 单 token 管线,notes/nlp/eedi-mining-misconceptions-in-mathematics.md
intel/eedi-mining-misconceptions-in-mathematics/bodies/551688_img/01.png,eedi-mining-misconceptions-in-mathematics,551688,https://www.kaggle.com/competitions/eedi-mining-misconceptions-in-mathematics/discussion/551688,png,782182,P1,1st 的四步级联与每级 LB 分数,notes/nlp/eedi-mining-misconceptions-in-mathematics.md
intel/eedi-mining-misconceptions-in-mathematics/bodies/551688_img/02.png,eedi-mining-misconceptions-in-mathematics,551688,https://www.kaggle.com/competitions/eedi-mining-misconceptions-in-mathematics/discussion/551688,png,192415,P2,inbox%2F2125251%2Fee7ac74c895fd5221738bf2ae8f42cee%2Fretriever_scores.png,
intel/eedi-mining-misconceptions-in-mathematics/bodies/551688_img/03.png,eedi-mining-misconceptions-in-mathematics,551688,https://www.kaggle.com/competitions/eedi-mining-misconceptions-in-mathematics/discussion/551688,png,1329203,P1,1st 的 pointwise ranker 输入结构,notes/nlp/eedi-mining-misconceptions-in-mathematics.md
intel/eedi-mining-misconceptions-in-mathematics/bodies/551688_img/04.png,eedi-mining-misconceptions-in-mathematics,551688,https://www.kaggle.com/competitions/eedi-mining-misconceptions-in-mathematics/discussion/551688,png,101900,P1,1st 的 14B ranker 消融表,notes/nlp/eedi-mining-misconceptions-in-mathematics.md
intel/eedi-mining-misconceptions-in-mathematics/bodies/551688_img/05.png,eedi-mining-misconceptions-in-mathematics,551688,https://www.kaggle.com/competitions/eedi-mining-misconceptions-in-mathematics/discussion/551688,png,351018,P2,inbox%2F2125251%2F32caa0b7b996ea5af12050a4dc23f1c9%2Flive_eval_14b_ranker.png,
intel/eedi-mining-misconceptions-in-mathematics/bodies/551688_img/06.png,eedi-mining-misconceptions-in-mathematics,551688,https://www.kaggle.com/competitions/eedi-mining-misconceptions-in-mathematics/discussion/551688,png,2240071,P2,inbox%2F2125251%2Fd044104a02153e758cbeda0b6914a14d%2Flistwise_model_input.png,
intel/eedi-mining-misconceptions-in-mathematics/bodies/551688_img/07.png,eedi-mining-misconceptions-in-mathematics,551688,https://www.kaggle.com/competitions/eedi-mining-misconceptions-in-mathematics/discussion/551688,png,169033,P2,inbox%2F2125251%2F66dae22248f881fdf8a065979695c6e2%2Fcalibration_update.png,
intel/equity-post-HCT-survival-predictions/bodies/550003_img/01.png,equity-post-HCT-survival-predictions,550003,https://www.kaggle.com/competitions/equity-post-HCT-survival-predictions/discussion/550003,png,40179,P2,c-index.png,
intel/equity-post-HCT-survival-predictions/bodies/550003_img/02.png,equity-post-HCT-survival-predictions,550003,https://www.kaggle.com/competitions/equity-post-HCT-survival-predictions/discussion/550003,png,89586,P2,target_efs2.png,
intel/equity-post-HCT-survival-predictions/bodies/566522_img/01.png,equity-post-HCT-survival-predictions,566522,https://www.kaggle.com/competitions/equity-post-HCT-survival-predictions/discussion/566522,png,206803,P2,inbox%2F471945%2Fa04f9fe1d1ca65b3e59d803431491580%2FScreenshot%202025-02-14%20at%2017.45.05.png,
intel/equity-post-HCT-survival-predictions/bodies/566550_img/01.jpg,equity-post-HCT-survival-predictions,566550,https://www.kaggle.com/competitions/equity-post-HCT-survival-predictions/discussion/566550,jpg,34816,P1,merge 函数曲面,analysis/deep/equity-post-HCT-survival-predictions.md|notes/science/equity-post-HCT-survival-predictions.md
intel/equity-post-HCT-survival-predictions/bodies/566574_img/01.png,equity-post-HCT-survival-predictions,566574,https://www.kaggle.com/competitions/equity-post-HCT-survival-predictions/discussion/566574,png,18902,P2,inbox%2F743648%2F9c55f0aede5a15151742a0ee42d7b17d%2Fcomposition_resize.png,
intel/equity-post-HCT-survival-predictions/bodies/566574_img/02.png,equity-post-HCT-survival-predictions,566574,https://www.kaggle.com/competitions/equity-post-HCT-survival-predictions/discussion/566574,png,314532,P2,inbox%2F743648%2F6e95e95854da5b3a7c7c005a8f43618a%2Fscatter_resize.png,
intel/equity-post-HCT-survival-predictions/bodies/566574_img/03.png,equity-post-HCT-survival-predictions,566574,https://www.kaggle.com/competitions/equity-post-HCT-survival-predictions/discussion/566574,png,86366,P2,inbox%2F743648%2Fdf195be3ade190bb433e952e3bb6c12e%2Foptimization_resize.png,
intel/equity-post-HCT-survival-predictions/bodies/566574_img/04.png,equity-post-HCT-survival-predictions,566574,https://www.kaggle.com/competitions/equity-post-HCT-survival-predictions/discussion/566574,png,80462,P2,inbox%2F743648%2F13624458590e21382e28602019fb2fde%2FCIBMTR_resize.png,
intel/equity-post-HCT-survival-predictions/bodies/566574_img/05.jpg,equity-post-HCT-survival-predictions,566574,https://www.kaggle.com/competitions/equity-post-HCT-survival-predictions/discussion/566574,jpg,246593,P2,inbox%2F743648%2Fd238f2de1afcbdd22a83c9bed1bb717d%2Fnaive.jpg,
intel/fathomnet-out-of-sample-detection/bodies/413092_img/01.png,fathomnet-out-of-sample-detection,413092,https://www.kaggle.com/competitions/fathomnet-out-of-sample-detection/discussion/413092,png,24689,P1,预处理后的类别分布,analysis/deep/fathomnet-out-of-sample-detection.md|notes/cv/fathomnet-out-of-sample-detection.md
intel/fathomnet-out-of-sample-detection/bodies/413092_img/02.png,fathomnet-out-of-sample-detection,413092,https://www.kaggle.com/competitions/fathomnet-out-of-sample-detection/discussion/413092,png,21328,P1,OSD 概率直方图,analysis/deep/fathomnet-out-of-sample-detection.md|notes/cv/fathomnet-out-of-sample-detection.md
intel/feedback-prize-2021/bodies/313177_img/01.png,feedback-prize-2021,313177,https://www.kaggle.com/competitions/feedback-prize-2021/discussion/313177,png,491383,P1,cv table,analysis/deep/feedback-prize-2021.md|notes/nlp/feedback-prize-2021.md
intel/feedback-prize-2021/bodies/313235_img/01.png,feedback-prize-2021,313235,https://www.kaggle.com/competitions/feedback-prize-2021/discussion/313235,png,56266,P1,pipeline,analysis/deep/feedback-prize-2021.md|notes/nlp/feedback-prize-2021.md
intel/feedback-prize-2021/bodies/313330_img/01.png,feedback-prize-2021,313330,https://www.kaggle.com/competitions/feedback-prize-2021/discussion/313330,png,67457,P2,image.png,
intel/feedback-prize-2021/bodies/313330_img/02.png,feedback-prize-2021,313330,https://www.kaggle.com/competitions/feedback-prize-2021/discussion/313330,png,862423,P1,beam,analysis/deep/feedback-prize-2021.md|notes/nlp/feedback-prize-2021.md
intel/feedback-prize-2021/bodies/313330_img/03.png,feedback-prize-2021,313330,https://www.kaggle.com/competitions/feedback-prize-2021/discussion/313330,png,70923,P1,entity,analysis/deep/feedback-prize-2021.md|notes/nlp/feedback-prize-2021.md
intel/feedback-prize-2021/bodies/313330_img/04.png,feedback-prize-2021,313330,https://www.kaggle.com/competitions/feedback-prize-2021/discussion/313330,png,62398,P2,image.png,
intel/feedback-prize-2021/bodies/313330_img/05.png,feedback-prize-2021,313330,https://www.kaggle.com/competitions/feedback-prize-2021/discussion/313330,png,83481,P2,image.png,
intel/feedback-prize-2021/bodies/313330_img/06.png,feedback-prize-2021,313330,https://www.kaggle.com/competitions/feedback-prize-2021/discussion/313330,png,56528,P2,image.png,
intel/feedback-prize-2021/bodies/313389_img/01.png,feedback-prize-2021,313389,https://www.kaggle.com/competitions/feedback-prize-2021/discussion/313389,png,218901,P1,wbf,analysis/deep/feedback-prize-2021.md|notes/nlp/feedback-prize-2021.md
intel/feedback-prize-effectiveness/bodies/347359_img/01.png,feedback-prize-effectiveness,347359,https://www.kaggle.com/competitions/feedback-prize-effectiveness/discussion/347359,png,400699,P1,2nd 的 span 标记示例,analysis/deep/feedback-prize-effectiveness.md|notes/nlp/feedback-prize-effectiveness.md
intel/feedback-prize-effectiveness/bodies/347433_img/01.png,feedback-prize-effectiveness,347433,https://www.kaggle.com/competitions/feedback-prize-effectiveness/discussion/347433,png,60087,P1,3rd 的 span 架构,analysis/deep/feedback-prize-effectiveness.md|notes/nlp/feedback-prize-effectiveness.md
intel/feedback-prize-effectiveness/bodies/347536_img/01.png,feedback-prize-effectiveness,347536,https://www.kaggle.com/competitions/feedback-prize-effectiveness/discussion/347536,png,140214,P1,1st 的 CV vs LB,analysis/deep/feedback-prize-effectiveness.md|notes/nlp/feedback-prize-effectiveness.md
intel/feedback-prize-english-language-learning/bodies/351577_img/01.png,feedback-prize-english-language-learning,351577,https://www.kaggle.com/competitions/feedback-prize-english-language-learning/discussion/351577,png,334456,P1,svr,notes/nlp/feedback-prize-english-language-learning.md
intel/feedback-prize-english-language-learning/bodies/369369_img/01.png,feedback-prize-english-language-learning,369369,https://www.kaggle.com/competitions/feedback-prize-english-language-learning/discussion/369369,png,315356,P2,inbox%2F42245%2Fd0f805045cca2060a9f0d146a97de7ee%2Fscore.png,
intel/feedback-prize-english-language-learning/bodies/369369_img/02.jpg,feedback-prize-english-language-learning,369369,https://www.kaggle.com/competitions/feedback-prize-english-language-learning/discussion/369369,jpg,947261,P1,per-target curves,notes/nlp/feedback-prize-english-language-learning.md
intel/feedback-prize-english-language-learning/bodies/369369_img/03.png,feedback-prize-english-language-learning,369369,https://www.kaggle.com/competitions/feedback-prize-english-language-learning/discussion/369369,png,325300,P1,rank effect,notes/nlp/feedback-prize-english-language-learning.md
intel/feedback-prize-english-language-learning/bodies/369609_img/01.png,feedback-prize-english-language-learning,369609,https://www.kaggle.com/competitions/feedback-prize-english-language-learning/discussion/369609,png,121905,P1,hill climb,analysis/deep/feedback-prize-english-language-learning.md|notes/nlp/feedback-prize-english-language-learning.md
intel/feedback-prize-english-language-learning/bodies/369609_img/02.png,feedback-prize-english-language-learning,369609,https://www.kaggle.com/competitions/feedback-prize-english-language-learning/discussion/369609,png,503500,P1,shift,analysis/deep/feedback-prize-english-language-learning.md|notes/nlp/feedback-prize-english-language-learning.md
intel/fide-google-efficiency-chess-ai-challenge/bodies/571023_img/01.png,fide-google-efficiency-chess-ai-challenge,571023,https://www.kaggle.com/competitions/fide-google-efficiency-chess-ai-challenge/discussion/571023,png,445615,P2,inbox%2F12982997%2F1bc423324c31a7c5d6ba44577d8ecf11%2Fss1.png,
intel/fide-google-efficiency-chess-ai-challenge/bodies/571023_img/02.png,fide-google-efficiency-chess-ai-challenge,571023,https://www.kaggle.com/competitions/fide-google-efficiency-chess-ai-challenge/discussion/571023,png,1777856,P1,NNUE 特征变换器权重,analysis/deep/fide-google-efficiency-chess-ai-challenge.md|notes/sim-agent/fide-google-efficiency-chess-ai-challenge.md
intel/fide-google-efficiency-chess-ai-challenge/bodies/571023_img/03.png,fide-google-efficiency-chess-ai-challenge,571023,https://www.kaggle.com/competitions/fide-google-efficiency-chess-ai-challenge/discussion/571023,png,67526,P2,inbox%2F12982997%2F39981ec49aba30228df5525a620d5193%2Fss4.png,
intel/fide-google-efficiency-chess-ai-challenge/bodies/571023_img/04.png,fide-google-efficiency-chess-ai-challenge,571023,https://www.kaggle.com/competitions/fide-google-efficiency-chess-ai-challenge/discussion/571023,png,102615,P1,16-bit 权重的直方图,analysis/deep/fide-google-efficiency-chess-ai-challenge.md|notes/sim-agent/fide-google-efficiency-chess-ai-challenge.md
intel/fide-google-efficiency-chess-ai-challenge/bodies/571023_img/05.png,fide-google-efficiency-chess-ai-challenge,571023,https://www.kaggle.com/competitions/fide-google-efficiency-chess-ai-challenge/discussion/571023,png,823435,P2,inbox%2F12982997%2F79dee93fc280bba15706b9b4b5b19227%2Fss7.png,
intel/foursquare-location-matching/bodies/335800_img/01.png,foursquare-location-matching,335800,https://www.kaggle.com/competitions/foursquare-location-matching/discussion/335800,png,75303,P1,7th 的检索-预测-后处理总览,notes/tabular/foursquare-location-matching.md
intel/foursquare-location-matching/bodies/335810_img/01.png,foursquare-location-matching,335810,https://www.kaggle.com/competitions/foursquare-location-matching/discussion/335810,png,94945,P1,4th 的两段 LGBM + 泄漏 + 图规划,notes/tabular/foursquare-location-matching.md
intel/foursquare-location-matching/bodies/336055_img/01.jpg,foursquare-location-matching,336055,https://www.kaggle.com/competitions/foursquare-location-matching/discussion/336055,jpg,103216,P1,1st 的四阶段流水线,notes/tabular/foursquare-location-matching.md
intel/foursquare-location-matching/bodies/336124_img/01.jpg,foursquare-location-matching,336124,https://www.kaggle.com/competitions/foursquare-location-matching/discussion/336124,jpg,93230,P1,13th 的四阶段与 GNN 后处理,notes/tabular/foursquare-location-matching.md
intel/foursquare-location-matching/bodies/336124_img/02.png,foursquare-location-matching,336124,https://www.kaggle.com/competitions/foursquare-location-matching/discussion/336124,png,48528,P1,2-hop 子图节点分类示意,notes/tabular/foursquare-location-matching.md
intel/g-research-crypto-forecasting/bodies/286676_img/01.png,g-research-crypto-forecasting,286676,https://www.kaggle.com/competitions/g-research-crypto-forecasting/discussion/286676,png,20296,P2,download.png,
intel/g-research-crypto-forecasting/bodies/313386_img/01.jpg,g-research-crypto-forecasting,313386,https://www.kaggle.com/competitions/g-research-crypto-forecasting/discussion/313386,jpg,44784,P1,Beta 分量随时间与缺失的关系,analysis/deep/g-research-crypto-forecasting.md|notes/tabular/g-research-crypto-forecasting.md
intel/g-research-crypto-forecasting/bodies/313386_img/02.png,g-research-crypto-forecasting,313386,https://www.kaggle.com/competitions/g-research-crypto-forecasting/discussion/313386,png,37197,P2,gres.png,
intel/g2net-detecting-continuous-gravitational-waves/bodies/358444_img/01.PNG,g2net-detecting-continuous-gravitational-waves,358444,https://www.kaggle.com/competitions/g2net-detecting-continuous-gravitational-waves/discussion/358444,png,25728,P2,inbox%2F6537187%2F1893bf6ae0ffb282512eec0fdce5a662%2Fstruc.PNG,
intel/g2net-detecting-continuous-gravitational-waves/bodies/358444_img/02.png,g2net-detecting-continuous-gravitational-waves,358444,https://www.kaggle.com/competitions/g2net-detecting-continuous-gravitational-waves/discussion/358444,png,194816,P2,inbox%2F6537187%2Ff64e191975a1ebc2b76f6648da5eec95%2Fgrav%20wave.png,
intel/g2net-detecting-continuous-gravitational-waves/bodies/358444_img/03.PNG,g2net-detecting-continuous-gravitational-waves,358444,https://www.kaggle.com/competitions/g2net-detecting-continuous-gravitational-waves/discussion/358444,png,159635,P2,inbox%2F6537187%2F6b476a7c1f076bdf7c4f7234d37ace3b%2Fperfect%20cont%20wave.PNG,
intel/g2net-detecting-continuous-gravitational-waves/bodies/358444_img/04.PNG,g2net-detecting-continuous-gravitational-waves,358444,https://www.kaggle.com/competitions/g2net-detecting-continuous-gravitational-waves/discussion/358444,png,79627,P2,inbox%2F6537187%2F5c1472d7cb7ed505784dbbf5ea5f76ba%2Fcont%20grav%20wave.PNG,
intel/g2net-detecting-continuous-gravitational-waves/bodies/358444_img/05.PNG,g2net-detecting-continuous-gravitational-waves,358444,https://www.kaggle.com/competitions/g2net-detecting-continuous-gravitational-waves/discussion/358444,png,200357,P2,inbox%2F6537187%2Fa8a7caafee2261f27fde68045a824202%2Fstft.PNG,
intel/g2net-detecting-continuous-gravitational-waves/bodies/358444_img/06.PNG,g2net-detecting-continuous-gravitational-waves,358444,https://www.kaggle.com/competitions/g2net-detecting-continuous-gravitational-waves/discussion/358444,png,44078,P2,inbox%2F6537187%2Ff251c781289a238b183278fd0b4335bb%2Fwiki%20stft.PNG,
intel/g2net-detecting-continuous-gravitational-waves/bodies/363734_img/01.jpg,g2net-detecting-continuous-gravitational-waves,363734,https://www.kaggle.com/competitions/g2net-detecting-continuous-gravitational-waves/discussion/363734,jpg,113999,P1,-1 标签的彩蛋图像,notes/science/g2net-detecting-continuous-gravitational-waves.md
intel/g2net-detecting-continuous-gravitational-waves/bodies/363734_img/02.jpg,g2net-detecting-continuous-gravitational-waves,363734,https://www.kaggle.com/competitions/g2net-detecting-continuous-gravitational-waves/discussion/363734,jpg,53548,P2,62b0dd011.jpg,
intel/g2net-detecting-continuous-gravitational-waves/bodies/363734_img/03.jpg,g2net-detecting-continuous-gravitational-waves,363734,https://www.kaggle.com/competitions/g2net-detecting-continuous-gravitational-waves/discussion/363734,jpg,81991,P2,b7666b451.jpg,
intel/g2net-detecting-continuous-gravitational-waves/bodies/375897_img/01.png,g2net-detecting-continuous-gravitational-waves,375897,https://www.kaggle.com/competitions/g2net-detecting-continuous-gravitational-waves/discussion/375897,png,2394286,P1,9th 的在线生成与 UNet 双头,notes/science/g2net-detecting-continuous-gravitational-waves.md
intel/g2net-detecting-continuous-gravitational-waves/bodies/375910_img/01.png,g2net-detecting-continuous-gravitational-waves,375910,https://www.kaggle.com/competitions/g2net-detecting-continuous-gravitational-waves/discussion/375910,png,14723,P1,功率和统计量分布,notes/science/g2net-detecting-continuous-gravitational-waves.md
intel/g2net-detecting-continuous-gravitational-waves/bodies/375923_img/01.png,g2net-detecting-continuous-gravitational-waves,375923,https://www.kaggle.com/competitions/g2net-detecting-continuous-gravitational-waves/discussion/375923,png,662849,P1,横线噪声去除前后,notes/science/g2net-detecting-continuous-gravitational-waves.md
intel/g2net-detecting-continuous-gravitational-waves/bodies/375923_img/02.png,g2net-detecting-continuous-gravitational-waves,375923,https://www.kaggle.com/competitions/g2net-detecting-continuous-gravitational-waves/discussion/375923,png,710568,P2,inbox%2F3026173%2Fc5a3f0d84fd30bdfc21ad2f112c7adcc%2F3-4.png,
intel/g2net-detecting-continuous-gravitational-waves/bodies/375923_img/03.png,g2net-detecting-continuous-gravitational-waves,375923,https://www.kaggle.com/competitions/g2net-detecting-continuous-gravitational-waves/discussion/375923,png,370876,P2,inbox%2F3026173%2F664a106bc0a7a3a394bc78c55a1d80f1%2F5.png,
intel/g2net-detecting-continuous-gravitational-waves/bodies/375923_img/04.png,g2net-detecting-continuous-gravitational-waves,375923,https://www.kaggle.com/competitions/g2net-detecting-continuous-gravitational-waves/discussion/375923,png,368475,P2,inbox%2F3026173%2Feaa5412252d039795d351203575fd2d1%2F6.png,
intel/g2net-detecting-continuous-gravitational-waves/bodies/375923_img/05.png,g2net-detecting-continuous-gravitational-waves,375923,https://www.kaggle.com/competitions/g2net-detecting-continuous-gravitational-waves/discussion/375923,png,377836,P2,inbox%2F3026173%2F344d212d77257fd883c702ea2bfd7780%2F7.png,
intel/g2net-detecting-continuous-gravitational-waves/bodies/376233_img/01.png,g2net-detecting-continuous-gravitational-waves,376233,https://www.kaggle.com/competitions/g2net-detecting-continuous-gravitational-waves/discussion/376233,png,388992,P1,信号形态的频率依赖,notes/science/g2net-detecting-continuous-gravitational-waves.md
intel/g2net-detecting-continuous-gravitational-waves/bodies/376233_img/02.png,g2net-detecting-continuous-gravitational-waves,376233,https://www.kaggle.com/competitions/g2net-detecting-continuous-gravitational-waves/discussion/376233,png,197319,P2,inbox%2F1973217%2Fe444b75a9363396a58752932747aa88a%2F546913595-b7d0f04b5.png,
intel/g2net-detecting-continuous-gravitational-waves/bodies/376233_img/03.png,g2net-detecting-continuous-gravitational-waves,376233,https://www.kaggle.com/competitions/g2net-detecting-continuous-gravitational-waves/discussion/376233,png,71824,P1,生成痕迹去噪示例,notes/science/g2net-detecting-continuous-gravitational-waves.md
intel/g2net-detecting-continuous-gravitational-waves/bodies/376233_img/04.png,g2net-detecting-continuous-gravitational-waves,376233,https://www.kaggle.com/competitions/g2net-detecting-continuous-gravitational-waves/discussion/376233,png,87217,P2,inbox%2F1973217%2Fd209d9808da5996c97f01472895d6128%2F014065fac-73d5e4fc4.png,
intel/gan-getting-started/bodies/178253_img/01.gif,gan-getting-started,178253,https://www.kaggle.com/competitions/gan-getting-started/discussion/178253,gif,2552621,P2,91633072-2edb0e00-ea07-11ea-8512-5f4ba3b5365d.gif [GIF],
intel/gemini-long-context/bodies/541420_img/01.png,gemini-long-context,541420,https://www.kaggle.com/competitions/gemini-long-context/discussion/541420,png,56990,P1,模型页仅 4 个 notebook 挂载,analysis/deep/gemini-long-context.md|notes/other/gemini-long-context.md
intel/geolifeclef-2022-lifeclef-2022-fgvc9/bodies/312283_img/01.png,geolifeclef-2022-lifeclef-2022-fgvc9,312283,https://www.kaggle.com/competitions/geolifeclef-2022-lifeclef-2022-fgvc9/discussion/312283,png,240491,P2,inbox%2F59561%2Fcc6d9a21f0c3ed71b00113b33efb2b66%2Fkaggle_sweater.png,
intel/geolifeclef-2022-lifeclef-2022-fgvc9/bodies/312283_img/02.jpg,geolifeclef-2022-lifeclef-2022-fgvc9,312283,https://www.kaggle.com/competitions/geolifeclef-2022-lifeclef-2022-fgvc9/discussion/312283,jpg,33390,P2,360-F-238882142-RR07-WHn-FIm82-FA6x-Rv-U7-MLos0-Mxrf-Hgw.jpg,
intel/geolifeclef-2024/bodies/481283_img/01.png,geolifeclef-2024,481283,https://www.kaggle.com/competitions/geolifeclef-2024/discussion/481283,png,20200,P1,download.py 报错,analysis/deep/geolifeclef-2024.md|notes/cv/geolifeclef-2024.md
intel/godaddy-microbusiness-density-forecasting/bodies/394822_img/01.jpg,godaddy-microbusiness-density-forecasting,394822,https://www.kaggle.com/competitions/godaddy-microbusiness-density-forecasting/discussion/394822,jpg,581484,P1,cv,notes/tabular/godaddy-microbusiness-density-forecasting.md
intel/godaddy-microbusiness-density-forecasting/bodies/394822_img/02.jpg,godaddy-microbusiness-density-forecasting,394822,https://www.kaggle.com/competitions/godaddy-microbusiness-density-forecasting/discussion/394822,jpg,591576,P2,inbox%2F10745109%2F8feff954535976171c0410ee8e879c56%2FIMG_2088.jpg,
intel/godaddy-microbusiness-density-forecasting/bodies/395264_img/01.png,godaddy-microbusiness-density-forecasting,395264,https://www.kaggle.com/competitions/godaddy-microbusiness-density-forecasting/discussion/395264,png,26135,P1,reversion,notes/tabular/godaddy-microbusiness-density-forecasting.md
intel/godaddy-microbusiness-density-forecasting/bodies/395264_img/02.png,godaddy-microbusiness-density-forecasting,395264,https://www.kaggle.com/competitions/godaddy-microbusiness-density-forecasting/discussion/395264,png,146602,P2,inbox%2F5552115%2Ff1ba9755aeb2b45525fd98359dbf9cd2%2FFeatureImportances_1.png,
intel/godaddy-microbusiness-density-forecasting/bodies/417821_img/01.png,godaddy-microbusiness-density-forecasting,417821,https://www.kaggle.com/competitions/godaddy-microbusiness-density-forecasting/discussion/417821,png,160440,P2,inbox%2F425081%2F97e293203e0ddc5a997612331e424658%2F2023-06-17%2017.54.47.png,
intel/godaddy-microbusiness-density-forecasting/bodies/417821_img/02.jpeg,godaddy-microbusiness-density-forecasting,417821,https://www.kaggle.com/competitions/godaddy-microbusiness-density-forecasting/discussion/417821,jpeg,172266,P1,transform,notes/tabular/godaddy-microbusiness-density-forecasting.md
intel/google-code-golf-2025/bodies/614124_img/01.png,google-code-golf-2025,614124,https://www.kaggle.com/competitions/google-code-golf-2025/discussion/614124,png,144858,P1,4th 的并行采样与规则化提示循环,analysis/deep/google-code-golf-2025.md|notes/sim-agent/google-code-golf-2025.md
intel/google-code-golf-2025/bodies/614124_img/02.png,google-code-golf-2025,614124,https://www.kaggle.com/competitions/google-code-golf-2025/discussion/614124,png,122883,P2,inbox%2F6388%2Fcf9302e509ea35fa05a8bfb6f6c9824b%2F2025-11-01%2017.52.53.png,
intel/google-code-golf-2025/bodies/614225_img/01.png,google-code-golf-2025,614225,https://www.kaggle.com/competitions/google-code-golf-2025/discussion/614225,png,7859,P2,inbox%2F1953252%2F010fa1d41f9b192b5216869ad868be59%2FScreenshot%20from%202025-11-02%2015-02-06.png,
intel/google-code-golf-2025/bodies/614225_img/02.png,google-code-golf-2025,614225,https://www.kaggle.com/competitions/google-code-golf-2025/discussion/614225,png,8362,P2,inbox%2F1953252%2Fd59ef4bdb80a7ea4ffc107f84afe9bca%2FScreenshot%20from%202025-11-02%2015-02-29.png,
intel/google-code-golf-2025/bodies/614225_img/03.png,google-code-golf-2025,614225,https://www.kaggle.com/competitions/google-code-golf-2025/discussion/614225,png,412488,P2,inbox%2F1953252%2Fe8762c54471c6f6c8d3f9595273d1001%2Fdeflate-viz.png,
intel/google-code-golf-2025/bodies/614225_img/04.png,google-code-golf-2025,614225,https://www.kaggle.com/competitions/google-code-golf-2025/discussion/614225,png,10191,P2,inbox%2F1953252%2F07f32fcee52b745d1bfaa82d9c4a9397%2FScreenshot%20from%202025-11-02%2014-55-16.png,
intel/google-code-golf-2025/bodies/614225_img/05.png,google-code-golf-2025,614225,https://www.kaggle.com/competitions/google-code-golf-2025/discussion/614225,png,112298,P2,inbox%2F1953252%2F90c30fbaaf30f328ef51bfaf7c12565a%2FScreenshot%20from%202025-11-02%2004-48-08.png,
intel/google-code-golf-2025/bodies/614225_img/06.png,google-code-golf-2025,614225,https://www.kaggle.com/competitions/google-code-golf-2025/discussion/614225,png,53048,P2,inbox%2F1953252%2Fc90f52efe70694f4c7f046da468feb80%2FScreenshot%20from%202025-11-02%2014-58-05.png,
intel/google-code-golf-2025/bodies/614225_img/07.png,google-code-golf-2025,614225,https://www.kaggle.com/competitions/google-code-golf-2025/discussion/614225,png,175673,P2,inbox%2F1953252%2F92816db89d2e92b34f4b87b2c796d66d%2FScreenshot%20from%202025-11-02%2014-58-59.png,
intel/google-code-golf-2025/bodies/614225_img/08.png,google-code-golf-2025,614225,https://www.kaggle.com/competitions/google-code-golf-2025/discussion/614225,png,159153,P2,inbox%2F1953252%2Fc0dac6489524be375907ed0ad9b9008a%2FScreenshot%20from%202025-11-02%2014-59-49.png,
intel/google-code-golf-2025/bodies/614225_img/09.png,google-code-golf-2025,614225,https://www.kaggle.com/competitions/google-code-golf-2025/discussion/614225,png,48897,P2,inbox%2F1953252%2Fd2a18ffb82a338e5ac9eb4576d4aaaf6%2FScreenshot%20from%202025-11-02%2015-00-06.png,
intel/google-code-golf-2025/bodies/615039_img/01.webp,google-code-golf-2025,615039,https://www.kaggle.com/competitions/google-code-golf-2025/discussion/615039,webp,1310282,P2,inbox%2F977970%2F49c8620b75967d6937284391f06d652f%2Fintro.webp [WEBP],
intel/google-code-golf-2025/bodies/615039_img/02.gif,google-code-golf-2025,615039,https://www.kaggle.com/competitions/google-code-golf-2025/discussion/615039,gif,288937,P2,inbox%2F977970%2F3f69ef7107ea346cc045219307d0a345%2Ftask002.gif [GIF],
intel/google-code-golf-2025/bodies/615039_img/03.png,google-code-golf-2025,615039,https://www.kaggle.com/competitions/google-code-golf-2025/discussion/615039,png,29162,P2,inbox%2F977970%2Fb22cf963e20068477aab8c59eab4fe78%2Fupload_a256e11de938e616f2c337573f5512da.png,
intel/google-code-golf-2025/bodies/615039_img/04.png,google-code-golf-2025,615039,https://www.kaggle.com/competitions/google-code-golf-2025/discussion/615039,png,9282,P2,inbox%2F977970%2F44cd40e20c943a053e05718145505088%2FScreenshot%20from%202025-11-08%2012-36-32.png,
intel/google-code-golf-2025/bodies/615039_img/05.gif,google-code-golf-2025,615039,https://www.kaggle.com/competitions/google-code-golf-2025/discussion/615039,gif,940546,P2,inbox%2F977970%2Fcf0a1631f57ad8da512e479d693c4ef3%2Ftask286.gif [GIF],
intel/google-code-golf-2025/bodies/615039_img/06.png,google-code-golf-2025,615039,https://www.kaggle.com/competitions/google-code-golf-2025/discussion/615039,png,5050,P2,inbox%2F977970%2F8d0bd0e9639dc400689d87dec370bf80%2FScreenshot%20from%202025-11-08%2012-39-28.png,
intel/google-code-golf-2025/bodies/615039_img/07.png,google-code-golf-2025,615039,https://www.kaggle.com/competitions/google-code-golf-2025/discussion/615039,png,13807,P2,inbox%2F977970%2F7f0ab9372bbccde4f0d93a5e2591a216%2FScreenshot%20from%202025-11-08%2012-40-59.png,
intel/google-code-golf-2025/bodies/615039_img/08.png,google-code-golf-2025,615039,https://www.kaggle.com/competitions/google-code-golf-2025/discussion/615039,png,3630,P2,inbox%2F977970%2Ff8deefd24f0ca2fdbf2814c5264c8a2b%2FScreenshot%20from%202025-11-08%2012-42-44.png,
intel/google-code-golf-2025/bodies/615039_img/09.gif,google-code-golf-2025,615039,https://www.kaggle.com/competitions/google-code-golf-2025/discussion/615039,gif,101740,P2,inbox%2F977970%2Fc3b9fa1f80cdd67e48ad92ca525e2f6a%2Ftask017.gif [GIF],
intel/google-code-golf-2025/bodies/615039_img/10.jpg,google-code-golf-2025,615039,https://www.kaggle.com/competitions/google-code-golf-2025/discussion/615039,jpg,736108,P2,inbox%2F977970%2Fc97916c7bc78f2e87d3e3441ff00ab84%2Foutro.jpg,
intel/google-gemma-3n-hackathon/bodies/597689_img/01.png,google-gemma-3n-hackathon,597689,https://www.kaggle.com/competitions/google-gemma-3n-hackathon/discussion/597689,png,758894,P1,"提交 ""Internal Error"" 截图",analysis/deep/google-gemma-3n-hackathon.md|notes/other/google-gemma-3n-hackathon.md
intel/google-research-identify-contrails-reduce-global-warming/bodies/430491_img/01.png,google-research-identify-contrails-reduce-global-warming,430491,https://www.kaggle.com/competitions/google-research-identify-contrails-reduce-global-warming/discussion/430491,png,963432,P1,2nd 的三类架构与时序混合位置,analysis/deep/google-research-identify-contrails-reduce-global-warming.md
intel/google-research-identify-contrails-reduce-global-warming/bodies/430491_img/02.png,google-research-identify-contrails-reduce-global-warming,430491,https://www.kaggle.com/competitions/google-research-identify-contrails-reduce-global-warming/discussion/430491,png,2970454,P2,inbox%2F1212661%2F5b5010ef692bccaca91f04bdd8ae6be3%2F5.png,
intel/google-research-identify-contrails-reduce-global-warming/bodies/430491_img/03.png,google-research-identify-contrails-reduce-global-warming,430491,https://www.kaggle.com/competitions/google-research-identify-contrails-reduce-global-warming/discussion/430491,png,2132742,P2,inbox%2F1212661%2F2ddf4778766d0b5aa44a24a81409d460%2F6.png,
intel/google-research-identify-contrails-reduce-global-warming/bodies/430549_img/01.png,google-research-identify-contrails-reduce-global-warming,430549,https://www.kaggle.com/competitions/google-research-identify-contrails-reduce-global-warming/discussion/430549,png,275766,P2,inbox%2F2006644%2F2130a20eb0d042ac9d48d1ec2d7d88f9%2Funet3d_.png,
intel/google-research-identify-contrails-reduce-global-warming/bodies/430618_img/01.png,google-research-identify-contrails-reduce-global-warming,430618,https://www.kaggle.com/competitions/google-research-identify-contrails-reduce-global-warming/discussion/430618,png,39314,P1,1st 的错位诊断,analysis/deep/google-research-identify-contrails-reduce-global-warming.md|notes/cv/google-research-identify-contrails-reduce-global-warming.md
intel/google-research-identify-contrails-reduce-global-warming/bodies/430618_img/02.png,google-research-identify-contrails-reduce-global-warming,430618,https://www.kaggle.com/competitions/google-research-identify-contrails-reduce-global-warming/discussion/430618,png,509200,P2,inbox%2F954117%2Fbb92508e8a6b1d8392819ac63cb36cd6%2Fcontrail_fish.png,
intel/google-research-identify-contrails-reduce-global-warming/bodies/430618_img/03.png,google-research-identify-contrails-reduce-global-warming,430618,https://www.kaggle.com/competitions/google-research-identify-contrails-reduce-global-warming/discussion/430618,png,144248,P1,1st 的四帧拼图输入,analysis/deep/google-research-identify-contrails-reduce-global-warming.md
intel/google-universal-image-embedding/bodies/359161_img/01.png,google-universal-image-embedding,359161,https://www.kaggle.com/competitions/google-universal-image-embedding/discussion/359161,png,14122,P2,inbox%2F1694617%2F0a169ad601296aabab75c6e1a80fd619%2Fmodel_architecture_loss_change_meta_info_del.png,
intel/google-universal-image-embedding/bodies/359161_img/02.png,google-universal-image-embedding,359161,https://www.kaggle.com/competitions/google-universal-image-embedding/discussion/359161,png,89824,P2,inbox%2F1694617%2F576cf28ca33ef0699ce3f8a86512c4f9%2Flb_update_goldline_meta_info_del.png,
intel/google-universal-image-embedding/bodies/359271_img/01.png,google-universal-image-embedding,359271,https://www.kaggle.com/competitions/google-universal-image-embedding/discussion/359271,png,25242,P2,inbox%2F4241674%2Fe153943075ee571c7b42182c0a3a41eb%2F2022-10-11%20214238.png,
intel/google-universal-image-embedding/bodies/359271_img/02.png,google-universal-image-embedding,359271,https://www.kaggle.com/competitions/google-universal-image-embedding/discussion/359271,png,91691,P2,inbox%2F4241674%2Fe9e01248f4d6655c00d75348c54aeda5%2F1.png,
intel/google-universal-image-embedding/bodies/359487_img/01.jpg,google-universal-image-embedding,359487,https://www.kaggle.com/competitions/google-universal-image-embedding/discussion/359487,jpg,40568,P2,inbox%2F5116959%2Fec7ebd70ca3c485ef7d1f2606845fc1f%2FViT-Model.jpg,
intel/google-universal-image-embedding/bodies/359487_img/02.jpg,google-universal-image-embedding,359487,https://www.kaggle.com/competitions/google-universal-image-embedding/discussion/359487,jpg,37945,P1,4th 的双模型集成与降维,analysis/deep/google-universal-image-embedding.md|notes/cv/google-universal-image-embedding.md
intel/h-and-m-personalized-fashion-recommendations/bodies/324070_img/01.png,h-and-m-personalized-fashion-recommendations,324070,https://www.kaggle.com/competitions/h-and-m-personalized-fashion-recommendations/discussion/324070,png,139442,P1,1st pipeline,analysis/deep/h-and-m-personalized-fashion-recommendations.md|notes/tabular/h-and-m-personalized-fashion-recommendations.md
intel/h-and-m-personalized-fashion-recommendations/bodies/324070_img/02.png,h-and-m-personalized-fashion-recommendations,324070,https://www.kaggle.com/competitions/h-and-m-personalized-fashion-recommendations/discussion/324070,png,133165,P1,cv grid,analysis/deep/h-and-m-personalized-fashion-recommendations.md|notes/tabular/h-and-m-personalized-fashion-recommendations.md
intel/h-and-m-personalized-fashion-recommendations/bodies/324094_img/01.png,h-and-m-personalized-fashion-recommendations,324094,https://www.kaggle.com/competitions/h-and-m-personalized-fashion-recommendations/discussion/324094,png,25359,P1,4th arch,analysis/deep/h-and-m-personalized-fashion-recommendations.md|notes/tabular/h-and-m-personalized-fashion-recommendations.md
intel/h-and-m-personalized-fashion-recommendations/bodies/324094_img/02.png,h-and-m-personalized-fashion-recommendations,324094,https://www.kaggle.com/competitions/h-and-m-personalized-fashion-recommendations/discussion/324094,png,45733,P2,user-tower.png,
intel/h-and-m-personalized-fashion-recommendations/bodies/324094_img/03.png,h-and-m-personalized-fashion-recommendations,324094,https://www.kaggle.com/competitions/h-and-m-personalized-fashion-recommendations/discussion/324094,png,27719,P2,item-tower.png,
intel/h-and-m-personalized-fashion-recommendations/bodies/324094_img/04.png,h-and-m-personalized-fashion-recommendations,324094,https://www.kaggle.com/competitions/h-and-m-personalized-fashion-recommendations/discussion/324094,png,28710,P2,loss.png,
intel/happy-whale-and-dolphin/bodies/319896_img/01.png,happy-whale-and-dolphin,319896,https://www.kaggle.com/competitions/happy-whale-and-dolphin/discussion/319896,png,8934,P2,image.png,
intel/happy-whale-and-dolphin/bodies/319896_img/02.png,happy-whale-and-dolphin,319896,https://www.kaggle.com/competitions/happy-whale-and-dolphin/discussion/319896,png,11421,P2,image.png,
intel/happy-whale-and-dolphin/bodies/319896_img/03.png,happy-whale-and-dolphin,319896,https://www.kaggle.com/competitions/happy-whale-and-dolphin/discussion/319896,png,13472,P2,image.png,
intel/happy-whale-and-dolphin/bodies/320298_img/01.png,happy-whale-and-dolphin,320298,https://www.kaggle.com/competitions/happy-whale-and-dolphin/discussion/320298,png,1625534,P2,box2.png,
intel/happy-whale-and-dolphin/bodies/320298_img/02.png,happy-whale-and-dolphin,320298,https://www.kaggle.com/competitions/happy-whale-and-dolphin/discussion/320298,png,1725558,P1,19th 的六种裁剪示例,analysis/deep/happy-whale-and-dolphin.md
intel/happy-whale-and-dolphin/bodies/320298_img/03.png,happy-whale-and-dolphin,320298,https://www.kaggle.com/competitions/happy-whale-and-dolphin/discussion/320298,png,213022,P2,train2.png,
intel/happy-whale-and-dolphin/bodies/320298_img/04.png,happy-whale-and-dolphin,320298,https://www.kaggle.com/competitions/happy-whale-and-dolphin/discussion/320298,png,250738,P1,19th 的六数据集嵌入加权,analysis/deep/happy-whale-and-dolphin.md|notes/cv/happy-whale-and-dolphin.md
intel/hms-harmful-brain-activity-classification/bodies/468010_img/01.png,hms-harmful-brain-activity-classification,468010,https://www.kaggle.com/competitions/hms-harmful-brain-activity-classification/discussion/468010,png,208155,P1,HMS 数据结构,analysis/deep/hms-harmful-brain-activity-classification.md|notes/tabular/hms-harmful-brain-activity-classification.md
intel/hms-harmful-brain-activity-classification/bodies/468010_img/02.png,hms-harmful-brain-activity-classification,468010,https://www.kaggle.com/competitions/hms-harmful-brain-activity-classification/discussion/468010,png,164179,P2,brain9.png,
intel/hms-harmful-brain-activity-classification/bodies/468010_img/03.png,hms-harmful-brain-activity-classification,468010,https://www.kaggle.com/competitions/hms-harmful-brain-activity-classification/discussion/468010,png,195563,P2,brain11.png,
intel/hms-harmful-brain-activity-classification/bodies/492254_img/01.png,hms-harmful-brain-activity-classification,492254,https://www.kaggle.com/competitions/hms-harmful-brain-activity-classification/discussion/492254,png,91405,P2,inbox%2F1562037%2F9d2ab8354f85f39d092a75fd13922db7%2Fimg.png,
intel/hms-harmful-brain-activity-classification/bodies/492254_img/02.png,hms-harmful-brain-activity-classification,492254,https://www.kaggle.com/competitions/hms-harmful-brain-activity-classification/discussion/492254,png,138834,P2,inbox%2F1562037%2Fcbfe301faa8741dc262aa334e620e4c9%2Fimg_2.png,
intel/hms-harmful-brain-activity-classification/bodies/492471_img/01.png,hms-harmful-brain-activity-classification,492471,https://www.kaggle.com/competitions/hms-harmful-brain-activity-classification/discussion/492471,png,922610,P2,inbox%2F1424766%2F3690bc48fab4ed74631ebd292ad0e421%2FScreenshot%202024-04-09%20at%2018.39.18.png,
intel/hms-harmful-brain-activity-classification/bodies/492471_img/02.png,hms-harmful-brain-activity-classification,492471,https://www.kaggle.com/competitions/hms-harmful-brain-activity-classification/discussion/492471,png,348028,P2,inbox%2F1424766%2Fccecc2d899a329f4d796640a966d5f53%2FScreenshot%202024-04-09%20at%2018.47.16.png,
intel/hms-harmful-brain-activity-classification/bodies/492471_img/03.png,hms-harmful-brain-activity-classification,492471,https://www.kaggle.com/competitions/hms-harmful-brain-activity-classification/discussion/492471,png,802606,P2,inbox%2F1424766%2F2088a92e1f8bf11dbff9735ce5c9be94%2FScreenshot%202024-04-09%20at%2018.53.19.png,
intel/hms-harmful-brain-activity-classification/bodies/492471_img/04.png,hms-harmful-brain-activity-classification,492471,https://www.kaggle.com/competitions/hms-harmful-brain-activity-classification/discussion/492471,png,694126,P2,inbox%2F1424766%2Fdc57c62c4a5e83a98435a20b780b6860%2FScreenshot%202024-04-09%20at%2018.55.46.png,
intel/hms-harmful-brain-activity-classification/bodies/492471_img/05.png,hms-harmful-brain-activity-classification,492471,https://www.kaggle.com/competitions/hms-harmful-brain-activity-classification/discussion/492471,png,277289,P2,inbox%2F1424766%2F7ef0101b2bb47fdcc1b99688221b47b9%2FScreenshot%202024-04-09%20at%2019.02.09.png,
intel/hms-harmful-brain-activity-classification/bodies/492482_img/01.png,hms-harmful-brain-activity-classification,492482,https://www.kaggle.com/competitions/hms-harmful-brain-activity-classification/discussion/492482,png,804691,P2,single1.png,
intel/hms-harmful-brain-activity-classification/bodies/492482_img/02.png,hms-harmful-brain-activity-classification,492482,https://www.kaggle.com/competitions/hms-harmful-brain-activity-classification/discussion/492482,png,176763,P2,single2.png,
intel/hms-harmful-brain-activity-classification/bodies/492482_img/03.png,hms-harmful-brain-activity-classification,492482,https://www.kaggle.com/competitions/hms-harmful-brain-activity-classification/discussion/492482,png,779917,P1,One Mega Model,analysis/deep/hms-harmful-brain-activity-classification.md|notes/tabular/hms-harmful-brain-activity-classification.md
intel/hms-harmful-brain-activity-classification/bodies/492560_img/01.jpg,hms-harmful-brain-activity-classification,492560,https://www.kaggle.com/competitions/hms-harmful-brain-activity-classification/discussion/492560,jpg,220824,P2,inbox%2F2930242%2Fdb96007aaf4d5c3278bcda3b17c1bb14%2Fkaggle_overview.jpg,
intel/home-credit-credit-risk-model-stability/bodies/473950_img/01.png,home-credit-credit-risk-model-stability,473950,https://www.kaggle.com/competitions/home-credit-credit-risk-model-stability/discussion/473950,png,2848726,P1,数据 schema：depth 与来源,analysis/deep/home-credit-credit-risk-model-stability.md|notes/tabular/home-credit-credit-risk-model-stability.md
intel/home-credit-credit-risk-model-stability/bodies/473950_img/02.png,home-credit-credit-risk-model-stability,473950,https://www.kaggle.com/competitions/home-credit-credit-risk-model-stability/discussion/473950,png,108140,P1,文件大小与空值分布,analysis/deep/home-credit-credit-risk-model-stability.md|notes/tabular/home-credit-credit-risk-model-stability.md
intel/home-credit-credit-risk-model-stability/bodies/508337_img/01.png,home-credit-credit-risk-model-stability,508337,https://www.kaggle.com/competitions/home-credit-credit-risk-model-stability/discussion/508337,png,22443,P1,1st 的模型池与后处理流水线,analysis/deep/home-credit-credit-risk-model-stability.md|notes/tabular/home-credit-credit-risk-model-stability.md
intel/home-credit-credit-risk-model-stability/bodies/508588_img/01.png,home-credit-credit-risk-model-stability,508588,https://www.kaggle.com/competitions/home-credit-credit-risk-model-stability/discussion/508588,png,22199,P1,10th 的测试集探针表,analysis/deep/home-credit-credit-risk-model-stability.md|notes/tabular/home-credit-credit-risk-model-stability.md
intel/hubmap-hacking-the-human-vasculature/bodies/428447_img/01.png,hubmap-hacking-the-human-vasculature,428447,https://www.kaggle.com/competitions/hubmap-hacking-the-human-vasculature/discussion/428447,png,140404,P1,9th 的两阶段检测→分割管线,notes/cv/hubmap-hacking-the-human-vasculature.md
intel/hubmap-hacking-the-human-vasculature/bodies/428447_img/02.png,hubmap-hacking-the-human-vasculature,428447,https://www.kaggle.com/competitions/hubmap-hacking-the-human-vasculature/discussion/428447,png,19192,P1,9th 用 dataset1 模型重标 dataset2 的流程,notes/cv/hubmap-hacking-the-human-vasculature.md
intel/hubmap-hacking-the-human-vasculature/bodies/428447_img/03.png,hubmap-hacking-the-human-vasculature,428447,https://www.kaggle.com/competitions/hubmap-hacking-the-human-vasculature/discussion/428447,png,19086,P2,hubmap3.png,
intel/hubmap-hacking-the-human-vasculature/bodies/428447_img/04.png,hubmap-hacking-the-human-vasculature,428447,https://www.kaggle.com/competitions/hubmap-hacking-the-human-vasculature/discussion/428447,png,27180,P1,9th 的 2 折 wsi 交换 CV,notes/cv/hubmap-hacking-the-human-vasculature.md
intel/hubmap-hacking-the-human-vasculature/bodies/429060_img/01.png,hubmap-hacking-the-human-vasculature,429060,https://www.kaggle.com/competitions/hubmap-hacking-the-human-vasculature/discussion/429060,png,57170,P1,1st 的 EMA 动量对照曲线,notes/cv/hubmap-hacking-the-human-vasculature.md
intel/hubmap-hacking-the-human-vasculature/bodies/430242_img/01.png,hubmap-hacking-the-human-vasculature,430242,https://www.kaggle.com/competitions/hubmap-hacking-the-human-vasculature/discussion/430242,png,129000,P1,3rd 的多阶段训练流程,notes/cv/hubmap-hacking-the-human-vasculature.md
intel/hubmap-hacking-the-human-vasculature/bodies/430242_img/02.png,hubmap-hacking-the-human-vasculature,430242,https://www.kaggle.com/competitions/hubmap-hacking-the-human-vasculature/discussion/430242,png,249270,P2,inbox%2F4712534%2Facf9ee081989a328c9f150458b4fce95%2FScreenshot%202023-08-09%20at%204.01.34%20AM.png,
intel/hubmap-hacking-the-human-vasculature/bodies/430242_img/03.png,hubmap-hacking-the-human-vasculature,430242,https://www.kaggle.com/competitions/hubmap-hacking-the-human-vasculature/discussion/430242,png,136685,P1,3rd 的 5 模型集成与 erode→dilate 后处理,notes/cv/hubmap-hacking-the-human-vasculature.md
intel/hubmap-hacking-the-human-vasculature/bodies/430242_img/04.png,hubmap-hacking-the-human-vasculature,430242,https://www.kaggle.com/competitions/hubmap-hacking-the-human-vasculature/discussion/430242,png,271835,P2,inbox%2F4712534%2F764ea7995470a76b07549107c4b531a2%2FScreenshot%202023-08-09%20at%204.26.47%20AM.png,
intel/hubmap-organ-segmentation/bodies/332941_img/01.png,hubmap-organ-segmentation,332941,https://www.kaggle.com/competitions/hubmap-organ-segmentation/discussion/332941,png,286473,P1,各主干在 5 器官上的逐折基准,analysis/deep/hubmap-organ-segmentation.md|notes/cv/hubmap-organ-segmentation.md
intel/hubmap-organ-segmentation/bodies/332941_img/02.png,hubmap-organ-segmentation,332941,https://www.kaggle.com/competitions/hubmap-organ-segmentation/discussion/332941,png,72363,P2,Selection-081.png,
intel/hull-tactical-market-prediction/bodies/610981_img/01.png,hull-tactical-market-prediction,610981,https://www.kaggle.com/competitions/hull-tactical-market-prediction/discussion/610981,png,59298,P1,训练数据缺失值热图,analysis/deep/hull-tactical-market-prediction.md|notes/tabular/hull-tactical-market-prediction.md
intel/hull-tactical-market-prediction/bodies/610981_img/02.png,hull-tactical-market-prediction,610981,https://www.kaggle.com/competitions/hull-tactical-market-prediction/discussion/610981,png,35665,P2,inbox%2F19149227%2F48a450adebfd617ab673239d04344ae1%2Fdistribution.png,
intel/hull-tactical-market-prediction/bodies/610981_img/03.png,hull-tactical-market-prediction,610981,https://www.kaggle.com/competitions/hull-tactical-market-prediction/discussion/610981,png,64825,P2,inbox%2F19149227%2F9c9405a1007f76d183f9f158fa0ef74d%2Ftarget_over_time.png,
intel/hull-tactical-market-prediction/bodies/610981_img/04.png,hull-tactical-market-prediction,610981,https://www.kaggle.com/competitions/hull-tactical-market-prediction/discussion/610981,png,25312,P2,inbox%2F19149227%2F5b0b6452fa1b36b91db880d1104102ba%2Fcorr_top10.png,
intel/hull-tactical-market-prediction/bodies/610981_img/05.png,hull-tactical-market-prediction,610981,https://www.kaggle.com/competitions/hull-tactical-market-prediction/discussion/610981,png,98837,P2,inbox%2F19149227%2F3f93407e3ca8301c0685980911bf446f%2Fcorr_heatmap.png,
intel/hull-tactical-market-prediction/bodies/610981_img/06.png,hull-tactical-market-prediction,610981,https://www.kaggle.com/competitions/hull-tactical-market-prediction/discussion/610981,png,108980,P2,inbox%2F19149227%2F161a3006f40f117eb0df493b93ec2dff%2Frolling_mean.png,
intel/hull-tactical-market-prediction/bodies/610981_img/07.png,hull-tactical-market-prediction,610981,https://www.kaggle.com/competitions/hull-tactical-market-prediction/discussion/610981,png,17451,P2,inbox%2F19149227%2F65c20f7f734f8985e593d19125bdeb9e%2Facf.png,
intel/hull-tactical-market-prediction/bodies/610981_img/08.png,hull-tactical-market-prediction,610981,https://www.kaggle.com/competitions/hull-tactical-market-prediction/discussion/610981,png,34286,P2,inbox%2F19149227%2F98a4b5067466e0d7a785ea3abbaf2360%2Fqq%20plot.png,
intel/hull-tactical-market-prediction/bodies/610981_img/09.png,hull-tactical-market-prediction,610981,https://www.kaggle.com/competitions/hull-tactical-market-prediction/discussion/610981,png,33595,P2,inbox%2F19149227%2F5f9c1ee0193a36728e2fd62800597341%2Fsharpe_m1.png,
intel/hull-tactical-market-prediction/bodies/610981_img/10.png,hull-tactical-market-prediction,610981,https://www.kaggle.com/competitions/hull-tactical-market-prediction/discussion/610981,png,30667,P2,inbox%2F19149227%2Ffd91917011c8e77b7e132fb5f9906c30%2Fsharpem2.png,
intel/hull-tactical-market-prediction/bodies/610981_img/11.png,hull-tactical-market-prediction,610981,https://www.kaggle.com/competitions/hull-tactical-market-prediction/discussion/610981,png,30900,P2,inbox%2F19149227%2F2f9d21ddabf05008debf6e4a0d3545ff%2Fsharpem3.png,
intel/icecube-neutrinos-in-deep-ice/bodies/402849_img/01.png,icecube-neutrinos-in-deep-ice,402849,https://www.kaggle.com/competitions/icecube-neutrinos-in-deep-ice/discussion/402849,png,108045,P2,inbox%2F743648%2F829df4033d8353d91b74f0559259506c%2FModels%20Zoo%20RESIZED.png,
intel/icecube-neutrinos-in-deep-ice/bodies/402882_img/01.png,icecube-neutrinos-in-deep-ice,402882,https://www.kaggle.com/competitions/icecube-neutrinos-in-deep-ice/discussion/402882,png,593248,P1,2nd 的 Transformer 模型,analysis/deep/icecube-neutrinos-in-deep-ice.md|notes/science/icecube-neutrinos-in-deep-ice.md
intel/icecube-neutrinos-in-deep-ice/bodies/402882_img/02.png,icecube-neutrinos-in-deep-ice,402882,https://www.kaggle.com/competitions/icecube-neutrinos-in-deep-ice/discussion/402882,png,208365,P2,inbox%2F1212661%2Fa96019c14603b2c54be402d9d960464f%2Fds.png,
intel/icecube-neutrinos-in-deep-ice/bodies/402882_img/03.png,icecube-neutrinos-in-deep-ice,402882,https://www.kaggle.com/competitions/icecube-neutrinos-in-deep-ice/discussion/402882,png,341034,P2,inbox%2F1212661%2Ffdbfc788586698d1965af8a024868dd7%2FNoise.png,
intel/icecube-neutrinos-in-deep-ice/bodies/402882_img/04.png,icecube-neutrinos-in-deep-ice,402882,https://www.kaggle.com/competitions/icecube-neutrinos-in-deep-ice/discussion/402882,png,648465,P2,inbox%2F1212661%2Fd1fe483e3972b5ae6aafa7c4db3f4ea9%2Fdist.png,
intel/icecube-neutrinos-in-deep-ice/bodies/402882_img/05.png,icecube-neutrinos-in-deep-ice,402882,https://www.kaggle.com/competitions/icecube-neutrinos-in-deep-ice/discussion/402882,png,259233,P2,inbox%2F1212661%2F1a2b2b993bb6a79ad13babb00ea689dc%2Fcls.png,
intel/icecube-neutrinos-in-deep-ice/bodies/402888_img/01.png,icecube-neutrinos-in-deep-ice,402888,https://www.kaggle.com/competitions/icecube-neutrinos-in-deep-ice/discussion/402888,png,14502,P2,inbox%2F3468635%2Fd4807872db2ad427f9484a1f6ac8ccbd%2Fzenith_histogram.png,
intel/icecube-neutrinos-in-deep-ice/bodies/402920_img/01.png,icecube-neutrinos-in-deep-ice,402920,https://www.kaggle.com/competitions/icecube-neutrinos-in-deep-ice/discussion/402920,png,101226,P2,inbox%2F1667828%2Fd27747a4b9d7f2eb613032789cc095a0%2Fcommon_arch.png,
intel/icecube-neutrinos-in-deep-ice/bodies/402920_img/02.png,icecube-neutrinos-in-deep-ice,402920,https://www.kaggle.com/competitions/icecube-neutrinos-in-deep-ice/discussion/402920,png,52494,P2,inbox%2F1667828%2F000a4894518c3090f4fad6146a865c13%2Fgnn_arch.png,
intel/icecube-neutrinos-in-deep-ice/bodies/402920_img/03.png,icecube-neutrinos-in-deep-ice,402920,https://www.kaggle.com/competitions/icecube-neutrinos-in-deep-ice/discussion/402920,png,51608,P2,inbox%2F1667828%2Fc2015199cfa3d81a4f028d61458c239d%2Fgnn_plus_layer.png,
intel/icecube-neutrinos-in-deep-ice/bodies/402920_img/04.png,icecube-neutrinos-in-deep-ice,402920,https://www.kaggle.com/competitions/icecube-neutrinos-in-deep-ice/discussion/402920,png,54367,P2,inbox%2F1667828%2Fd22171be96432ebf984027aaaf96bfc8%2Ftransformer_00.png,
intel/icecube-neutrinos-in-deep-ice/bodies/402920_img/05.png,icecube-neutrinos-in-deep-ice,402920,https://www.kaggle.com/competitions/icecube-neutrinos-in-deep-ice/discussion/402920,png,121744,P2,inbox%2F1667828%2F6bf188353b365fde71a4e1a94fe91b82%2Fexp_large_01.png,
intel/icecube-neutrinos-in-deep-ice/bodies/402920_img/06.png,icecube-neutrinos-in-deep-ice,402920,https://www.kaggle.com/competitions/icecube-neutrinos-in-deep-ice/discussion/402920,png,195571,P2,inbox%2F1667828%2F2cd7550542fa9f05041b1d8266aa9756%2Fexp_large_grad_01.png,
intel/icecube-neutrinos-in-deep-ice/bodies/402920_img/07.png,icecube-neutrinos-in-deep-ice,402920,https://www.kaggle.com/competitions/icecube-neutrinos-in-deep-ice/discussion/402920,png,133456,P2,inbox%2F1667828%2F2342fe7cc1946eaaee3ca0f42d8a4339%2Fensemble_train.png,
intel/icecube-neutrinos-in-deep-ice/bodies/402976_img/01.png,icecube-neutrinos-in-deep-ice,402976,https://www.kaggle.com/competitions/icecube-neutrinos-in-deep-ice/discussion/402976,png,197985,P2,inbox%2F548996%2Ff28760ca31a4cedaebaad8cac80352ac%2Ficecube2.png,
intel/icecube-neutrinos-in-deep-ice/bodies/402976_img/02.png,icecube-neutrinos-in-deep-ice,402976,https://www.kaggle.com/competitions/icecube-neutrinos-in-deep-ice/discussion/402976,png,14089,P2,inbox%2F548996%2F99153c1b48d05472673c6dcd1827d187%2Fedge4.png,
intel/icecube-neutrinos-in-deep-ice/bodies/402976_img/03.png,icecube-neutrinos-in-deep-ice,402976,https://www.kaggle.com/competitions/icecube-neutrinos-in-deep-ice/discussion/402976,png,85736,P2,inbox%2F548996%2F3674d2af7f7552e176a208149f3ba2ec%2Fmini_batch.png,
intel/icr-identify-age-related-conditions/bodies/431067_img/01.png,icr-identify-age-related-conditions,431067,https://www.kaggle.com/competitions/icr-identify-age-related-conditions/discussion/431067,png,158091,P2,time-cv.png,
intel/icr-identify-age-related-conditions/bodies/431067_img/02.png,icr-identify-age-related-conditions,431067,https://www.kaggle.com/competitions/icr-identify-age-related-conditions/discussion/431067,png,205320,P1,各时间段验证损失,analysis/deep/icr-identify-age-related-conditions.md|notes/tabular/icr-identify-age-related-conditions.md
intel/icr-identify-age-related-conditions/bodies/431067_img/03.png,icr-identify-age-related-conditions,431067,https://www.kaggle.com/competitions/icr-identify-age-related-conditions/discussion/431067,png,275428,P2,time-thresholds2.png,
intel/icr-identify-age-related-conditions/bodies/431067_img/04.png,icr-identify-age-related-conditions,431067,https://www.kaggle.com/competitions/icr-identify-age-related-conditions/discussion/431067,png,170115,P2,best-fold.png,
intel/icr-identify-age-related-conditions/bodies/431067_img/05.png,icr-identify-age-related-conditions,431067,https://www.kaggle.com/competitions/icr-identify-age-related-conditions/discussion/431067,png,176905,P2,worst-fold.png,
intel/icr-identify-age-related-conditions/bodies/431067_img/06.png,icr-identify-age-related-conditions,431067,https://www.kaggle.com/competitions/icr-identify-age-related-conditions/discussion/431067,png,82409,P2,class1.png,
intel/image-matching-challenge-2022/bodies/316975_img/01.png,image-matching-challenge-2022,316975,https://www.kaggle.com/competitions/image-matching-challenge-2022/discussion/316975,png,17309,P2,372px-Epipolar-geometry-svg.png,
intel/image-matching-challenge-2022/bodies/316975_img/02.png,image-matching-challenge-2022,316975,https://www.kaggle.com/competitions/image-matching-challenge-2022/discussion/316975,png,126974,P2,Screenshot-from-2022-04-05-22-19-58.png,
intel/image-matching-challenge-2022/bodies/316975_img/03.jpg,image-matching-challenge-2022,316975,https://www.kaggle.com/competitions/image-matching-challenge-2022/discussion/316975,jpg,11694,P2,epiresult.jpg,
intel/image-matching-challenge-2022/bodies/316975_img/04.png,image-matching-challenge-2022,316975,https://www.kaggle.com/competitions/image-matching-challenge-2022/discussion/316975,png,78943,P2,results-8-3.png,
intel/image-matching-challenge-2022/bodies/328903_img/01.png,image-matching-challenge-2022,328903,https://www.kaggle.com/competitions/image-matching-challenge-2022/discussion/328903,png,61418,P2,IMC2022-10th.png,
intel/image-matching-challenge-2022/bodies/328903_img/02.png,image-matching-challenge-2022,328903,https://www.kaggle.com/competitions/image-matching-challenge-2022/discussion/328903,png,152908,P2,Untitled.png,
intel/image-matching-challenge-2022/bodies/328903_img/03.png,image-matching-challenge-2022,328903,https://www.kaggle.com/competitions/image-matching-challenge-2022/discussion/328903,png,77060,P2,Untitled.png,
intel/image-matching-challenge-2022/bodies/328903_img/04.png,image-matching-challenge-2022,328903,https://www.kaggle.com/competitions/image-matching-challenge-2022/discussion/328903,png,247309,P2,Untitled-1.png,
intel/image-matching-challenge-2022/bodies/328903_img/05.png,image-matching-challenge-2022,328903,https://www.kaggle.com/competitions/image-matching-challenge-2022/discussion/328903,png,487132,P2,image-7.png,
intel/image-matching-challenge-2022/bodies/328903_img/06.png,image-matching-challenge-2022,328903,https://www.kaggle.com/competitions/image-matching-challenge-2022/discussion/328903,png,458291,P2,image-8.png,
intel/image-matching-challenge-2022/bodies/328903_img/07.png,image-matching-challenge-2022,328903,https://www.kaggle.com/competitions/image-matching-challenge-2022/discussion/328903,png,435414,P2,image-9.png,
intel/image-matching-challenge-2022/bodies/329131_img/01.png,image-matching-challenge-2022,329131,https://www.kaggle.com/competitions/image-matching-challenge-2022/discussion/329131,png,63354,P1,1st 的两阶段匹配框架,analysis/deep/image-matching-challenge-2022.md|notes/cv/image-matching-challenge-2022.md
intel/image-matching-challenge-2022/bodies/329131_img/02.png,image-matching-challenge-2022,329131,https://www.kaggle.com/competitions/image-matching-challenge-2022/discussion/329131,png,669220,P2,mkpt-crop-image.png,
intel/image-matching-challenge-2023/bodies/416816_img/01.png,image-matching-challenge-2023,416816,https://www.kaggle.com/competitions/image-matching-challenge-2023/discussion/416816,png,138550,P2,inbox%2F6388%2F522450db593ec4545cbb3ab6d3f59cd6%2Fmatcher.png,
intel/image-matching-challenge-2023/bodies/416816_img/02.png,image-matching-challenge-2023,416816,https://www.kaggle.com/competitions/image-matching-challenge-2023/discussion/416816,png,65542,P2,inbox%2F6388%2F6f82729162d57442693ff3fa2b408209%2Finference_time.png,
intel/image-matching-challenge-2023/bodies/416816_img/03.png,image-matching-challenge-2023,416816,https://www.kaggle.com/competitions/image-matching-challenge-2023/discussion/416816,png,458753,P2,inbox%2F6388%2F212bfdaf476e1ec79efa5692162d99d2%2Fcyprus1.png,
intel/image-matching-challenge-2023/bodies/416816_img/04.png,image-matching-challenge-2023,416816,https://www.kaggle.com/competitions/image-matching-challenge-2023/discussion/416816,png,461854,P2,inbox%2F6388%2F75ce985499c56086b721df6a3e63e5d1%2Fcyprus2.png,
intel/image-matching-challenge-2023/bodies/416816_img/05.png,image-matching-challenge-2023,416816,https://www.kaggle.com/competitions/image-matching-challenge-2023/discussion/416816,png,77602,P2,inbox%2F6388%2F538925ab8b7ece79f2630f2a9f18708e%2Ferrors.png,
intel/image-matching-challenge-2023/bodies/416873_img/01.png,image-matching-challenge-2023,416873,https://www.kaggle.com/competitions/image-matching-challenge-2023/discussion/416873,png,2528088,P2,inbox%2F5065877%2F68911db7c4cc430dec05670cd196a960%2Fslide_architecture.png,
intel/image-matching-challenge-2023/bodies/416918_img/01.png,image-matching-challenge-2023,416918,https://www.kaggle.com/competitions/image-matching-challenge-2023/discussion/416918,png,67052,P2,inbox%2F9249230%2F1036693590b6655d8d48d588bfd69e9c%2FIMC-solution.png,
intel/image-matching-challenge-2023/bodies/416918_img/02.png,image-matching-challenge-2023,416918,https://www.kaggle.com/competitions/image-matching-challenge-2023/discussion/416918,png,447811,P2,inbox%2F9249230%2F59ee7b75b96f413775ba3f8f7e6fc6c0%2Fsplit_2.png,
intel/image-matching-challenge-2023/bodies/416918_img/03.png,image-matching-challenge-2023,416918,https://www.kaggle.com/competitions/image-matching-challenge-2023/discussion/416918,png,553833,P2,inbox%2F9249230%2F4a040a43881adc0532ccc0e5b4878c17%2FDKM_2.png,
intel/image-matching-challenge-2023/bodies/417045_img/01.png,image-matching-challenge-2023,417045,https://www.kaggle.com/competitions/image-matching-challenge-2023/discussion/417045,png,67324,P2,inbox%2F3964695%2Fbb53c3f1e7ebad9394a673a421b47d11%2Fdetector.png,
intel/image-matching-challenge-2023/bodies/417045_img/02.png,image-matching-challenge-2023,417045,https://www.kaggle.com/competitions/image-matching-challenge-2023/discussion/417045,png,117791,P2,inbox%2F3964695%2F051e9413d0ce9cd8357723ba7efab1be%2Ffull_pipeline.png,
intel/image-matching-challenge-2023/bodies/417045_img/03.png,image-matching-challenge-2023,417045,https://www.kaggle.com/competitions/image-matching-challenge-2023/discussion/417045,png,52176,P2,inbox%2F3964695%2Fc9cbe4d2f30c6874e597dd5949c2b62e%2Fmultiprocessing.png,
intel/image-matching-challenge-2023/bodies/417407_img/01.png,image-matching-challenge-2023,417407,https://www.kaggle.com/competitions/image-matching-challenge-2023/discussion/417407,png,3230849,P1,1st 的粗到精 SfM 框架,analysis/deep/image-matching-challenge-2023.md|notes/cv/image-matching-challenge-2023.md
intel/image-matching-challenge-2023/bodies/417407_img/02.png,image-matching-challenge-2023,417407,https://www.kaggle.com/competitions/image-matching-challenge-2023/discussion/417407,png,66053,P2,inbox%2F14597895%2Fab3bc20584b40131a4fe28b55d7d1530%2Fnon_repeatable_problem.png,
intel/image-matching-challenge-2023/bodies/417407_img/03.png,image-matching-challenge-2023,417407,https://www.kaggle.com/competitions/image-matching-challenge-2023/discussion/417407,png,75173,P2,inbox%2F14597895%2F93c7812782a9455aaeafabdffec752b9%2Ffinal_shot_2.png,
intel/image-matching-challenge-2024/bodies/509902_img/01.png,image-matching-challenge-2024,509902,https://www.kaggle.com/competitions/image-matching-challenge-2024/discussion/509902,png,155221,P2,inbox%2F8163878%2F77cb834444008210032bbeba352326ec%2FScreenshot%202024-06-04%2019.00.41.png,
intel/image-matching-challenge-2024/bodies/509902_img/02.png,image-matching-challenge-2024,509902,https://www.kaggle.com/competitions/image-matching-challenge-2024/discussion/509902,png,388467,P2,inbox%2F8163878%2Feb529e38034653f78f6f3d5364da62dd%2FScreenshot%202024-06-04%2019.01.08.png,
intel/image-matching-challenge-2024/bodies/510084_img/01.png,image-matching-challenge-2024,510084,https://www.kaggle.com/competitions/image-matching-challenge-2024/discussion/510084,png,1922312,P1,1st 的参考管线,analysis/deep/image-matching-challenge-2024.md|notes/cv/image-matching-challenge-2024.md
intel/image-matching-challenge-2024/bodies/510084_img/02.png,image-matching-challenge-2024,510084,https://www.kaggle.com/competitions/image-matching-challenge-2024/discussion/510084,png,241414,P2,inbox%2F5065877%2F1015c0b267363e4efe2fde995554275f%2FNew%20crop%20method.png,
intel/image-matching-challenge-2024/bodies/510084_img/03.png,image-matching-challenge-2024,510084,https://www.kaggle.com/competitions/image-matching-challenge-2024/discussion/510084,png,30110,P2,inbox%2F5065877%2Fe28e557bcafb34c54b52aadfc0e43894%2FVolumetric%20frustums.png,
intel/image-matching-challenge-2024/bodies/510084_img/04.png,image-matching-challenge-2024,510084,https://www.kaggle.com/competitions/image-matching-challenge-2024/discussion/510084,png,41632,P2,inbox%2F5065877%2F99ab25e5727fdeda1c26c5c82bb6e9f4%2Fdfsfm_table.png,
intel/image-matching-challenge-2024/bodies/510084_img/05.png,image-matching-challenge-2024,510084,https://www.kaggle.com/competitions/image-matching-challenge-2024/discussion/510084,png,94516,P1,1st 的透明场景相机圆周假设,analysis/deep/image-matching-challenge-2024.md
intel/image-matching-challenge-2024/bodies/510084_img/06.png,image-matching-challenge-2024,510084,https://www.kaggle.com/competitions/image-matching-challenge-2024/discussion/510084,png,258696,P2,inbox%2F5065877%2F0b7bb8a9fb2a11fb9c2a2346d567a660%2Ftransparent_objects_poses_paper.png,
intel/image-matching-challenge-2024/bodies/510084_img/07.png,image-matching-challenge-2024,510084,https://www.kaggle.com/competitions/image-matching-challenge-2024/discussion/510084,png,359101,P2,inbox%2F5065877%2F241f6199e349cc56c206f2b075484c53%2Fvlad_two_bottles_dataset.png,
intel/image-matching-challenge-2024/bodies/510084_img/08.png,image-matching-challenge-2024,510084,https://www.kaggle.com/competitions/image-matching-challenge-2024/discussion/510084,png,426167,P2,inbox%2F5065877%2F42bf710a8be051e95f38b03ee132c408%2Fvlad%20imc24%20bottles%20slideshow.png,
intel/image-matching-challenge-2024/bodies/510084_img/09.PNG,image-matching-challenge-2024,510084,https://www.kaggle.com/competitions/image-matching-challenge-2024/discussion/510084,png,130809,P2,inbox%2F5065877%2Fb0388aa318697244ad212f25bffbccc9%2Fyumeneko_final_metrics_jafaar_v2.PNG,
intel/image-matching-challenge-2024/bodies/510338_img/01.png,image-matching-challenge-2024,510338,https://www.kaggle.com/competitions/image-matching-challenge-2024/discussion/510338,png,1221847,P2,inbox%2F16492520%2F0feabaadc93f98e6b15fbe9eea33503b%2Foverview.png,
intel/image-matching-challenge-2024/bodies/510338_img/02.png,image-matching-challenge-2024,510338,https://www.kaggle.com/competitions/image-matching-challenge-2024/discussion/510338,png,436343,P2,inbox%2F16492520%2F7a5fc4ec54bb1f5ce36ddad5b04ac55f%2FScreenshot%202024-06-05%20at%2020.02.12.png,
intel/image-matching-challenge-2024/bodies/510499_img/01.png,image-matching-challenge-2024,510499,https://www.kaggle.com/competitions/image-matching-challenge-2024/discussion/510499,png,2999455,P2,inbox%2F15672041%2F42d7d2c74bfa064e7f18da3a4a575c8c%2F2024-07-01%2020.54.59.png,
intel/image-matching-challenge-2024/bodies/510499_img/02.png,image-matching-challenge-2024,510499,https://www.kaggle.com/competitions/image-matching-challenge-2024/discussion/510499,png,1583688,P2,inbox%2F15672041%2Fca78e1978e7ceb711ec0f41a64e1e27b%2F2024-07-01%2020.56.14.png,
intel/image-matching-challenge-2024/bodies/510499_img/03.png,image-matching-challenge-2024,510499,https://www.kaggle.com/competitions/image-matching-challenge-2024/discussion/510499,png,1687413,P2,inbox%2F15672041%2Fd7468879e081409467ad74f5fc895c83%2F2024-06-06%2020.17.12.png,
intel/image-matching-challenge-2024/bodies/510499_img/04.png,image-matching-challenge-2024,510499,https://www.kaggle.com/competitions/image-matching-challenge-2024/discussion/510499,png,1767264,P2,inbox%2F15672041%2F06b5b48d023cc71d8183039d0902750b%2F2024-06-06%2020.02.28.png,
intel/image-matching-challenge-2024/bodies/510499_img/05.png,image-matching-challenge-2024,510499,https://www.kaggle.com/competitions/image-matching-challenge-2024/discussion/510499,png,1788096,P2,inbox%2F15672041%2Ff2258dbcc3d0707a98f7db089871a659%2F1.png,
intel/image-matching-challenge-2024/bodies/510499_img/06.png,image-matching-challenge-2024,510499,https://www.kaggle.com/competitions/image-matching-challenge-2024/discussion/510499,png,1494883,P2,inbox%2F15672041%2F8625f3098ae89ad3ebfb6f7202344376%2F2024-06-06%2020.37.07.png,
intel/image-matching-challenge-2024/bodies/510603_img/01.png,image-matching-challenge-2024,510603,https://www.kaggle.com/competitions/image-matching-challenge-2024/discussion/510603,png,153952,P2,inbox%2F2198466%2F198ac7d486076bea7b708f4f0fc7682f%2Fimc24%20arch.png,
intel/image-matching-challenge-2024/bodies/510603_img/02.png,image-matching-challenge-2024,510603,https://www.kaggle.com/competitions/image-matching-challenge-2024/discussion/510603,png,78185,P2,inbox%2F2198466%2Fbcdc3ca4607ce1c2b024a7e9b7f03aef%2Fimc24%20ring%20match.png,
intel/image-matching-challenge-2024/bodies/510603_img/03.png,image-matching-challenge-2024,510603,https://www.kaggle.com/competitions/image-matching-challenge-2024/discussion/510603,png,220283,P2,inbox%2F2198466%2Fe3891c005ff8a58801e207f7f7e3309e%2Fimc24%20mask.png,
intel/image-matching-challenge-2024/bodies/510611_img/01.jpg,image-matching-challenge-2024,510611,https://www.kaggle.com/competitions/image-matching-challenge-2024/discussion/510611,jpg,544844,P2,inbox%2F611870%2F159bf28bda8dbb0c83c394c2ec0f0e86%2Fsolution.jpg,
intel/image-matching-challenge-2024/bodies/510611_img/02.png,image-matching-challenge-2024,510611,https://www.kaggle.com/competitions/image-matching-challenge-2024/discussion/510611,png,1015936,P2,inbox%2F611870%2Ffe4b9b8bdebbbd178b9b63388ce971e4%2Fcylinder_matching_initial.png,
intel/image-matching-challenge-2024/bodies/510611_img/03.png,image-matching-challenge-2024,510611,https://www.kaggle.com/competitions/image-matching-challenge-2024/discussion/510611,png,101883,P2,inbox%2F611870%2F6dd026c50f87131ec407026c2d513bf9%2Fcylinder_segmented.png,
intel/image-matching-challenge-2024/bodies/510611_img/04.png,image-matching-challenge-2024,510611,https://www.kaggle.com/competitions/image-matching-challenge-2024/discussion/510611,png,276285,P2,inbox%2F611870%2F8b95ff498022a69cc46e32d6134a49e3%2Fcylinder_keypoints_initial.png,
intel/image-matching-challenge-2024/bodies/510611_img/05.png,image-matching-challenge-2024,510611,https://www.kaggle.com/competitions/image-matching-challenge-2024/discussion/510611,png,275982,P2,inbox%2F611870%2Fff16f90a5b4ac647de3cbe3349b1cd41%2Fcylinder_keypoints_result.png,
intel/image-matching-challenge-2024/bodies/510611_img/06.png,image-matching-challenge-2024,510611,https://www.kaggle.com/competitions/image-matching-challenge-2024/discussion/510611,png,592179,P2,inbox%2F611870%2F206ad587a4bff93ef5eb97ce7367a2ac%2Fcylinder_matching_result.png,
intel/image-matching-challenge-2025/bodies/573183_img/01.jpg,image-matching-challenge-2025,573183,https://www.kaggle.com/competitions/image-matching-challenge-2025/discussion/573183,jpg,77239,P2,inbox%2F25747348%2F61b7f20998538db19346d6d34c961920%2F2025-04-14%20083034.jpg,
intel/image-matching-challenge-2025/bodies/582898_img/01.png,image-matching-challenge-2025,582898,https://www.kaggle.com/competitions/image-matching-challenge-2025/discussion/582898,png,85084,P2,inbox%2F4671348%2F44480ec2a6588e2da7339330bd9ac67a%2F1.png,
intel/image-matching-challenge-2025/bodies/582898_img/02.png,image-matching-challenge-2025,582898,https://www.kaggle.com/competitions/image-matching-challenge-2025/discussion/582898,png,86955,P2,inbox%2F4671348%2F208da39236d8b8ce2befbedec791b8b8%2F2.png,
intel/image-matching-challenge-2025/bodies/582898_img/03.png,image-matching-challenge-2025,582898,https://www.kaggle.com/competitions/image-matching-challenge-2025/discussion/582898,png,1425350,P2,inbox%2F4671348%2F1aadc864ec8fb39efcede0a3f217d831%2F2_1.png,
intel/image-matching-challenge-2025/bodies/582898_img/04.png,image-matching-challenge-2025,582898,https://www.kaggle.com/competitions/image-matching-challenge-2025/discussion/582898,png,887861,P2,inbox%2F4671348%2F40eea1255457216c15b1f66bcfe02321%2F2_2.png,
intel/image-matching-challenge-2025/bodies/582898_img/05.png,image-matching-challenge-2025,582898,https://www.kaggle.com/competitions/image-matching-challenge-2025/discussion/582898,png,33368,P2,inbox%2F4671348%2Ff545553e2ff92aaa2a4db250d2a502ac%2F3.png,
intel/image-matching-challenge-2025/bodies/582898_img/06.png,image-matching-challenge-2025,582898,https://www.kaggle.com/competitions/image-matching-challenge-2025/discussion/582898,png,33648,P2,inbox%2F4671348%2Fb812de83d435a69de0bc9bc20f867f20%2F4.png,
intel/image-matching-challenge-2025/bodies/582959_img/01.png,image-matching-challenge-2025,582959,https://www.kaggle.com/competitions/image-matching-challenge-2025/discussion/582959,png,322493,P2,inbox%2F11021856%2F9c7f411f856807f0bfcd1dbe476fdfd2%2FScreenshot%202025-06-03%20at%2012.39.09PM.png,
intel/image-matching-challenge-2025/bodies/582959_img/02.png,image-matching-challenge-2025,582959,https://www.kaggle.com/competitions/image-matching-challenge-2025/discussion/582959,png,211234,P2,inbox%2F11021856%2F4316f7c8574454b2881f8f67a051f124%2Foutput.png,
intel/image-matching-challenge-2025/bodies/583058_img/01.png,image-matching-challenge-2025,583058,https://www.kaggle.com/competitions/image-matching-challenge-2025/discussion/583058,png,2811853,P1,1st 的 MASt3R 管线,analysis/deep/image-matching-challenge-2025.md|notes/cv/image-matching-challenge-2025.md
intel/image-matching-challenge-2025/bodies/583097_img/01.png,image-matching-challenge-2025,583097,https://www.kaggle.com/competitions/image-matching-challenge-2025/discussion/583097,png,51464,P2,inbox%2F8163878%2Fa1a8238d8943872b2cd95d87778af334%2FScreenshot%202025-06-05%2001.46.42.png,
intel/image-matching-challenge-2025/bodies/583097_img/02.png,image-matching-challenge-2025,583097,https://www.kaggle.com/competitions/image-matching-challenge-2025/discussion/583097,png,37941,P2,inbox%2F8163878%2F19d0e899b13ff451ce99c550dea94422%2FScreenshot%202025-06-05%2001.35.24.png,
intel/isic-2024-challenge/bodies/517141_img/01.png,isic-2024-challenge,517141,https://www.kaggle.com/competitions/isic-2024-challenge/discussion/517141,png,1490124,P2,inbox%2F1098475%2Fbc11c4684c704dc67300136b8730d152%2Fwinners_positive.png,
intel/isic-2024-challenge/bodies/517141_img/02.png,isic-2024-challenge,517141,https://www.kaggle.com/competitions/isic-2024-challenge/discussion/517141,png,1029546,P2,inbox%2F1098475%2Fade510d3e8ba945db2b38f19d1fc4727%2Fwinners_negative.png,
intel/isic-2024-challenge/bodies/517141_img/03.png,isic-2024-challenge,517141,https://www.kaggle.com/competitions/isic-2024-challenge/discussion/517141,png,159363,P1,microscope 增广示例：正/负样本,analysis/deep/isic-2024-challenge.md|notes/cv/isic-2024-challenge.md
intel/isic-2024-challenge/bodies/532642_img/01.png,isic-2024-challenge,532642,https://www.kaggle.com/competitions/isic-2024-challenge/discussion/532642,png,355569,P1,12th 的 best LB 模型结构：GLCM + KNN + 加噪 OOF + 4 GBDT,analysis/deep/isic-2024-challenge.md|notes/cv/isic-2024-challenge.md
intel/isic-2024-challenge/bodies/532642_img/02.png,isic-2024-challenge,532642,https://www.kaggle.com/competitions/isic-2024-challenge/discussion/532642,png,517229,P2,inbox%2F8574776%2F8159cc3de1049cbcd28eff5d13d70866%2Fbbbbb.png,
intel/isic-2024-challenge/bodies/533196_img/01.png,isic-2024-challenge,533196,https://www.kaggle.com/competitions/isic-2024-challenge/discussion/533196,png,80166,P1,1st 的合成数据生成管线：SD1.5 → 6000 张 → 训练,analysis/deep/isic-2024-challenge.md|notes/cv/isic-2024-challenge.md
intel/isic-2024-challenge/bodies/533196_img/02.png,isic-2024-challenge,533196,https://www.kaggle.com/competitions/isic-2024-challenge/discussion/533196,png,776476,P1,真实恶性 vs Derm-T2IM 合成 vs 1st 自产合成,analysis/deep/isic-2024-challenge.md|notes/cv/isic-2024-challenge.md
intel/isic-2024-challenge/bodies/533196_img/03.png,isic-2024-challenge,533196,https://www.kaggle.com/competitions/isic-2024-challenge/discussion/533196,png,37581,P1,合成 vs 基线个体的 CV/公榜/私榜,analysis/deep/isic-2024-challenge.md|notes/cv/isic-2024-challenge.md
intel/isic-2024-challenge/bodies/533196_img/04.png,isic-2024-challenge,533196,https://www.kaggle.com/competitions/isic-2024-challenge/discussion/533196,png,42507,P2,inbox%2F1445662%2Fea64d44810cf52fb2a9b504ba7c90735%2Fnewplot%20-%202024-09-10T011251.218.png,
intel/isic-2024-challenge/bodies/533196_img/05.png,isic-2024-challenge,533196,https://www.kaggle.com/competitions/isic-2024-challenge/discussion/533196,png,38919,P2,inbox%2F1445662%2F039326f494518f60f7e37841c06f5298%2Fnewplot%20-%202024-09-10T000113.098.png,
intel/jane-street-real-time-market-data-forecasting/bodies/541003_img/01.png,jane-street-real-time-market-data-forecasting,541003,https://www.kaggle.com/competitions/jane-street-real-time-market-data-forecasting/discussion/541003,png,820162,P2,header,
intel/jane-street-real-time-market-data-forecasting/bodies/541003_img/02.png,jane-street-real-time-market-data-forecasting,541003,https://www.kaggle.com/competitions/jane-street-real-time-market-data-forecasting/discussion/541003,png,622315,P2,header,
intel/jane-street-real-time-market-data-forecasting/bodies/541003_img/03.png,jane-street-real-time-market-data-forecasting,541003,https://www.kaggle.com/competitions/jane-street-real-time-market-data-forecasting/discussion/541003,png,933206,P2,header,
intel/jane-street-real-time-market-data-forecasting/bodies/541003_img/04.png,jane-street-real-time-market-data-forecasting,541003,https://www.kaggle.com/competitions/jane-street-real-time-market-data-forecasting/discussion/541003,png,638164,P2,header,
intel/jane-street-real-time-market-data-forecasting/bodies/541003_img/05.png,jane-street-real-time-market-data-forecasting,541003,https://www.kaggle.com/competitions/jane-street-real-time-market-data-forecasting/discussion/541003,png,249381,P2,header,
intel/jane-street-real-time-market-data-forecasting/bodies/541003_img/06.png,jane-street-real-time-market-data-forecasting,541003,https://www.kaggle.com/competitions/jane-street-real-time-market-data-forecasting/discussion/541003,png,30735,P2,header,
intel/jigsaw-agile-community-rules/bodies/613150_img/01.PNG,jigsaw-agile-community-rules,613150,https://www.kaggle.com/competitions/jigsaw-agile-community-rules/discussion/613150,png,99605,P1,dml,analysis/deep/jigsaw-agile-community-rules.md|notes/nlp/jigsaw-agile-community-rules.md
intel/jigsaw-agile-community-rules/bodies/613150_img/02.PNG,jigsaw-agile-community-rules,613150,https://www.kaggle.com/competitions/jigsaw-agile-community-rules/discussion/613150,png,8694,P1,submission,notes/nlp/jigsaw-agile-community-rules.md
intel/jigsaw-agile-community-rules/bodies/613168_img/01.png,jigsaw-agile-community-rules,613168,https://www.kaggle.com/competitions/jigsaw-agile-community-rules/discussion/613168,png,128322,P1,rag,analysis/deep/jigsaw-agile-community-rules.md|notes/nlp/jigsaw-agile-community-rules.md
intel/jigsaw-toxic-severity-rating/bodies/286655_img/01.png,jigsaw-toxic-severity-rating,286655,https://www.kaggle.com/competitions/jigsaw-toxic-severity-rating/discussion/286655,png,267931,P1,BERT 3D 结构图,analysis/deep/jigsaw-toxic-severity-rating.md|notes/nlp/jigsaw-toxic-severity-rating.md
intel/jigsaw-toxic-severity-rating/bodies/286655_img/03.png,jigsaw-toxic-severity-rating,286655,https://www.kaggle.com/competitions/jigsaw-toxic-severity-rating/discussion/286655,png,208605,P2,bert3.png,
intel/jpx-tokyo-stock-exchange-prediction/bodies/317038_img/01.jpg,jpx-tokyo-stock-exchange-prediction,317038,https://www.kaggle.com/competitions/jpx-tokyo-stock-exchange-prediction/discussion/317038,jpg,33390,P2,360-F-238882142-RR07-WHn-FIm82-FA6x-Rv-U7-MLos0-Mxrf-Hgw.jpg,
intel/kaggle-llm-science-exam/bodies/446293_img/01.jpg,kaggle-llm-science-exam,446293,https://www.kaggle.com/competitions/kaggle-llm-science-exam/discussion/446293,jpg,72585,P1,5th 的检索→LLM 管线,notes/nlp/kaggle-llm-science-exam.md
intel/kaggle-llm-science-exam/bodies/446307_img/01.png,kaggle-llm-science-exam,446307,https://www.kaggle.com/competitions/kaggle-llm-science-exam/discussion/446307,png,81307,P1,4th 的验证与 LB 相关性,notes/nlp/kaggle-llm-science-exam.md
intel/kaggle-llm-science-exam/bodies/446318_img/01.png,kaggle-llm-science-exam,446318,https://www.kaggle.com/competitions/kaggle-llm-science-exam/discussion/446318,png,241222,P1,Top100 的 RAG 集成,notes/nlp/kaggle-llm-science-exam.md
intel/kaggle-llm-science-exam/bodies/446358_img/01.png,kaggle-llm-science-exam,446358,https://www.kaggle.com/competitions/kaggle-llm-science-exam/discussion/446358,png,707515,P1,3rd 的完整系统与消融路径,notes/nlp/kaggle-llm-science-exam.md
intel/kaggle-llm-science-exam/bodies/446422_img/01.png,kaggle-llm-science-exam,446422,https://www.kaggle.com/competitions/kaggle-llm-science-exam/discussion/446422,png,141766,P1,1st 的 binary per-option + 缓存架构,notes/nlp/kaggle-llm-science-exam.md
intel/kaggle-llm-science-exam/bodies/446422_img/02.png,kaggle-llm-science-exam,446422,https://www.kaggle.com/competitions/kaggle-llm-science-exam/discussion/446422,png,9596,P2,inbox%2F2675447%2F043168b3c4ac871415b03d8cfcd117be%2FBildschirmfoto%20vom%202023-10-11%2021-22-51.png,
intel/kaggle-measuring-agi/bodies/683674_img/01.png,kaggle-measuring-agi,683674,https://www.kaggle.com/competitions/kaggle-measuring-agi/discussion/683674,png,117516,P1,投票争议帖引用的社区回复,analysis/deep/kaggle-measuring-agi.md|notes/other/kaggle-measuring-agi.md
intel/kaggle-survey-2021/bodies/288495_img/01.png,kaggle-survey-2021,288495,https://www.kaggle.com/competitions/kaggle-survey-2021/discussion/288495,png,75023,P2,inbox%2F1314380%2Fe917a39d38c86f24de96c9a121928018%2FScreen%20Shot%202021-11-17%20at%2012.32.35%20PM.png,
intel/kaggle-survey-2021/bodies/295401_img/01.png,kaggle-survey-2021,295401,https://www.kaggle.com/competitions/kaggle-survey-2021/discussion/295401,png,60909,P1,冠军的 AI 采用指数,analysis/deep/kaggle-survey-2021.md|notes/other/kaggle-survey-2021.md
intel/kaggle-survey-2021/bodies/295401_img/02.png,kaggle-survey-2021,295401,https://www.kaggle.com/competitions/kaggle-survey-2021/discussion/295401,png,626037,P2,inbox%2F1314380%2Fd65de098b1a5b3c8c98816f52fd0bfa6%2FScreen%20Shot%202021-12-15%20at%202.58.54%20PM.png,
intel/kaggle-survey-2021/bodies/295401_img/03.png,kaggle-survey-2021,295401,https://www.kaggle.com/competitions/kaggle-survey-2021/discussion/295401,png,74977,P2,inbox%2F1314380%2F4e6ec3545275b3d90f03e9ca5920c516%2Fschubert.png,
intel/kaggle-survey-2021/bodies/295401_img/04.png,kaggle-survey-2021,295401,https://www.kaggle.com/competitions/kaggle-survey-2021/discussion/295401,png,27714,P2,inbox%2F1314380%2Fe65aa9907be6b4808a494b53d615d4db%2FScreen%20Shot%202021-12-15%20at%209.52.49%20AM.png,
intel/kaggle-survey-2021/bodies/295401_img/05.png,kaggle-survey-2021,295401,https://www.kaggle.com/competitions/kaggle-survey-2021/discussion/295401,png,30709,P2,inbox%2F1314380%2Fc0fc0db1a0164540ee7f7969375b3b5f%2FScreen%20Shot%202021-12-15%20at%208.55.54%20AM.png,
intel/konwinski-prize/bodies/568799_img/01.png,konwinski-prize,568799,https://www.kaggle.com/competitions/konwinski-prize/discussion/568799,png,200996,P1,超几何模拟的胜率,analysis/deep/konwinski-prize.md|notes/nlp/konwinski-prize.md
intel/konwinski-prize/bodies/568799_img/02.png,konwinski-prize,568799,https://www.kaggle.com/competitions/konwinski-prize/discussion/568799,png,328617,P2,inbox%2F5927283%2F32b51cfad402c694bf7be47fd13df524%2Ffig2.png,
intel/konwinski-prize/bodies/568799_img/03.webp,konwinski-prize,568799,https://www.kaggle.com/competitions/konwinski-prize/discussion/568799,webp,73968,P2,inbox%2F5927283%2F6a9d73253b66f60509041c268a5f2d7d%2Ffig3.webp [WEBP],
intel/konwinski-prize/bodies/568799_img/04.webp,konwinski-prize,568799,https://www.kaggle.com/competitions/konwinski-prize/discussion/568799,webp,109892,P2,inbox%2F5927283%2F2034490aa1292a0a4a76d533d01c3a70%2Ffig4.webp [WEBP],
intel/konwinski-prize/bodies/568799_img/05.webp,konwinski-prize,568799,https://www.kaggle.com/competitions/konwinski-prize/discussion/568799,webp,130090,P2,inbox%2F5927283%2F58641295a80bcd3076c0c43ebc1dfde2%2Ffig5.webp [WEBP],
intel/konwinski-prize/bodies/568799_img/06.png,konwinski-prize,568799,https://www.kaggle.com/competitions/konwinski-prize/discussion/568799,png,103965,P2,inbox%2F5927283%2F354be36ae17e4e18aa5ae9ba4f03f096%2FScatter%20Plot%20Of%20Problem%20Length%20Vs%20File%20Num%20With%20Labels.png,
intel/konwinski-prize/bodies/568799_img/07.png,konwinski-prize,568799,https://www.kaggle.com/competitions/konwinski-prize/discussion/568799,png,90662,P2,inbox%2F5927283%2F3e621d0685b1c6c9e7605f1f08dbd90d%2FScatter%20Plot%20Of%20Problem%20Length%20Vs%20File%20Num%20With%20Labels(fn_range1-500).png,
intel/konwinski-prize/bodies/568884_img/01.png,konwinski-prize,568884,https://www.kaggle.com/competitions/konwinski-prize/discussion/568884,png,4286167,P1,1st 的 Agentless 1.5 管线,analysis/deep/konwinski-prize.md|notes/nlp/konwinski-prize.md
intel/kore-2022/bodies/320987_img/01.gif,kore-2022,320987,https://www.kaggle.com/competitions/kore-2022/discussion/320987,gif,13520799,P2,gameplay.gif [GIF],
intel/kore-2022/bodies/337476_img/01.png,kore-2022,337476,https://www.kaggle.com/competitions/kore-2022/discussion/337476,png,40736,P1,动作串 token 化,analysis/deep/kore-2022.md|notes/sim-agent/kore-2022.md
intel/kore-2022/bodies/337476_img/02.png,kore-2022,337476,https://www.kaggle.com/competitions/kore-2022/discussion/337476,png,106395,P1,Transformer 编解码架构,analysis/deep/kore-2022.md|notes/sim-agent/kore-2022.md
intel/kore-2022/bodies/339774_img/01.png,kore-2022,339774,https://www.kaggle.com/competitions/kore-2022/discussion/339774,png,158975,P1,环面棋盘的图视角,analysis/deep/kore-2022.md|notes/sim-agent/kore-2022.md
intel/leap-atmospheric-physics-ai-climsim/bodies/523041_img/01.png,leap-atmospheric-physics-ai-climsim,523041,https://www.kaggle.com/competitions/leap-atmospheric-physics-ai-climsim/discussion/523041,png,175127,P1,10th 的 Transformer+CNN+LSTM 架构,notes/science/leap-atmospheric-physics-ai-climsim.md
intel/leap-atmospheric-physics-ai-climsim/bodies/523041_img/02.png,leap-atmospheric-physics-ai-climsim,523041,https://www.kaggle.com/competitions/leap-atmospheric-physics-ai-climsim/discussion/523041,png,553577,P1,10th 的消融链,notes/science/leap-atmospheric-physics-ai-climsim.md
intel/leap-atmospheric-physics-ai-climsim/bodies/523055_img/01.png,leap-atmospheric-physics-ai-climsim,523055,https://www.kaggle.com/competitions/leap-atmospheric-physics-ai-climsim/discussion/523055,png,39853,P2,inbox%2F5724098%2F8c7335ec3f1f94f0f40e041832b28303%2Floss.png,
intel/leap-atmospheric-physics-ai-climsim/bodies/523055_img/02.png,leap-atmospheric-physics-ai-climsim,523055,https://www.kaggle.com/competitions/leap-atmospheric-physics-ai-climsim/discussion/523055,png,108889,P2,inbox%2F5724098%2F566356fb54e82e5218a83c0746d8de42%2Ff1.png,
intel/leap-atmospheric-physics-ai-climsim/bodies/523055_img/03.png,leap-atmospheric-physics-ai-climsim,523055,https://www.kaggle.com/competitions/leap-atmospheric-physics-ai-climsim/discussion/523055,png,131728,P2,inbox%2F5724098%2Fe965962b0d05d483bf9d1bf690014863%2Ff2.png,
intel/leap-atmospheric-physics-ai-climsim/bodies/523055_img/04.png,leap-atmospheric-physics-ai-climsim,523055,https://www.kaggle.com/competitions/leap-atmospheric-physics-ai-climsim/discussion/523055,png,405500,P2,inbox%2F5724098%2F978e5b0a2e223d5024fb69cb1031e526%2Ff3.png,
intel/leap-atmospheric-physics-ai-climsim/bodies/523055_img/05.png,leap-atmospheric-physics-ai-climsim,523055,https://www.kaggle.com/competitions/leap-atmospheric-physics-ai-climsim/discussion/523055,png,126469,P1,2nd 的 ResLSTM 块,notes/science/leap-atmospheric-physics-ai-climsim.md
intel/leap-atmospheric-physics-ai-climsim/bodies/523063_img/01.png,leap-atmospheric-physics-ai-climsim,523063,https://www.kaggle.com/competitions/leap-atmospheric-physics-ai-climsim/discussion/523063,png,132143,P1,1st 的完整数据流与双损失结构,notes/science/leap-atmospheric-physics-ai-climsim.md
intel/leap-atmospheric-physics-ai-climsim/bodies/523063_img/02.png,leap-atmospheric-physics-ai-climsim,523063,https://www.kaggle.com/competitions/leap-atmospheric-physics-ai-climsim/discussion/523063,png,22783,P1,置信度筛选曲线,notes/science/leap-atmospheric-physics-ai-climsim.md
intel/learning-agency-lab-automated-essay-scoring-2/bodies/497832_img/01.png,learning-agency-lab-automated-essay-scoring-2,497832,https://www.kaggle.com/competitions/learning-agency-lab-automated-essay-scoring-2/discussion/497832,png,114727,P1,作文 token 长度分布,notes/nlp/learning-agency-lab-automated-essay-scoring-2.md
intel/learning-agency-lab-automated-essay-scoring-2/bodies/516790_img/01.png,learning-agency-lab-automated-essay-scoring-2,516790,https://www.kaggle.com/competitions/learning-agency-lab-automated-essay-scoring-2/discussion/516790,png,93014,P1,2nd 的最终集成,notes/nlp/learning-agency-lab-automated-essay-scoring-2.md
intel/learning-equality-curriculum-recommendations/bodies/394813_img/01.png,learning-equality-curriculum-recommendations,394813,https://www.kaggle.com/competitions/learning-equality-curriculum-recommendations/discussion/394813,png,14001,P1,6th 的两阶段检索-重排管线,analysis/deep/learning-equality-curriculum-recommendations.md
intel/learning-equality-curriculum-recommendations/bodies/394813_img/02.png,learning-equality-curriculum-recommendations,394813,https://www.kaggle.com/competitions/learning-equality-curriculum-recommendations/discussion/394813,png,16956,P2,inbox%2F2304617%2Fe6c650f31f8520c19cb6e34b825d6ded%2Flecr-reranker2.png,
intel/learning-equality-curriculum-recommendations/bodies/394838_img/01.png,learning-equality-curriculum-recommendations,394838,https://www.kaggle.com/competitions/learning-equality-curriculum-recommendations/discussion/394838,png,56193,P2,inbox%2F1197382%2F47f76a52a49058f4f234858cfba9969f%2F1_training_pipeline.png,
intel/learning-equality-curriculum-recommendations/bodies/395110_img/01.jpg,learning-equality-curriculum-recommendations,395110,https://www.kaggle.com/competitions/learning-equality-curriculum-recommendations/discussion/395110,jpg,314743,P2,inbox%2F2298475%2Fae42b8e146dbdf9a46ac01efd8662b29%2FLoss.jpg,
intel/learning-equality-curriculum-recommendations/bodies/395110_img/02.jpg,learning-equality-curriculum-recommendations,395110,https://www.kaggle.com/competitions/learning-equality-curriculum-recommendations/discussion/395110,jpg,205867,P2,inbox%2F2298475%2F769a29fb044a278ed4a7e0f2233ab9b4%2FLanguage_Switching.jpg,
intel/learning-equality-curriculum-recommendations/bodies/395110_img/03.jpg,learning-equality-curriculum-recommendations,395110,https://www.kaggle.com/competitions/learning-equality-curriculum-recommendations/discussion/395110,jpg,415591,P2,inbox%2F2298475%2F64937f95b3f22b5b05a8077ffbcfe22c%2FDistillation.jpg,
intel/learning-equality-curriculum-recommendations/bodies/395110_img/04.jpg,learning-equality-curriculum-recommendations,395110,https://www.kaggle.com/competitions/learning-equality-curriculum-recommendations/discussion/395110,jpg,122736,P2,inbox%2F2298475%2Fb4dad57bf8ce6bc7f1649fde336b09d4%2FQuantization.jpg,
intel/learning-equality-curriculum-recommendations/bodies/395110_img/05.jpg,learning-equality-curriculum-recommendations,395110,https://www.kaggle.com/competitions/learning-equality-curriculum-recommendations/discussion/395110,jpg,615791,P1,2nd 的动态阈值计算,analysis/deep/learning-equality-curriculum-recommendations.md|notes/tabular/learning-equality-curriculum-recommendations.md
intel/learning-equality-curriculum-recommendations/bodies/395110_img/06.jpg,learning-equality-curriculum-recommendations,395110,https://www.kaggle.com/competitions/learning-equality-curriculum-recommendations/discussion/395110,jpg,531211,P2,inbox%2F2298475%2Fbe610c5b026a4f4106c248ef5e1d5f83%2Fresults.jpg,
intel/leash-BELKA/bodies/518993_img/01.png,leash-BELKA,518993,https://www.kaggle.com/competitions/leash-BELKA/discussion/518993,png,196229,P2,inbox%2F10254700%2Fa266b63c8b17261dc0768365c16b09ab%2Fnonshare-cv.png,
intel/leash-BELKA/bodies/519133_img/01.png,leash-BELKA,519133,https://www.kaggle.com/competitions/leash-BELKA/discussion/519133,png,261829,P2,inbox%2F8574776%2Fd95ff2a9eaa0336ae9dd8ade52459721%2F2024-07-10%201.45.17.png,
intel/leash-BELKA/bodies/519133_img/02.png,leash-BELKA,519133,https://www.kaggle.com/competitions/leash-BELKA/discussion/519133,png,137393,P1,2nd 的非共享块 ChemBERTa 模型,analysis/deep/leash-BELKA.md|notes/science/leash-BELKA.md
intel/leash-BELKA/bodies/521894_img/01.png,leash-BELKA,521894,https://www.kaggle.com/competitions/leash-BELKA/discussion/521894,png,37866,P2,inbox%2F113660%2Fc983825b38881f09b12733c260f0e650%2FSelection_153.png,
intel/leash-BELKA/bodies/521894_img/02.png,leash-BELKA,521894,https://www.kaggle.com/competitions/leash-BELKA/discussion/521894,png,108252,P2,inbox%2F113660%2F0a518b669428d59245b0f0cb51bde9ed%2FSelection_161.png,
intel/leash-BELKA/bodies/521894_img/03.png,leash-BELKA,521894,https://www.kaggle.com/competitions/leash-BELKA/discussion/521894,png,138782,P2,inbox%2F113660%2F1cd8da1f05892e2921dabea4c956529c%2FSelection_167.png,
intel/leash-BELKA/bodies/521894_img/04.png,leash-BELKA,521894,https://www.kaggle.com/competitions/leash-BELKA/discussion/521894,png,54278,P2,inbox%2F113660%2F74090653a5768b187232ff9615694b92%2FSelection_169.png,
intel/leash-BELKA/bodies/521894_img/05.png,leash-BELKA,521894,https://www.kaggle.com/competitions/leash-BELKA/discussion/521894,png,150361,P2,inbox%2F113660%2F8a3fe8f4b64f8d5da65d8df136d7488e%2FSelection_190.png,
intel/leash-BELKA/bodies/521894_img/06.png,leash-BELKA,521894,https://www.kaggle.com/competitions/leash-BELKA/discussion/521894,png,159261,P2,inbox%2F113660%2F084217c2f874635eacd44d98e3a21b1c%2FSelection_189.png,
intel/leash-BELKA/bodies/521894_img/07.png,leash-BELKA,521894,https://www.kaggle.com/competitions/leash-BELKA/discussion/521894,png,68635,P2,inbox%2F113660%2F7f9feba17c936bec539bb9249c05c14f%2FSelection_187.png,
intel/linking-writing-processes-to-writing-quality/bodies/466873_img/01.jpg,linking-writing-processes-to-writing-quality,466873,https://www.kaggle.com/competitions/linking-writing-processes-to-writing-quality/discussion/466873,jpg,3326060,P1,新 1st 的方案流程,analysis/deep/linking-writing-processes-to-writing-quality.md|notes/nlp/linking-writing-processes-to-writing-quality.md
intel/linking-writing-processes-to-writing-quality/bodies/466873_img/02.png,linking-writing-processes-to-writing-quality,466873,https://www.kaggle.com/competitions/linking-writing-processes-to-writing-quality/discussion/466873,png,155909,P2,inbox%2F3754725%2F5baca557e7cfa1525fdeeed4412b989b%2Foutput_.png,
intel/linking-writing-processes-to-writing-quality/bodies/466873_img/03.png,linking-writing-processes-to-writing-quality,466873,https://www.kaggle.com/competitions/linking-writing-processes-to-writing-quality/discussion/466873,png,42973,P2,inbox%2F3754725%2Fb8d576705b1ce7b1f1ac6ef7da8c5a76%2Foutput.png,
intel/linking-writing-processes-to-writing-quality/bodies/466906_img/01.png,linking-writing-processes-to-writing-quality,466906,https://www.kaggle.com/competitions/linking-writing-processes-to-writing-quality/discussion/466906,png,1074553,P1,3rd 的 CV-LB 关系,analysis/deep/linking-writing-processes-to-writing-quality.md|notes/nlp/linking-writing-processes-to-writing-quality.md
intel/linking-writing-processes-to-writing-quality/bodies/466906_img/02.png,linking-writing-processes-to-writing-quality,466906,https://www.kaggle.com/competitions/linking-writing-processes-to-writing-quality/discussion/466906,png,1042456,P2,inbox%2F213493%2F5b7318584e25c3af0099f99b368606ab%2FScreenshot%202024-01-10%20at%2010.28.21.png,
intel/linking-writing-processes-to-writing-quality/bodies/467154_img/01.png,linking-writing-processes-to-writing-quality,467154,https://www.kaggle.com/competitions/linking-writing-processes-to-writing-quality/discussion/467154,png,15554,P2,inbox%2F3190389%2F09b93e128b1601a058ecfd3c969ec661%2Fimage_nlp_part.png,
intel/llm-20-questions/bodies/529525_img/01.png,llm-20-questions,529525,https://www.kaggle.com/competitions/llm-20-questions/discussion/529525,png,36806,P2,inbox%2F5927283%2F649b5c3decd99885a76355441dacd4ae%2Fpublic_3rd_place.png,
intel/llm-20-questions/bodies/529525_img/02.png,llm-20-questions,529525,https://www.kaggle.com/competitions/llm-20-questions/discussion/529525,png,78454,P2,inbox%2F5927283%2Fc94bb997ba4cb3f0ded3ed6e7fe7a4cc%2Ffinal_private_LB.png,
intel/llm-20-questions/bodies/529525_img/03.png,llm-20-questions,529525,https://www.kaggle.com/competitions/llm-20-questions/discussion/529525,png,323242,P2,inbox%2F5927283%2F8cfac4e18f2df0f48d63bd09c7d271d3%2FN1%20per%20reduction_factor%20%2020.png,
intel/llm-20-questions/bodies/529525_img/04.png,llm-20-questions,529525,https://www.kaggle.com/competitions/llm-20-questions/discussion/529525,png,10362,P2,inbox%2F5927283%2F73c3829ec8d20a98eb8177b3e8f142e7%2FFormulas.png,
intel/llm-20-questions/bodies/529525_img/05.png,llm-20-questions,529525,https://www.kaggle.com/competitions/llm-20-questions/discussion/529525,png,62762,P2,inbox%2F5927283%2F84268465f39eee58e9ae5b76fe7de435%2Fsimulated_scores.png,
intel/llm-20-questions/bodies/529525_img/06.png,llm-20-questions,529525,https://www.kaggle.com/competitions/llm-20-questions/discussion/529525,png,160991,P2,inbox%2F5927283%2Ff583722735b728a731c1cc412478c34f%2FSemantic%20Visualization%20of%20Keywords%20with%20LLama3.1%20Embeddings.png,
intel/llm-20-questions/bodies/529525_img/07.png,llm-20-questions,529525,https://www.kaggle.com/competitions/llm-20-questions/discussion/529525,png,571883,P2,inbox%2F5927283%2F574d2247bb1b07d28675cf5f1f403d00%2Fthe%20counts%20of%20yes%20no%20and%20tie%20responses%20for%20each%20of%20the%201497%20public%20keywords%20(not%20whole%20questions%20included).png,
intel/llm-20-questions/bodies/529643_img/01.png,llm-20-questions,529643,https://www.kaggle.com/competitions/llm-20-questions/discussion/529643,png,43512,P2,inbox%2F3105171%2F7bdc529a6c5ca938380ca97a3c264a4a%2FProcess%20flow.png,
intel/llm-20-questions/bodies/529931_img/01.png,llm-20-questions,529931,https://www.kaggle.com/competitions/llm-20-questions/discussion/529931,png,23598,P2,inbox%2F661313%2Fdb9b6cff8756b07b14005686174b7901%2F.png,
intel/llm-20-questions/bodies/531062_img/01.gif,llm-20-questions,531062,https://www.kaggle.com/competitions/llm-20-questions/discussion/531062,gif,5541071,P2,animation4.gif [GIF],
intel/llm-20-questions/bodies/531106_img/01.png,llm-20-questions,531106,https://www.kaggle.com/competitions/llm-20-questions/discussion/531106,png,791761,P2,inbox%2F6624777%2Fb3e468f4bc8f9da52f5d7ff1c5d7a52a%2Fscatter.png,
intel/llm-20-questions/bodies/531106_img/02.png,llm-20-questions,531106,https://www.kaggle.com/competitions/llm-20-questions/discussion/531106,png,28015,P1,私榜关键词概率热图,analysis/deep/llm-20-questions.md|notes/nlp/llm-20-questions.md
intel/llm-detect-ai-generated-text/bodies/470224_img/01.png,llm-detect-ai-generated-text,470224,https://www.kaggle.com/competitions/llm-detect-ai-generated-text/discussion/470224,png,61553,P1,ppl,analysis/deep/llm-detect-ai-generated-text.md|notes/nlp/llm-detect-ai-generated-text.md
intel/llm-prompt-recovery/bodies/494343_img/01.png,llm-prompt-recovery,494343,https://www.kaggle.com/competitions/llm-prompt-recovery/discussion/494343,png,179861,P1,focal point,analysis/deep/llm-prompt-recovery.md|notes/nlp/llm-prompt-recovery.md
intel/llm-prompt-recovery/bodies/494497_img/01.png,llm-prompt-recovery,494497,https://www.kaggle.com/competitions/llm-prompt-recovery/discussion/494497,png,188353,P1,pipeline,analysis/deep/llm-prompt-recovery.md|notes/nlp/llm-prompt-recovery.md
intel/llm-prompting-with-makersuite/bodies/446465_img/01.png,llm-prompting-with-makersuite,446465,https://www.kaggle.com/competitions/llm-prompting-with-makersuite/discussion/446465,png,8941,P1,MakerSuite Access restricted,analysis/deep/llm-prompting-with-makersuite.md|notes/other/llm-prompting-with-makersuite.md
intel/llm-prompting-with-makersuite/bodies/451608_img/01.jpg,llm-prompting-with-makersuite,451608,https://www.kaggle.com/competitions/llm-prompting-with-makersuite/discussion/451608,jpg,46564,P2,inbox%2F3012786%2F53df077041d8c963257c98152204228f%2F66s47h%20-%20Copia.jpg,
intel/lmsys-chatbot-arena/bodies/527596_img/01.png,lmsys-chatbot-arena,527596,https://www.kaggle.com/competitions/lmsys-chatbot-arena/discussion/527596,png,221274,P1,lora,analysis/deep/lmsys-chatbot-arena.md|notes/nlp/lmsys-chatbot-arena.md
intel/lmsys-chatbot-arena/bodies/527596_img/02.gif,lmsys-chatbot-arena,527596,https://www.kaggle.com/competitions/lmsys-chatbot-arena/discussion/527596,gif,218774,P1,parallel [GIF],analysis/deep/lmsys-chatbot-arena.md|notes/nlp/lmsys-chatbot-arena.md
intel/lux-ai-2021/bodies/293911_img/01.png,lux-ai-2021,293911,https://www.kaggle.com/competitions/lux-ai-2021/discussion/293911,png,134208,P2,c-u-net.png,
intel/lux-ai-2021/bodies/293911_img/02.gif,lux-ai-2021,293911,https://www.kaggle.com/competitions/lux-ai-2021/discussion/293911,gif,183256,P2,game-player.gif [GIF],
intel/lux-ai-2021/bodies/294603_img/01.png,lux-ai-2021,294603,https://www.kaggle.com/competitions/lux-ai-2021/discussion/294603,png,37160,P2,145680643-cb059a38-471c-44b6-a10a-5d428c759272.png,
intel/lux-ai-2021/bodies/294603_img/02.png,lux-ai-2021,294603,https://www.kaggle.com/competitions/lux-ai-2021/discussion/294603,png,54405,P1,8th 的同时动作 MCTS 结构,analysis/deep/lux-ai-2021.md|notes/sim-agent/lux-ai-2021.md
intel/lux-ai-2021/bodies/294603_img/03.png,lux-ai-2021,294603,https://www.kaggle.com/competitions/lux-ai-2021/discussion/294603,png,32732,P2,145680644-2d591fb3-fd5b-4690-83ce-7e7780eb1980.png,
intel/lux-ai-2021/bodies/294603_img/04.png,lux-ai-2021,294603,https://www.kaggle.com/competitions/lux-ai-2021/discussion/294603,png,16795,P2,145680653-5533e387-0ebf-4edd-9c8c-1f00269b230c.png,
intel/lux-ai-2021/bodies/294993_img/01.gif,lux-ai-2021,294993,https://www.kaggle.com/competitions/lux-ai-2021/discussion/294993,gif,10350715,P2,luxai_33947998_compressed.gif [GIF],
intel/lux-ai-2021/bodies/294993_img/02.gif,lux-ai-2021,294993,https://www.kaggle.com/competitions/lux-ai-2021/discussion/294993,gif,3603730,P2,luxai_34222068_compressed.gif [GIF],
intel/lux-ai-2021/bodies/294993_img/03.gif,lux-ai-2021,294993,https://www.kaggle.com/competitions/lux-ai-2021/discussion/294993,gif,3057155,P2,luxai_34014720_compressed.gif [GIF],
intel/lux-ai-2021/bodies/294993_img/04.png,lux-ai-2021,294993,https://www.kaggle.com/competitions/lux-ai-2021/discussion/294993,png,50328,P2,network_architecture.png,
intel/lux-ai-2021/bodies/296938_img/01.jpg,lux-ai-2021,296938,https://www.kaggle.com/competitions/lux-ai-2021/discussion/296938,jpg,24637,P2,147354382-37ff4bd6-9300-4870-99b5-4fe72b0d73a9.jpg,
intel/lux-ai-season-2/bodies/406702_img/01.png,lux-ai-season-2,406702,https://www.kaggle.com/competitions/lux-ai-season-2/discussion/406702,png,111175,P1,FLG 的 RL 架构,analysis/deep/lux-ai-season-2.md|notes/sim-agent/lux-ai-season-2.md
intel/lux-ai-season-2/bodies/406702_img/02.png,lux-ai-season-2,406702,https://www.kaggle.com/competitions/lux-ai-season-2/discussion/406702,png,25798,P2,inbox%2F2360589%2F94da0139e55fca3108cd69630ec66c6a%2Fnn_critic.png,
intel/lux-ai-season-2/bodies/406702_img/03.png,lux-ai-season-2,406702,https://www.kaggle.com/competitions/lux-ai-season-2/discussion/406702,png,17285,P2,inbox%2F2360589%2F9c3f15ae406ea47cb78aae76d2afeb5b%2Fil_performance.png,
intel/lux-ai-season-2/bodies/406702_img/04.png,lux-ai-season-2,406702,https://www.kaggle.com/competitions/lux-ai-season-2/discussion/406702,png,72544,P2,inbox%2F2360589%2Ff913c0f00e3d5ea22e4cac9a934a0346%2Frl-arch.png,
intel/lux-ai-season-2/bodies/406702_img/05.png,lux-ai-season-2,406702,https://www.kaggle.com/competitions/lux-ai-season-2/discussion/406702,png,18952,P2,inbox%2F2360589%2F2b3c46c03fc3662bdf740524666a0a04%2Ftraining_progress.png,
intel/lux-ai-season-2/bodies/406702_img/06.png,lux-ai-season-2,406702,https://www.kaggle.com/competitions/lux-ai-season-2/discussion/406702,png,27006,P2,inbox%2F2360589%2F9a1de816ff9044508fdae3e46604a1ce%2Fpred_steps.png,
intel/lux-ai-season-2/bodies/406702_img/07.png,lux-ai-season-2,406702,https://www.kaggle.com/competitions/lux-ai-season-2/discussion/406702,png,22128,P2,inbox%2F2360589%2Fe6916e3ff69a821ac7a3ffa77eb17312%2Finference_speed.png,
intel/lux-ai-season-2/bodies/407982_img/01.jpg,lux-ai-season-2,407982,https://www.kaggle.com/competitions/lux-ai-season-2/discussion/407982,jpg,4270876,P1,"1st 的""可视化器""",analysis/deep/lux-ai-season-2.md|notes/sim-agent/lux-ai-season-2.md
intel/lux-ai-season-2-neurips-stage-2/bodies/442372_img/01.png,lux-ai-season-2-neurips-stage-2,442372,https://www.kaggle.com/competitions/lux-ai-season-2-neurips-stage-2/discussion/442372,png,154073,P1,Lux AI 提交统计站,analysis/deep/lux-ai-season-2-neurips-stage-2.md
intel/lux-ai-season-2-neurips-stage-2/bodies/459891_img/01.png,lux-ai-season-2-neurips-stage-2,459891,https://www.kaggle.com/competitions/lux-ai-season-2-neurips-stage-2/discussion/459891,png,212116,P2,inbox%2F1298%2F3f878f9ba51a34d536107f98e3d40001%2FScreenshot%202023-12-06%20at%2015.21.57.png,
intel/lux-ai-season-2-neurips-stage-2/bodies/459891_img/02.png,lux-ai-season-2-neurips-stage-2,459891,https://www.kaggle.com/competitions/lux-ai-season-2-neurips-stage-2/discussion/459891,png,15989,P2,inbox%2F1298%2F460d5be764d8e1b750f131673e199c60%2FScreenshot%202023-12-06%20at%2015.22.30.png,
intel/lux-ai-season-2-neurips-stage-2/bodies/459891_img/03.png,lux-ai-season-2-neurips-stage-2,459891,https://www.kaggle.com/competitions/lux-ai-season-2-neurips-stage-2/discussion/459891,png,43132,P2,inbox%2F1298%2F6d62f2cd4d73d74f74d63e35014268ff%2FScreenshot%202023-12-06%20at%2015.24.01.png,
intel/lux-ai-season-2-neurips-stage-2/bodies/459891_img/04.png,lux-ai-season-2-neurips-stage-2,459891,https://www.kaggle.com/competitions/lux-ai-season-2-neurips-stage-2/discussion/459891,png,46225,P1,网络配置表,analysis/deep/lux-ai-season-2-neurips-stage-2.md|notes/sim-agent/lux-ai-season-2-neurips-stage-2.md
intel/lux-ai-season-2-neurips-stage-2/bodies/459891_img/05.png,lux-ai-season-2-neurips-stage-2,459891,https://www.kaggle.com/competitions/lux-ai-season-2-neurips-stage-2/discussion/459891,png,44836,P2,inbox%2F1298%2F5e27c6ca82f5622963a15a45abd5f9d8%2FScreenshot%202023-12-06%20at%2015.25.15.png,
intel/lux-ai-season-2-neurips-stage-2/bodies/459891_img/06.png,lux-ai-season-2-neurips-stage-2,459891,https://www.kaggle.com/competitions/lux-ai-season-2-neurips-stage-2/discussion/459891,png,68385,P2,inbox%2F1298%2F473071dbcba3ef72fc8882ad6f554b0d%2FScreenshot%202023-12-06%20at%2015.25.45.png,
intel/lux-ai-season-2-neurips-stage-2/bodies/459891_img/07.png,lux-ai-season-2-neurips-stage-2,459891,https://www.kaggle.com/competitions/lux-ai-season-2-neurips-stage-2/discussion/459891,png,62649,P2,inbox%2F1298%2F3c651a4b1df678206a17ab30c990e397%2FScreenshot%202023-12-06%20at%2015.26.15.png,
intel/lux-ai-season-2-neurips-stage-2/bodies/459891_img/08.png,lux-ai-season-2-neurips-stage-2,459891,https://www.kaggle.com/competitions/lux-ai-season-2-neurips-stage-2/discussion/459891,png,206449,P1,对局步数曲线,analysis/deep/lux-ai-season-2-neurips-stage-2.md|notes/sim-agent/lux-ai-season-2-neurips-stage-2.md
intel/lux-ai-season-2-neurips-stage-2/bodies/459891_img/09.png,lux-ai-season-2-neurips-stage-2,459891,https://www.kaggle.com/competitions/lux-ai-season-2-neurips-stage-2/discussion/459891,png,219446,P1,金属产量曲线,analysis/deep/lux-ai-season-2-neurips-stage-2.md|notes/sim-agent/lux-ai-season-2-neurips-stage-2.md
intel/lux-ai-season-2-neurips-stage-2/bodies/459891_img/10.png,lux-ai-season-2-neurips-stage-2,459891,https://www.kaggle.com/competitions/lux-ai-season-2-neurips-stage-2/discussion/459891,png,391226,P2,inbox%2F1298%2Fc64ab76fd68a7a92d2cc3ab7345c0237%2Flosses.png,
intel/lux-ai-season-2-neurips-stage-2/bodies/459891_img/11.png,lux-ai-season-2-neurips-stage-2,459891,https://www.kaggle.com/competitions/lux-ai-season-2-neurips-stage-2/discussion/459891,png,84299,P2,inbox%2F1298%2F227bc5e2f75df25b8cb4ca3de6bc66f4%2FScreenshot%202023-12-06%20at%2015.26.55.png,
intel/lux-ai-season-3/bodies/568789_img/02.png,lux-ai-season-3,568789,https://www.kaggle.com/competitions/lux-ai-season-3/discussion/568789,png,105137,P2,inbox%2F2603247%2Fc138abdfcca056b855c2280de5d7839f%2FLuxAIS3%20Solution%20(2).svg,
intel/lux-ai-season-3/bodies/568789_img/03.png,lux-ai-season-3,568789,https://www.kaggle.com/competitions/lux-ai-season-3/discussion/568789,png,48147,P2,inbox%2F2603247%2Fa3319de3171d3ba98071629d79b59f63%2Fimage.png,
intel/lux-ai-season-3/bodies/568789_img/04.png,lux-ai-season-3,568789,https://www.kaggle.com/competitions/lux-ai-season-3/discussion/568789,png,100685,P2,inbox%2F2603247%2Fda8364c31b1a47d5ae6275f24287fc33%2Fimage5.png,
intel/lux-ai-season-3/bodies/568789_img/05.png,lux-ai-season-3,568789,https://www.kaggle.com/competitions/lux-ai-season-3/discussion/568789,png,97591,P2,inbox%2F2603247%2F26f2536cc2bf3fa307521b6a3c7ca79e%2Fimage4.png,
intel/lux-ai-season-3/bodies/568789_img/06.png,lux-ai-season-3,568789,https://www.kaggle.com/competitions/lux-ai-season-3/discussion/568789,png,21926,P2,inbox%2F2603247%2Fc1ec36dddb5de597d5578f7a666e3f2f%2Fimage2.png,
intel/lux-ai-season-3/bodies/569562_img/01.png,lux-ai-season-3,569562,https://www.kaggle.com/competitions/lux-ai-season-3/discussion/569562,png,139221,P1,1st 的网络结构,analysis/deep/lux-ai-season-3.md|notes/sim-agent/lux-ai-season-3.md
intel/lux-ai-season-3/bodies/569562_img/02.png,lux-ai-season-3,569562,https://www.kaggle.com/competitions/lux-ai-season-3/discussion/569562,png,883495,P2,inbox%2F2954104%2Fa5655af17e59e4a8e98075c7f1613ba8%2F1img.png,
intel/lux-ai-season-3/bodies/569562_img/03.png,lux-ai-season-3,569562,https://www.kaggle.com/competitions/lux-ai-season-3/discussion/569562,png,406043,P2,inbox%2F2954104%2F81b74381ac46c800df0e09d6716d5e32%2F2img.png,
intel/lux-ai-season-3/bodies/569562_img/04.png,lux-ai-season-3,569562,https://www.kaggle.com/competitions/lux-ai-season-3/discussion/569562,png,1423272,P2,inbox%2F2954104%2F5ce6827f22c75d12c4156dc071911be8%2F3img.png,
intel/lux-ai-season-3/bodies/569562_img/05.png,lux-ai-season-3,569562,https://www.kaggle.com/competitions/lux-ai-season-3/discussion/569562,png,92990,P2,inbox%2F2954104%2F696f31c8e137a1ae53f5f3c757846edb%2F2025-03-22%2016-31-33.png,
intel/lux-ai-season-3/bodies/569562_img/06.png,lux-ai-season-3,569562,https://www.kaggle.com/competitions/lux-ai-season-3/discussion/569562,png,71268,P2,inbox%2F2954104%2F4091009dac35a18ae9e8378df0c94773%2F2025-03-22%2016-36-33.png,
intel/lux-ai-season-3/bodies/569928_img/01.jpg,lux-ai-season-3,569928,https://www.kaggle.com/competitions/lux-ai-season-3/discussion/569928,jpg,253947,P2,inbox%2F3823496%2F9e4e0eee7b23e1ff7650c5d0531e9996%2Foverview.jpg,
intel/lux-ai-season-3/bodies/569928_img/02.jpg,lux-ai-season-3,569928,https://www.kaggle.com/competitions/lux-ai-season-3/discussion/569928,jpg,138011,P2,inbox%2F3823496%2F1467109d5d5acbfcb73de4df58cc2d88%2Funet.jpg,
intel/lux-ai-season-3/bodies/569928_img/03.jpg,lux-ai-season-3,569928,https://www.kaggle.com/competitions/lux-ai-season-3/discussion/569928,jpg,125577,P2,inbox%2F3823496%2Fb09165df0c0f43981f8362c98423b391%2Fsap_model_input.jpg,
intel/make-data-count-finding-data-references/bodies/606786_img/01.png,make-data-count-finding-data-references,606786,https://www.kaggle.com/competitions/make-data-count-finding-data-references/discussion/606786,png,44026,P1,2nd 的阶段 1 验证分数,analysis/deep/make-data-count-finding-data-references.md|notes/nlp/make-data-count-finding-data-references.md
intel/make-data-count-finding-data-references/bodies/606786_img/02.png,make-data-count-finding-data-references,606786,https://www.kaggle.com/competitions/make-data-count-finding-data-references/discussion/606786,png,208729,P1,online-only table 中的 SAMN,analysis/deep/make-data-count-finding-data-references.md|notes/nlp/make-data-count-finding-data-references.md
intel/make-data-count-finding-data-references/bodies/606786_img/03.png,make-data-count-finding-data-references,606786,https://www.kaggle.com/competitions/make-data-count-finding-data-references/discussion/606786,png,44454,P2,inbox%2F260287%2F0dea025c166df33dc643253e6a5d3720%2FScreenshot%202025-09-10%20at%204.37.23PM.png,
intel/map-charting-student-math-misunderstandings/bodies/612096_img/01.png,map-charting-student-math-misunderstandings,612096,https://www.kaggle.com/competitions/map-charting-student-math-misunderstandings/discussion/612096,png,198581,P1,pyramid,analysis/deep/map-charting-student-math-misunderstandings.md|notes/nlp/map-charting-student-math-misunderstandings.md
intel/march-machine-learning-mania-2023/bodies/401382_img/01.png,march-machine-learning-mania-2023,401382,https://www.kaggle.com/competitions/march-machine-learning-mania-2023/discussion/401382,png,22045,P2,inbox%2F9608345%2F957d47dd74e565808e51f14f21cc4c51%2Fimportances.png,
intel/march-machine-learning-mania-2025/bodies/568862_img/01.png,march-machine-learning-mania-2025,568862,https://www.kaggle.com/competitions/march-machine-learning-mania-2025/discussion/568862,png,232108,P1,2025 男队预测括号,analysis/deep/march-machine-learning-mania-2025.md|notes/tabular/march-machine-learning-mania-2025.md
intel/march-machine-learning-mania-2026/bodies/681833_img/01.png,march-machine-learning-mania-2026,681833,https://www.kaggle.com/competitions/march-machine-learning-mania-2026/discussion/681833,png,232108,P2,inbox%2F313315%2F5a931ad1470f74216b402f11e5a049ac%2FScreenshot%202025-03-17%20at%209.34.14PM.png,
intel/march-machine-learning-mania-2026/bodies/689321_img/01.png,march-machine-learning-mania-2026,689321,https://www.kaggle.com/competitions/march-machine-learning-mania-2026/discussion/689321,png,110893,P1,3rd 的市场分层混合,analysis/deep/march-machine-learning-mania-2026.md|notes/tabular/march-machine-learning-mania-2026.md
intel/march-machine-learning-mania-2026/bodies/689321_img/02.png,march-machine-learning-mania-2026,689321,https://www.kaggle.com/competitions/march-machine-learning-mania-2026/discussion/689321,png,121827,P2,inbox%2F32386536%2Fe0b6014fb535ca67afea9ceb5df34deb%2F01_coefficients.png,
intel/march-machine-learning-mania-2026/bodies/689321_img/03.png,march-machine-learning-mania-2026,689321,https://www.kaggle.com/competitions/march-machine-learning-mania-2026/discussion/689321,png,118078,P2,inbox%2F32386536%2Fa2ea71fd99f4dd715b21165db15c1058%2F03_calibration.png,
intel/march-machine-learning-mania-2026/bodies/689321_img/04.png,march-machine-learning-mania-2026,689321,https://www.kaggle.com/competitions/march-machine-learning-mania-2026/discussion/689321,png,145914,P2,inbox%2F32386536%2Fc9d9dc0f0ad5f0910c30fdaf114e898a%2F05_lr_vs_market.png,
intel/march-machine-learning-mania-2026/bodies/689321_img/05.png,march-machine-learning-mania-2026,689321,https://www.kaggle.com/competitions/march-machine-learning-mania-2026/discussion/689321,png,162274,P2,inbox%2F32386536%2F739ff09a0fa91d50ce6333553e450c3d%2F06_seed_heatmap.png,
intel/march-machine-learning-mania-2026/bodies/689321_img/06.png,march-machine-learning-mania-2026,689321,https://www.kaggle.com/competitions/march-machine-learning-mania-2026/discussion/689321,png,97465,P2,inbox%2F32386536%2F6e030d1fc4f7ab38c60e93435793f483%2F02_progression.png,
intel/march-machine-learning-mania-2026/bodies/689528_img/01.png,march-machine-learning-mania-2026,689528,https://www.kaggle.com/competitions/march-machine-learning-mania-2026/discussion/689528,png,23661,P1,1st 的边缘锐化,analysis/deep/march-machine-learning-mania-2026.md|notes/tabular/march-machine-learning-mania-2026.md
intel/march-machine-learning-mania-2026/bodies/689808_img/01.png,march-machine-learning-mania-2026,689808,https://www.kaggle.com/competitions/march-machine-learning-mania-2026/discussion/689808,png,119093,P2,inbox%2F7845922%2F81bf3b4bd1617ab6f7b3096453a2af47%2Fxgb_feature_importance.png,
intel/march-machine-learning-mania-2026/bodies/689849_img/01.JPG,march-machine-learning-mania-2026,689849,https://www.kaggle.com/competitions/march-machine-learning-mania-2026/discussion/689849,jpg,52652,P2,inbox%2F21413594%2Fb647ea3488ad281e1bdfd2f1b039b983%2F.JPG,
intel/mayo-clinic-strip-ai/bodies/358029_img/01.png,mayo-clinic-strip-ai,358029,https://www.kaggle.com/competitions/mayo-clinic-strip-ai/discussion/358029,png,96664,P2,mayo-data-pipe.png,
intel/mayo-clinic-strip-ai/bodies/358029_img/02.png,mayo-clinic-strip-ai,358029,https://www.kaggle.com/competitions/mayo-clinic-strip-ai/discussion/358029,png,34049,P1,log-loss 的惩罚/奖励分区,analysis/deep/mayo-clinic-strip-ai.md|notes/cv/mayo-clinic-strip-ai.md
intel/maze-crawler/bodies/717120_img/01.png,maze-crawler,717120,https://www.kaggle.com/competitions/maze-crawler/discussion/717120,png,8489,P1,工厂坐在矿上收能,analysis/deep/maze-crawler.md|notes/sim-agent/maze-crawler.md
intel/maze-crawler/bodies/717120_img/02.png,maze-crawler,717120,https://www.kaggle.com/competitions/maze-crawler/discussion/717120,png,44082,P1,侦察兵铺视野,analysis/deep/maze-crawler.md
intel/maze-crawler/bodies/717120_img/03.png,maze-crawler,717120,https://www.kaggle.com/competitions/maze-crawler/discussion/717120,png,148772,P2,inbox%2F32104791%2Fce302c9691517519d78b474ddef2ca3b%2F2026-07-01_17-02-19.png,
intel/maze-crawler/bodies/717120_img/04.png,maze-crawler,717120,https://www.kaggle.com/competitions/maze-crawler/discussion/717120,png,222823,P1,终局回放,analysis/deep/maze-crawler.md|notes/sim-agent/maze-crawler.md
intel/maze-crawler/bodies/717120_img/05.png,maze-crawler,717120,https://www.kaggle.com/competitions/maze-crawler/discussion/717120,png,67491,P1,最终排行榜,analysis/deep/maze-crawler.md|notes/sim-agent/maze-crawler.md
intel/mens-march-mania-2022/bodies/308601_img/01.jpg,mens-march-mania-2022,308601,https://www.kaggle.com/competitions/mens-march-mania-2022/discussion/308601,jpg,33390,P2,360-F-238882142-RR07-WHn-FIm82-FA6x-Rv-U7-MLos0-Mxrf-Hgw.jpg,
intel/mens-march-mania-2022/bodies/317145_img/01.jpg,mens-march-mania-2022,317145,https://www.kaggle.com/competitions/mens-march-mania-2022/discussion/317145,jpg,68327,P2,6bhhxs.jpg,
intel/mens-march-mania-2022/bodies/317316_img/01.png,mens-march-mania-2022,317316,https://www.kaggle.com/competitions/mens-march-mania-2022/discussion/317316,png,465333,P2,raddar-rerun-season-2022-bracket-66334.png,
intel/mens-march-mania-2022/bodies/317316_img/02.png,mens-march-mania-2022,317316,https://www.kaggle.com/competitions/mens-march-mania-2022/discussion/317316,png,369639,P2,raddar-rerun-season-2022.png,
intel/mens-march-mania-2022/bodies/317316_img/03.png,mens-march-mania-2022,317316,https://www.kaggle.com/competitions/mens-march-mania-2022/discussion/317316,png,353809,P2,ncaaw-winning-2018.png,
intel/mens-march-mania-2022/bodies/317316_img/04.png,mens-march-mania-2022,317316,https://www.kaggle.com/competitions/mens-march-mania-2022/discussion/317316,png,431972,P1,错季统计下的对阵热力图,analysis/deep/mens-march-mania-2022.md|notes/tabular/mens-march-mania-2022.md
intel/mens-march-mania-2022/bodies/317316_img/05.png,mens-march-mania-2022,317316,https://www.kaggle.com/competitions/mens-march-mania-2022/discussion/317316,png,368933,P2,five38-mens-2018.png,
intel/mens-march-mania-2022/bodies/317316_img/06.png,mens-march-mania-2022,317316,https://www.kaggle.com/competitions/mens-march-mania-2022/discussion/317316,png,339567,P2,win-mm-2022.png,
intel/meta-kaggle-hackathon/bodies/582261_img/01.png,meta-kaggle-hackathon,582261,https://www.kaggle.com/competitions/meta-kaggle-hackathon/discussion/582261,png,1711178,P2,inbox%2F494641%2F9802ba496c75f79b61e418ac9e10e2f1%2Fknai_lecture.png,
intel/meta-kaggle-hackathon/bodies/589369_img/01.PNG,meta-kaggle-hackathon,589369,https://www.kaggle.com/competitions/meta-kaggle-hackathon/discussion/589369,png,5901,P1,write-up URL 字段校验,analysis/deep/meta-kaggle-hackathon.md|notes/other/meta-kaggle-hackathon.md
intel/mitsui-commodity-prediction-challenge/bodies/599772_img/01.png,mitsui-commodity-prediction-challenge,599772,https://www.kaggle.com/competitions/mitsui-commodity-prediction-challenge/discussion/599772,png,27824,P1,随机提交的分数分布,analysis/deep/mitsui-commodity-prediction-challenge.md|notes/tabular/mitsui-commodity-prediction-challenge.md
intel/nbme-score-clinical-patient-notes/bodies/322799_img/01.png,nbme-score-clinical-patient-notes,322799,https://www.kaggle.com/competitions/nbme-score-clinical-patient-notes/discussion/322799,png,830211,P2,168423739-557f36aa-8e52-4006-8c49-03dbafc107de.png,
intel/nbme-score-clinical-patient-notes/bodies/323094_img/01.png,nbme-score-clinical-patient-notes,323094,https://www.kaggle.com/competitions/nbme-score-clinical-patient-notes/discussion/323094,png,120625,P2,PL-drawio-2.png,
intel/nbme-score-clinical-patient-notes/bodies/323095_img/01.jpeg,nbme-score-clinical-patient-notes,323095,https://www.kaggle.com/competitions/nbme-score-clinical-patient-notes/discussion/323095,jpeg,527733,P1,1st 的模型管线,analysis/deep/nbme-score-clinical-patient-notes.md|notes/nlp/nbme-score-clinical-patient-notes.md
intel/neurips-2023-machine-unlearning/bodies/458648_img/01.png,neurips-2023-machine-unlearning,458648,https://www.kaggle.com/competitions/neurips-2023-machine-unlearning/discussion/458648,png,172960,P1,双教师 bad teaching 流程,analysis/deep/neurips-2023-machine-unlearning.md|notes/cv/neurips-2023-machine-unlearning.md
intel/neurips-2023-machine-unlearning/bodies/458648_img/02.png,neurips-2023-machine-unlearning,458648,https://www.kaggle.com/competitions/neurips-2023-machine-unlearning/discussion/458648,png,229049,P2,inbox%2F15266159%2Fe1ccc588bb862ec0645b2e65237fb6c6%2FForget%20Image.png,
intel/neurips-2023-machine-unlearning/bodies/458721_img/01.png,neurips-2023-machine-unlearning,458721,https://www.kaggle.com/competitions/neurips-2023-machine-unlearning/discussion/458721,png,18422,P2,inbox%2F9888178%2F5ad52ea1d39d433629469ce7663e740b%2FKER3I(PZHAPA4Q0CBUN.png,
intel/neurips-2023-machine-unlearning/bodies/458721_img/02.png,neurips-2023-machine-unlearning,458721,https://www.kaggle.com/competitions/neurips-2023-machine-unlearning/discussion/458721,png,25106,P2,inbox%2F9888178%2Fa49dca72b4fc934c0ba13cb732080025%2FE8Q9FVJMZ2IQYR7FYX.png,
intel/neurips-2023-machine-unlearning/bodies/458740_img/01.png,neurips-2023-machine-unlearning,458740,https://www.kaggle.com/competitions/neurips-2023-machine-unlearning/discussion/458740,png,68734,P1,层间权重余弦相似度,analysis/deep/neurips-2023-machine-unlearning.md|notes/cv/neurips-2023-machine-unlearning.md
intel/neurips-2023-machine-unlearning/bodies/458740_img/02.png,neurips-2023-machine-unlearning,458740,https://www.kaggle.com/competitions/neurips-2023-machine-unlearning/discussion/458740,png,18898,P2,inbox%2F4512660%2Fc887eea40d7e4d6087598c2aed603d6b%2F5.Maxpool_Embeddings_Cropped.png,
intel/neurips-2023-machine-unlearning/bodies/458740_img/03.png,neurips-2023-machine-unlearning,458740,https://www.kaggle.com/competitions/neurips-2023-machine-unlearning/discussion/458740,png,19066,P2,inbox%2F4512660%2F202a742464afbd7f0de798730944545d%2F1.Avgpool_Embeddings_Cropped.png,
intel/neurips-2023-machine-unlearning/bodies/458740_img/04.png,neurips-2023-machine-unlearning,458740,https://www.kaggle.com/competitions/neurips-2023-machine-unlearning/discussion/458740,png,217340,P1,6th 的两阶段流程,analysis/deep/neurips-2023-machine-unlearning.md|notes/cv/neurips-2023-machine-unlearning.md
intel/neurips-open-polymer-prediction-2025/bodies/607947_img/01.png,neurips-open-polymer-prediction-2025,607947,https://www.kaggle.com/competitions/neurips-open-polymer-prediction-2025/discussion/607947,png,30476,P1,1st 的偏置-分数曲线,notes/science/neurips-open-polymer-prediction-2025.md
intel/neurips-open-polymer-prediction-2025/bodies/608069_img/01.png,neurips-open-polymer-prediction-2025,608069,https://www.kaggle.com/competitions/neurips-open-polymer-prediction-2025/discussion/608069,png,24100,P1,8th 的重叠 SMILES Tg 差值分布,notes/science/neurips-open-polymer-prediction-2025.md
intel/neurips-open-polymer-prediction-2025/bodies/608069_img/02.PNG,neurips-open-polymer-prediction-2025,608069,https://www.kaggle.com/competitions/neurips-open-polymer-prediction-2025/discussion/608069,png,8878,P1,8th 的最终模型策略,notes/science/neurips-open-polymer-prediction-2025.md
intel/neurogolf-2026/bodies/726654_img/01.png,neurogolf-2026,726654,https://www.kaggle.com/competitions/neurogolf-2026/discussion/726654,png,509956,P2,team.png,
intel/neurogolf-2026/bodies/726654_img/02.png,neurogolf-2026,726654,https://www.kaggle.com/competitions/neurogolf-2026/discussion/726654,png,447257,P2,dashboard.png,
intel/neurogolf-2026/bodies/726654_img/03.png,neurogolf-2026,726654,https://www.kaggle.com/competitions/neurogolf-2026/discussion/726654,png,60754,P2,agent.png,
intel/neurogolf-2026/bodies/726654_img/04.png,neurogolf-2026,726654,https://www.kaggle.com/competitions/neurogolf-2026/discussion/726654,png,215327,P1,dashboard 上单题的架构跃迁,analysis/deep/neurogolf-2026.md
intel/neurogolf-2026/bodies/726654_img/05.png,neurogolf-2026,726654,https://www.kaggle.com/competitions/neurogolf-2026/discussion/726654,png,214116,P2,onnx2.png,
intel/neurogolf-2026/bodies/726799_img/01.png,neurogolf-2026,726799,https://www.kaggle.com/competitions/neurogolf-2026/discussion/726799,png,1199586,P1,1st 的双向 agent 流水线,analysis/deep/neurogolf-2026.md|notes/sim-agent/neurogolf-2026.md
intel/neurogolf-2026/bodies/726883_img/01.png,neurogolf-2026,726883,https://www.kaggle.com/competitions/neurogolf-2026/discussion/726883,png,58109,P2,prompt.png,
intel/neurogolf-2026/bodies/726883_img/02.png,neurogolf-2026,726883,https://www.kaggle.com/competitions/neurogolf-2026/discussion/726883,png,143101,P2,evolution2.png,
intel/neurogolf-2026/bodies/726883_img/03.png,neurogolf-2026,726883,https://www.kaggle.com/competitions/neurogolf-2026/discussion/726883,png,75180,P2,mentor.png,
intel/neurogolf-2026/bodies/726883_img/04.png,neurogolf-2026,726883,https://www.kaggle.com/competitions/neurogolf-2026/discussion/726883,png,140737,P2,promotion.png,
intel/nfl-big-data-bowl-2024/bodies/448833_img/01.webp,nfl-big-data-bowl-2024,448833,https://www.kaggle.com/competitions/nfl-big-data-bowl-2024/discussion/448833,webp,20844,P1,Types of Tackles [WEBP],analysis/deep/nfl-big-data-bowl-2024.md|notes/other/nfl-big-data-bowl-2024.md
intel/nfl-big-data-bowl-2026-prediction/bodies/651530_img/01.png,nfl-big-data-bowl-2026-prediction,651530,https://www.kaggle.com/competitions/nfl-big-data-bowl-2026-prediction/discussion/651530,png,104283,P2,inbox%2F25207474%2F1aa8a44dd00758e9bf9c3ae96e293472%2Fsttre_nv50_viz.png,
intel/nfl-big-data-bowl-2026-prediction/bodies/651530_img/02.png,nfl-big-data-bowl-2026-prediction,651530,https://www.kaggle.com/competitions/nfl-big-data-bowl-2026-prediction/discussion/651530,png,1213967,P2,inbox%2F25207474%2F584fa9e7aae0c0ce9dcd2ea6e8b3a76d%2Fvizfv44.png,
intel/nfl-big-data-bowl-2026-prediction/bodies/651604_img/01.png,nfl-big-data-bowl-2026-prediction,651604,https://www.kaggle.com/competitions/nfl-big-data-bowl-2026-prediction/discussion/651604,png,203151,P2,inbox%2F1630583%2Fad0c358c11eb57e4e48bfe8aae31c35e%2Fmodel.png,
intel/nfl-big-data-bowl-2026-prediction/bodies/651604_img/02.png,nfl-big-data-bowl-2026-prediction,651604,https://www.kaggle.com/competitions/nfl-big-data-bowl-2026-prediction/discussion/651604,png,20238,P2,inbox%2F1630583%2F9a7df2828bba3ad2ebe6bb0fa65f857b%2Fframe_aug.png,
intel/nfl-big-data-bowl-2026-prediction/bodies/651604_img/03.png,nfl-big-data-bowl-2026-prediction,651604,https://www.kaggle.com/competitions/nfl-big-data-bowl-2026-prediction/discussion/651604,png,168859,P2,inbox%2F1630583%2Fe2a712f5d6e31dd8ab0d05c703463542%2Fabu.png,
intel/nfl-big-data-bowl-2026-prediction/bodies/666799_img/01.png,nfl-big-data-bowl-2026-prediction,666799,https://www.kaggle.com/competitions/nfl-big-data-bowl-2026-prediction/discussion/666799,png,167215,P2,inbox%2F4705999%2Fe96560d257e87f2e5814bef7f2f5ee37%2F.png,
intel/nfl-big-data-bowl-2026-prediction/bodies/668048_img/01.png,nfl-big-data-bowl-2026-prediction,668048,https://www.kaggle.com/competitions/nfl-big-data-bowl-2026-prediction/discussion/668048,png,993944,P1,3rd 的双路径时空模型,analysis/deep/nfl-big-data-bowl-2026-prediction.md|notes/cv/nfl-big-data-bowl-2026-prediction.md
intel/nfl-health-and-safety-helmet-assignment/bodies/284940_img/01.png,nfl-health-and-safety-helmet-assignment,284940,https://www.kaggle.com/competitions/nfl-health-and-safety-helmet-assignment/discussion/284940,png,123133,P1,9th 的 shape context 配准流程,notes/cv/nfl-health-and-safety-helmet-assignment.md
intel/nfl-health-and-safety-helmet-assignment/bodies/284940_img/02.png,nfl-health-and-safety-helmet-assignment,284940,https://www.kaggle.com/competitions/nfl-health-and-safety-helmet-assignment/discussion/284940,png,71521,P2,140308464-0d072238-4757-4f13-a0d1-e283b746494b.png,
intel/nfl-health-and-safety-helmet-assignment/bodies/284940_img/03.gif,nfl-health-and-safety-helmet-assignment,284940,https://www.kaggle.com/competitions/nfl-health-and-safety-helmet-assignment/discussion/284940,gif,752741,P2,140337106-4e87606a-f2d3-411f-bfe9-5826078f542f.gif [GIF],
intel/nfl-health-and-safety-helmet-assignment/bodies/284945_img/01.png,nfl-health-and-safety-helmet-assignment,284945,https://www.kaggle.com/competitions/nfl-health-and-safety-helmet-assignment/discussion/284945,png,31077,P1,10th 的回归网络输入输出,notes/cv/nfl-health-and-safety-helmet-assignment.md
intel/nfl-health-and-safety-helmet-assignment/bodies/285112_img/01.png,nfl-health-and-safety-helmet-assignment,285112,https://www.kaggle.com/competitions/nfl-health-and-safety-helmet-assignment/discussion/285112,png,84348,P1,2nd 的球队聚类流程,notes/cv/nfl-health-and-safety-helmet-assignment.md
intel/nfl-health-and-safety-helmet-assignment/bodies/285112_img/02.png,nfl-health-and-safety-helmet-assignment,285112,https://www.kaggle.com/competitions/nfl-health-and-safety-helmet-assignment/discussion/285112,png,527069,P1,2nd 的球员朝向预测,notes/cv/nfl-health-and-safety-helmet-assignment.md
intel/nfl-health-and-safety-helmet-assignment/bodies/285112_img/03.png,nfl-health-and-safety-helmet-assignment,285112,https://www.kaggle.com/competitions/nfl-health-and-safety-helmet-assignment/discussion/285112,png,2461154,P1,2nd 的头盔-传感器 gap 修正,notes/cv/nfl-health-and-safety-helmet-assignment.md
intel/nfl-health-and-safety-helmet-assignment/bodies/285112_img/04.png,nfl-health-and-safety-helmet-assignment,285112,https://www.kaggle.com/competitions/nfl-health-and-safety-helmet-assignment/discussion/285112,png,313274,P2,line.png,
intel/nfl-health-and-safety-helmet-assignment/bodies/285112_img/05.png,nfl-health-and-safety-helmet-assignment,285112,https://www.kaggle.com/competitions/nfl-health-and-safety-helmet-assignment/discussion/285112,png,498828,P2,aspect_ratio.png,
intel/nfl-health-and-safety-helmet-assignment/bodies/285112_img/06.png,nfl-health-and-safety-helmet-assignment,285112,https://www.kaggle.com/competitions/nfl-health-and-safety-helmet-assignment/discussion/285112,png,415264,P2,pt.png,
intel/nfl-player-contact-detection/bodies/391609_img/01.png,nfl-player-contact-detection,391609,https://www.kaggle.com/competitions/nfl-player-contact-detection/discussion/391609,png,659408,P2,inbox%2F1146523%2Fe323a35a9255e8e50131807aa19b56ef%2Fsolution.png,
intel/nfl-player-contact-detection/bodies/391620_img/01.png,nfl-player-contact-detection,391620,https://www.kaggle.com/competitions/nfl-player-contact-detection/discussion/391620,png,162202,P2,inbox%2F3962786%2F4a505595b255bfda550e795046c0df38%2Fcnn.png,
intel/nfl-player-contact-detection/bodies/391620_img/02.png,nfl-player-contact-detection,391620,https://www.kaggle.com/competitions/nfl-player-contact-detection/discussion/391620,png,217739,P2,inbox%2F3962786%2F929fef6a9bf240a7b4faa87bb38e8d9f%2Ftracking.png,
intel/nfl-player-contact-detection/bodies/391620_img/03.png,nfl-player-contact-detection,391620,https://www.kaggle.com/competitions/nfl-player-contact-detection/discussion/391620,png,316915,P2,inbox%2F3962786%2F0b6d775701b80ea65fb25115692ed5e4%2Fgap.png,
intel/nfl-player-contact-detection/bodies/391635_img/01.gif,nfl-player-contact-detection,391635,https://www.kaggle.com/competitions/nfl-player-contact-detection/discussion/391635,gif,2362500,P2,output.gif [GIF],
intel/nfl-player-contact-detection/bodies/391719_img/01.jpg,nfl-player-contact-detection,391719,https://www.kaggle.com/competitions/nfl-player-contact-detection/discussion/391719,jpg,498082,P2,inbox%2F2938236%2F117b7f73480671f35bd9c582e6f65fb7%2Ffig1.jpg,
intel/nfl-player-contact-detection/bodies/391719_img/02.jpg,nfl-player-contact-detection,391719,https://www.kaggle.com/competitions/nfl-player-contact-detection/discussion/391719,jpg,111886,P2,inbox%2F2938236%2Fd41a5f5947368bef89a5266750eb865e%2Ffig2_sampleout.jpg,
intel/nfl-player-contact-detection/bodies/391740_img/01.png,nfl-player-contact-detection,391740,https://www.kaggle.com/competitions/nfl-player-contact-detection/discussion/391740,png,94175,P1,2nd 的 CNN 架构,analysis/deep/nfl-player-contact-detection.md|notes/cv/nfl-player-contact-detection.md
intel/novozymes-enzyme-stability-prediction/bodies/358320_img/01.png,novozymes-enzyme-stability-prediction,358320,https://www.kaggle.com/competitions/novozymes-enzyme-stability-prediction/discussion/358320,png,556928,P2,k_test3.png,
intel/novozymes-enzyme-stability-prediction/bodies/358320_img/02.png,novozymes-enzyme-stability-prediction,358320,https://www.kaggle.com/competitions/novozymes-enzyme-stability-prediction/discussion/358320,png,486580,P2,k_train3.png,
intel/novozymes-enzyme-stability-prediction/bodies/375964_img/01.png,novozymes-enzyme-stability-prediction,375964,https://www.kaggle.com/competitions/novozymes-enzyme-stability-prediction/discussion/375964,png,51769,P2,inbox%2F8874838%2Fe933f40cad3209abc44bd7fc34206c3f%2F2023-01-04%20142508.png,
intel/novozymes-enzyme-stability-prediction/bodies/376116_img/01.png,novozymes-enzyme-stability-prediction,376116,https://www.kaggle.com/competitions/novozymes-enzyme-stability-prediction/discussion/376116,png,39342,P2,best.png,
intel/novozymes-enzyme-stability-prediction/bodies/376116_img/02.png,novozymes-enzyme-stability-prediction,376116,https://www.kaggle.com/competitions/novozymes-enzyme-stability-prediction/discussion/376116,png,41149,P2,best2.png,
intel/novozymes-enzyme-stability-prediction/bodies/376116_img/03.png,novozymes-enzyme-stability-prediction,376116,https://www.kaggle.com/competitions/novozymes-enzyme-stability-prediction/discussion/376116,png,41323,P2,best3.png,
intel/novozymes-enzyme-stability-prediction/bodies/376116_img/04.png,novozymes-enzyme-stability-prediction,376116,https://www.kaggle.com/competitions/novozymes-enzyme-stability-prediction/discussion/376116,png,270166,P2,f_imp.png,
intel/novozymes-enzyme-stability-prediction/bodies/376116_img/05.png,novozymes-enzyme-stability-prediction,376116,https://www.kaggle.com/competitions/novozymes-enzyme-stability-prediction/discussion/376116,png,434740,P2,tree4.png,
intel/novozymes-enzyme-stability-prediction/bodies/376134_img/01.png,novozymes-enzyme-stability-prediction,376134,https://www.kaggle.com/competitions/novozymes-enzyme-stability-prediction/discussion/376134,png,81829,P2,inbox%2F3350264%2Fc36a345c2440a24230fb59f7e6023607%2Fwhole.png,
intel/novozymes-enzyme-stability-prediction/bodies/376134_img/02.png,novozymes-enzyme-stability-prediction,376134,https://www.kaggle.com/competitions/novozymes-enzyme-stability-prediction/discussion/376134,png,64657,P2,inbox%2F3350264%2F945e4f75a3785b75c0b1eb30b5658c7a%2FScreenshot%20(1681).png,
intel/novozymes-enzyme-stability-prediction/bodies/376147_img/01.png,novozymes-enzyme-stability-prediction,376147,https://www.kaggle.com/competitions/novozymes-enzyme-stability-prediction/discussion/376147,png,174104,P2,LGB-feature-importance-SHAP-bar-03-v3z.png,
intel/novozymes-enzyme-stability-prediction/bodies/376371_img/01.png,novozymes-enzyme-stability-prediction,376371,https://www.kaggle.com/competitions/novozymes-enzyme-stability-prediction/discussion/376371,png,32413,P1,GNN 版 1st 的模型结构,analysis/deep/novozymes-enzyme-stability-prediction.md|notes/science/novozymes-enzyme-stability-prediction.md
intel/novozymes-enzyme-stability-prediction/bodies/376371_img/02.png,novozymes-enzyme-stability-prediction,376371,https://www.kaggle.com/competitions/novozymes-enzyme-stability-prediction/discussion/376371,png,17515,P2,inbox%2F3852768%2F31eddb7c601905075248107e0589025b%2FGNN.png,
intel/novozymes-enzyme-stability-prediction/bodies/376371_img/03.png,novozymes-enzyme-stability-prediction,376371,https://www.kaggle.com/competitions/novozymes-enzyme-stability-prediction/discussion/376371,png,12178,P2,inbox%2F3852768%2F872204bc6ff62321a3122d1f1e4a5eb9%2Finformation_centrality.png,
intel/nvidia-nemotron-model-reasoning-challenge/bodies/708539_img/01.PNG,nvidia-nemotron-model-reasoning-challenge,708539,https://www.kaggle.com/competitions/nvidia-nemotron-model-reasoning-challenge/discussion/708539,png,1057187,P1,88th 的合成数据改进闭环,notes/nlp/nvidia-nemotron-model-reasoning-challenge.md
intel/nvidia-nemotron-model-reasoning-challenge/bodies/708539_img/02.PNG,nvidia-nemotron-model-reasoning-challenge,708539,https://www.kaggle.com/competitions/nvidia-nemotron-model-reasoning-challenge/discussion/708539,png,187003,P2,inbox%2F20464683%2Fc2e7e8fbe14ae75c473b90bea78ad547%2FIMG_1909.PNG,
intel/nvidia-nemotron-model-reasoning-challenge/bodies/708539_img/03.PNG,nvidia-nemotron-model-reasoning-challenge,708539,https://www.kaggle.com/competitions/nvidia-nemotron-model-reasoning-challenge/discussion/708539,png,811223,P2,inbox%2F20464683%2F06c865355c47f0fa2d011933aec933c3%2FIMG_1908.PNG,
intel/nvidia-nemotron-model-reasoning-challenge/bodies/708539_img/04.PNG,nvidia-nemotron-model-reasoning-challenge,708539,https://www.kaggle.com/competitions/nvidia-nemotron-model-reasoning-challenge/discussion/708539,png,186195,P2,inbox%2F20464683%2F30a272f565e44f6723a0dd7898ec75c1%2FIMG_1905.PNG,
intel/nvidia-nemotron-model-reasoning-challenge/bodies/708539_img/05.PNG,nvidia-nemotron-model-reasoning-challenge,708539,https://www.kaggle.com/competitions/nvidia-nemotron-model-reasoning-challenge/discussion/708539,png,112779,P2,inbox%2F20464683%2F20601595763e31a891259704732596cc%2FIMG_1906.PNG,
intel/nvidia-nemotron-model-reasoning-challenge/bodies/709120_img/01.jpg,nvidia-nemotron-model-reasoning-challenge,709120,https://www.kaggle.com/competitions/nvidia-nemotron-model-reasoning-challenge/discussion/709120,jpg,25388,P1,逐域 LB 探针,notes/nlp/nvidia-nemotron-model-reasoning-challenge.md
intel/nvidia-nemotron-model-reasoning-challenge/bodies/709120_img/02.jpg,nvidia-nemotron-model-reasoning-challenge,709120,https://www.kaggle.com/competitions/nvidia-nemotron-model-reasoning-challenge/discussion/709120,jpg,59448,P2,inbox%2F13977249%2F92630a894b213648011b91a370017e50%2F2nd_best_private.jpg,
intel/nvidia-nemotron-model-reasoning-challenge/bodies/709120_img/03.jpg,nvidia-nemotron-model-reasoning-challenge,709120,https://www.kaggle.com/competitions/nvidia-nemotron-model-reasoning-challenge/discussion/709120,jpg,63539,P2,inbox%2F13977249%2F9c34e180f7803f213328d927b6f97e4c%2Fbest_private.jpg,
intel/nvidia-nemotron-model-reasoning-challenge/bodies/709136_img/01.png,nvidia-nemotron-model-reasoning-challenge,709136,https://www.kaggle.com/competitions/nvidia-nemotron-model-reasoning-challenge/discussion/709136,png,140029,P2,inbox%2F91259%2F6017e38a46b12b9e8656a08e95ec3bf5%2Fnumeric-op-crosstab.png,
intel/nvidia-nemotron-model-reasoning-challenge/bodies/709136_img/02.png,nvidia-nemotron-model-reasoning-challenge,709136,https://www.kaggle.com/competitions/nvidia-nemotron-model-reasoning-challenge/discussion/709136,png,205390,P1,3rd 的验证/LB 相关性,notes/nlp/nvidia-nemotron-model-reasoning-challenge.md
intel/nvidia-nemotron-model-reasoning-challenge/bodies/709231_img/01.png,nvidia-nemotron-model-reasoning-challenge,709231,https://www.kaggle.com/competitions/nvidia-nemotron-model-reasoning-challenge/discussion/709231,png,84138,P1,1st 的 LB/验证分数曲线,notes/nlp/nvidia-nemotron-model-reasoning-challenge.md
intel/open-problems-multimodal/bodies/346888_img/01.PNG,open-problems-multimodal,346888,https://www.kaggle.com/competitions/open-problems-multimodal/discussion/346888,png,44994,P1,中心法则与两个子任务,notes/science/open-problems-multimodal.md
intel/open-problems-multimodal/bodies/346888_img/02.PNG,open-problems-multimodal,346888,https://www.kaggle.com/competitions/open-problems-multimodal/discussion/346888,png,39415,P2,inbox%2F6537187%2F1997e2ec55923d44b4d0a53221311456%2Fsub_pic.PNG,
intel/open-problems-multimodal/bodies/366453_img/01.png,open-problems-multimodal,366453,https://www.kaggle.com/competitions/open-problems-multimodal/discussion/366453,png,188893,P1,2nd 的完整管线（CLR + LGBM meta + 双 NN/GRU）,notes/science/open-problems-multimodal.md
intel/open-problems-multimodal/bodies/366453_img/02.png,open-problems-multimodal,366453,https://www.kaggle.com/competitions/open-problems-multimodal/discussion/366453,png,163701,P2,multi.png,
intel/open-problems-multimodal/bodies/366961_img/01.png,open-problems-multimodal,366961,https://www.kaggle.com/competitions/open-problems-multimodal/discussion/366961,png,50724,P1,1st 的 Multiome 总管线,notes/science/open-problems-multimodal.md
intel/open-problems-multimodal/bodies/366961_img/02.png,open-problems-multimodal,366961,https://www.kaggle.com/competitions/open-problems-multimodal/discussion/366961,png,55185,P2,inbox%2F1053132%2Fdedb439f946e0682644451a531d4df33%2Fmulti-input-preprocessing.png,
intel/open-problems-multimodal/bodies/366961_img/03.png,open-problems-multimodal,366961,https://www.kaggle.com/competitions/open-problems-multimodal/discussion/366961,png,44978,P1,1st 的目标预处理链（含 tSVD 插补）,notes/science/open-problems-multimodal.md
intel/open-problems-multimodal/bodies/366961_img/04.png,open-problems-multimodal,366961,https://www.kaggle.com/competitions/open-problems-multimodal/discussion/366961,png,52204,P2,inbox%2F1053132%2F8861945be57ca34a6bfa2b23e5627100%2Fmulti-model.png,
intel/open-problems-multimodal/bodies/366961_img/05.png,open-problems-multimodal,366961,https://www.kaggle.com/competitions/open-problems-multimodal/discussion/366961,png,45610,P1,1st 的输出后处理与 Correlation Loss,notes/science/open-problems-multimodal.md
intel/open-problems-multimodal/bodies/366961_img/06.png,open-problems-multimodal,366961,https://www.kaggle.com/competitions/open-problems-multimodal/discussion/366961,png,50071,P2,inbox%2F1053132%2Fbff80fd72fd2a9d0ab94704c641c024b%2Fmulti-postprocessing_2.png,
intel/open-problems-multimodal/bodies/366961_img/07.png,open-problems-multimodal,366961,https://www.kaggle.com/competitions/open-problems-multimodal/discussion/366961,png,41288,P1,1st 的 CITEseq 总管线,notes/science/open-problems-multimodal.md
intel/open-problems-multimodal/bodies/366961_img/08.png,open-problems-multimodal,366961,https://www.kaggle.com/competitions/open-problems-multimodal/discussion/366961,png,95033,P2,inbox%2F1053132%2Ff5ddef7a059aa3a94c3afc6f3f52b440%2Fcite-input-preprocessing.png,
intel/open-problems-multimodal/bodies/366961_img/09.png,open-problems-multimodal,366961,https://www.kaggle.com/competitions/open-problems-multimodal/discussion/366961,png,40374,P2,inbox%2F1053132%2Fc538366bbc83a1de46005c5108d6b20d%2Fcite-target-preprocessing.png,
intel/open-problems-multimodal/bodies/366961_img/10.png,open-problems-multimodal,366961,https://www.kaggle.com/competitions/open-problems-multimodal/discussion/366961,png,44433,P2,inbox%2F1053132%2F3a30e371014051289d99d5cbe57009e9%2Fcite-model.png,
intel/open-problems-multimodal/bodies/366961_img/11.png,open-problems-multimodal,366961,https://www.kaggle.com/competitions/open-problems-multimodal/discussion/366961,png,46632,P2,inbox%2F1053132%2F677385c92a3be6a0e0a9702b3005edc8%2Fcite-postprocessing.png,
intel/open-problems-single-cell-perturbations/bodies/458750_img/01.png,open-problems-single-cell-perturbations,458750,https://www.kaggle.com/competitions/open-problems-single-cell-perturbations/discussion/458750,png,28893,P1,目标列 range 直方图,notes/science/open-problems-single-cell-perturbations.md
intel/open-problems-single-cell-perturbations/bodies/458750_img/02.png,open-problems-single-cell-perturbations,458750,https://www.kaggle.com/competitions/open-problems-single-cell-perturbations/discussion/458750,png,62469,P2,inbox%2F6882624%2Fd8bf3ee03e6d6154593170a5db43cab3%2FScreenshot%20from%202023-12-05%2009-45-05.png,
intel/open-problems-single-cell-perturbations/bodies/458750_img/03.png,open-problems-single-cell-perturbations,458750,https://www.kaggle.com/competitions/open-problems-single-cell-perturbations/discussion/458750,png,126319,P2,inbox%2F6882624%2Fb4a580c8349343ab853a40cf6ee8b43e%2FScreenshot%20from%202023-12-05%2009-49-01.png,
intel/open-problems-single-cell-perturbations/bodies/458750_img/04.png,open-problems-single-cell-perturbations,458750,https://www.kaggle.com/competitions/open-problems-single-cell-perturbations/discussion/458750,png,189151,P2,inbox%2F6882624%2F64d7f90af54659c0e8477d4faa3a3c51%2FScreenshot%20from%202023-12-05%2009-56-05.png,
intel/open-problems-single-cell-perturbations/bodies/458750_img/05.png,open-problems-single-cell-perturbations,458750,https://www.kaggle.com/competitions/open-problems-single-cell-perturbations/discussion/458750,png,128436,P1,3rd 的自定义 CV 切分,notes/science/open-problems-single-cell-perturbations.md
intel/open-problems-single-cell-perturbations/bodies/458750_img/06.png,open-problems-single-cell-perturbations,458750,https://www.kaggle.com/competitions/open-problems-single-cell-perturbations/discussion/458750,png,143528,P2,inbox%2F6882624%2F8a68fc6a4b3025b48d37dabc67a50c05%2FScreenshot%20from%202023-12-05%2010-12-19.png,
intel/open-problems-single-cell-perturbations/bodies/458750_img/07.png,open-problems-single-cell-perturbations,458750,https://www.kaggle.com/competitions/open-problems-single-cell-perturbations/discussion/458750,png,77754,P2,inbox%2F6882624%2Fb684812f2feb70c2b9f28f2df5714cd7%2FScreenshot%20from%202023-12-05%2013-11-10.png,
intel/open-problems-single-cell-perturbations/bodies/458750_img/08.png,open-problems-single-cell-perturbations,458750,https://www.kaggle.com/competitions/open-problems-single-cell-perturbations/discussion/458750,png,70054,P2,inbox%2F6882624%2F8625a5cb1af874f4986277c98e76ab8e%2FScreenshot%20from%202023-12-05%2011-45-22.png,
intel/open-problems-single-cell-perturbations/bodies/459258_img/01.png,open-problems-single-cell-perturbations,459258,https://www.kaggle.com/competitions/open-problems-single-cell-perturbations/discussion/459258,png,134140,P1,1st 的 5 折训练曲线,notes/science/open-problems-single-cell-perturbations.md
intel/open-problems-single-cell-perturbations/bodies/459258_img/02.png,open-problems-single-cell-perturbations,459258,https://www.kaggle.com/competitions/open-problems-single-cell-perturbations/discussion/459258,png,63847,P1,折内主导细胞类型与验证 MRRMSE,notes/science/open-problems-single-cell-perturbations.md
intel/open-problems-single-cell-perturbations/bodies/459258_img/03.png,open-problems-single-cell-perturbations,459258,https://www.kaggle.com/competitions/open-problems-single-cell-perturbations/discussion/459258,png,50961,P1,目标值分布近似以 0 为中心的尖峰,notes/science/open-problems-single-cell-perturbations.md
intel/open-problems-single-cell-perturbations/bodies/459258_img/04.png,open-problems-single-cell-perturbations,459258,https://www.kaggle.com/competitions/open-problems-single-cell-perturbations/discussion/459258,png,73177,P1,1st 的数据量鲁棒性曲线,notes/science/open-problems-single-cell-perturbations.md
intel/optiver-realized-volatility-prediction/bodies/274970_img/01.png,optiver-realized-volatility-prediction,274970,https://www.kaggle.com/competitions/optiver-realized-volatility-prediction/discussion/274970,png,20851,P1,pipeline,analysis/deep/optiver-realized-volatility-prediction.md|notes/tabular/optiver-realized-volatility-prediction.md
intel/optiver-realized-volatility-prediction/bodies/274970_img/02.bmp,optiver-realized-volatility-prediction,274970,https://www.kaggle.com/competitions/optiver-realized-volatility-prediction/discussion/274970,bmp,958374,P2,tsne%20result.bmp,
intel/optiver-realized-volatility-prediction/bodies/274970_img/03.bmp,optiver-realized-volatility-prediction,274970,https://www.kaggle.com/competitions/optiver-realized-volatility-prediction/discussion/274970,bmp,528054,P2,cvlb.bmp,
intel/optiver-realized-volatility-prediction/bodies/274970_img/04.png,optiver-realized-volatility-prediction,274970,https://www.kaggle.com/competitions/optiver-realized-volatility-prediction/discussion/274970,png,10555,P1,timeline,analysis/deep/optiver-realized-volatility-prediction.md|notes/tabular/optiver-realized-volatility-prediction.md
intel/optiver-realized-volatility-prediction/bodies/274970_img/05.png,optiver-realized-volatility-prediction,274970,https://www.kaggle.com/competitions/optiver-realized-volatility-prediction/discussion/274970,png,31287,P1,nn features,analysis/deep/optiver-realized-volatility-prediction.md|notes/tabular/optiver-realized-volatility-prediction.md
intel/optiver-realized-volatility-prediction/bodies/274970_img/06.png,optiver-realized-volatility-prediction,274970,https://www.kaggle.com/competitions/optiver-realized-volatility-prediction/discussion/274970,png,16497,P2,1d%20cnn.png,
intel/orbit-wars/bodies/713276_img/01.png,orbit-wars,713276,https://www.kaggle.com/competitions/orbit-wars/discussion/713276,png,2070804,P2,inbox%2F412830%2F043097006d4984e0c79ce88c6de3d301%2Fhober_malloc.png,
intel/orbit-wars/bodies/713276_img/02.png,orbit-wars,713276,https://www.kaggle.com/competitions/orbit-wars/discussion/713276,png,1220937,P2,inbox%2F412830%2F071a5f250afaaf7e007a0d5883471be3%2Fdiagram_v3.png,
intel/orbit-wars/bodies/723728_img/01.png,orbit-wars,723728,https://www.kaggle.com/competitions/orbit-wars/discussion/723728,png,2070804,P2,inbox%2F412830%2F043097006d4984e0c79ce88c6de3d301%2Fhober_malloc.png,
intel/orbit-wars/bodies/723728_img/02.png,orbit-wars,723728,https://www.kaggle.com/competitions/orbit-wars/discussion/723728,png,1220937,P1,simjeg architecture,analysis/deep/orbit-wars.md|notes/sim-agent/orbit-wars.md
intel/orbit-wars/bodies/723731_img/01.gif,orbit-wars,723731,https://www.kaggle.com/competitions/orbit-wars/discussion/723731,gif,8627747,P2,luca_vs_tufa_ep84096506.gif [GIF],
intel/orbit-wars/bodies/723731_img/02.png,orbit-wars,723731,https://www.kaggle.com/competitions/orbit-wars/discussion/723731,png,294955,P1,planet token features,analysis/deep/orbit-wars.md
intel/orbit-wars/bodies/723731_img/03.png,orbit-wars,723731,https://www.kaggle.com/competitions/orbit-wars/discussion/723731,png,320736,P2,token_global.png,
intel/orbit-wars/bodies/723731_img/04.png,orbit-wars,723731,https://www.kaggle.com/competitions/orbit-wars/discussion/723731,png,132680,P2,edge_features.png,
intel/orbit-wars/bodies/723731_img/05.jpg,orbit-wars,723731,https://www.kaggle.com/competitions/orbit-wars/discussion/723731,jpg,4514421,P1,OrbitNet,analysis/deep/orbit-wars.md|notes/sim-agent/orbit-wars.md
intel/orbit-wars/bodies/723731_img/06.png,orbit-wars,723731,https://www.kaggle.com/competitions/orbit-wars/discussion/723731,png,309510,P1,model profile,analysis/deep/orbit-wars.md|notes/sim-agent/orbit-wars.md
intel/orbit-wars/bodies/723731_img/07.png,orbit-wars,723731,https://www.kaggle.com/competitions/orbit-wars/discussion/723731,png,48212,P2,il_vs_public.png,
intel/orbit-wars/bodies/723731_img/08.png,orbit-wars,723731,https://www.kaggle.com/competitions/orbit-wars/discussion/723731,png,261130,P2,cross_2p.png,
intel/orbit-wars/bodies/723731_img/09.png,orbit-wars,723731,https://www.kaggle.com/competitions/orbit-wars/discussion/723731,png,230284,P2,cross_4p.png,
intel/orbit-wars/bodies/723731_img/10.png,orbit-wars,723731,https://www.kaggle.com/competitions/orbit-wars/discussion/723731,png,56747,P1,final eval,analysis/deep/orbit-wars.md|notes/sim-agent/orbit-wars.md
intel/orbit-wars/bodies/723731_img/11.png,orbit-wars,723731,https://www.kaggle.com/competitions/orbit-wars/discussion/723731,png,596413,P2,eval_h2h.png,
intel/orbit-wars/bodies/723731_img/12.png,orbit-wars,723731,https://www.kaggle.com/competitions/orbit-wars/discussion/723731,png,536391,P1,eval field,analysis/deep/orbit-wars.md|notes/sim-agent/orbit-wars.md
intel/orbit-wars/bodies/723731_img/13.png,orbit-wars,723731,https://www.kaggle.com/competitions/orbit-wars/discussion/723731,png,311284,P1,rank trends,analysis/deep/orbit-wars.md
intel/orbit-wars/bodies/723820_img/01.png,orbit-wars,723820,https://www.kaggle.com/competitions/orbit-wars/discussion/723820,png,452823,P2,inbox%2F4239923%2F9114615be6640b5054322b921797ecdd%2Fplanet_token_features.png,
intel/orbit-wars/bodies/723820_img/02.png,orbit-wars,723820,https://www.kaggle.com/competitions/orbit-wars/discussion/723820,png,469180,P2,inbox%2F4239923%2Fd62c07f3105b31463ca67fd8b921f730%2Fplayer_token_features.png,
intel/orbit-wars/bodies/723820_img/03.png,orbit-wars,723820,https://www.kaggle.com/competitions/orbit-wars/discussion/723820,png,29458,P1,entropy schedule,analysis/deep/orbit-wars.md|notes/sim-agent/orbit-wars.md
intel/orbit-wars/bodies/723820_img/04.png,orbit-wars,723820,https://www.kaggle.com/competitions/orbit-wars/discussion/723820,png,46138,P2,inbox%2F4239923%2Feb97603e3a88d8edef6b38fc47c1dc85%2F2p_winrate.png,
intel/orbit-wars/bodies/723820_img/05.png,orbit-wars,723820,https://www.kaggle.com/competitions/orbit-wars/discussion/723820,png,64825,P1,4p winrate,analysis/deep/orbit-wars.md
intel/otto-recommender-system/bodies/364721_img/01.PNG,otto-recommender-system,364721,https://www.kaggle.com/competitions/otto-recommender-system/discussion/364721,png,31147,P1,funnel,analysis/deep/otto-recommender-system.md|notes/tabular/otto-recommender-system.md
intel/otto-recommender-system/bodies/382771_img/01.png,otto-recommender-system,382771,https://www.kaggle.com/competitions/otto-recommender-system/discussion/382771,png,1285949,P1,kiccho,analysis/deep/otto-recommender-system.md|notes/tabular/otto-recommender-system.md
intel/otto-recommender-system/bodies/382771_img/03.png,otto-recommender-system,382771,https://www.kaggle.com/competitions/otto-recommender-system/discussion/382771,png,266303,P2,inbox%2F770256%2F728b7a7f2c1ef5eeec8207ac1e7f870f%2Frecommend-data-split.svg,
intel/otto-recommender-system/bodies/382790_img/01.png,otto-recommender-system,382790,https://www.kaggle.com/competitions/otto-recommender-system/discussion/382790,png,276105,P1,item2item,analysis/deep/otto-recommender-system.md|notes/tabular/otto-recommender-system.md
intel/otto-recommender-system/bodies/382790_img/02.png,otto-recommender-system,382790,https://www.kaggle.com/competitions/otto-recommender-system/discussion/382790,png,179414,P2,inbox%2F317344%2F6041fac8d79269776d88f8350774950a%2F2023-02-17%205.10.47.png,
intel/otto-recommender-system/bodies/382790_img/03.png,otto-recommender-system,382790,https://www.kaggle.com/competitions/otto-recommender-system/discussion/382790,png,234727,P2,inbox%2F317344%2Feac4b9290d28bf9725b59969745f0459%2F2023-02-17%205.11.11.png,
intel/otto-recommender-system/bodies/382790_img/04.png,otto-recommender-system,382790,https://www.kaggle.com/competitions/otto-recommender-system/discussion/382790,png,233284,P2,inbox%2F317344%2Ffc93d88efbabc29bb619f7a8d5cd8858%2F2023-02-17%205.10.08.png,
intel/otto-recommender-system/bodies/382790_img/05.png,otto-recommender-system,382790,https://www.kaggle.com/competitions/otto-recommender-system/discussion/382790,png,463900,P1,stages,notes/tabular/otto-recommender-system.md
intel/otto-recommender-system/bodies/382790_img/06.png,otto-recommender-system,382790,https://www.kaggle.com/competitions/otto-recommender-system/discussion/382790,png,234768,P2,inbox%2F317344%2Fb89de93b7508e672fc007b50232dea1f%2F2023-02-17%205.09.49.png,
intel/otto-recommender-system/bodies/382790_img/07.png,otto-recommender-system,382790,https://www.kaggle.com/competitions/otto-recommender-system/discussion/382790,png,23900,P2,inbox%2F317344%2F2fad8cb1ed63c9d91ed4822fbdf133e4%2FRAPIDS-logo-white.png,
intel/otto-recommender-system/bodies/382879_img/01.png,otto-recommender-system,382879,https://www.kaggle.com/competitions/otto-recommender-system/discussion/382879,png,58195,P1,makotu,analysis/deep/otto-recommender-system.md|notes/tabular/otto-recommender-system.md
intel/otto-recommender-system/bodies/382879_img/02.png,otto-recommender-system,382879,https://www.kaggle.com/competitions/otto-recommender-system/discussion/382879,png,1443636,P2,inbox%2F397595%2F9602e046e48f6d2028d0a05ccf898720%2Fsolution_shimacos.png,
intel/otto-recommender-system/bodies/382879_img/03.png,otto-recommender-system,382879,https://www.kaggle.com/competitions/otto-recommender-system/discussion/382879,png,371877,P1,sirius,analysis/deep/otto-recommender-system.md|notes/tabular/otto-recommender-system.md
intel/petfinder-pawpularity-score/bodies/300928_img/01.png,petfinder-pawpularity-score,300928,https://www.kaggle.com/competitions/petfinder-pawpularity-score/discussion/300928,png,202622,P2,149600083-089fab1c-94fa-4065-997f-e90896c080b3.png,
intel/petfinder-pawpularity-score/bodies/301015_img/01.png,petfinder-pawpularity-score,301015,https://www.kaggle.com/competitions/petfinder-pawpularity-score/discussion/301015,png,174498,P2,catlb2.png,
intel/petfinder-pawpularity-score/bodies/301015_img/02.png,petfinder-pawpularity-score,301015,https://www.kaggle.com/competitions/petfinder-pawpularity-score/discussion/301015,png,1903099,P1,preprocess,analysis/deep/petfinder-pawpularity-score.md|notes/cv/petfinder-pawpularity-score.md
intel/petfinder-pawpularity-score/bodies/301015_img/03.png,petfinder-pawpularity-score,301015,https://www.kaggle.com/competitions/petfinder-pawpularity-score/discussion/301015,png,210326,P2,freeze2.png,
intel/petfinder-pawpularity-score/bodies/301015_img/04.png,petfinder-pawpularity-score,301015,https://www.kaggle.com/competitions/petfinder-pawpularity-score/discussion/301015,png,586331,P1,multitask,analysis/deep/petfinder-pawpularity-score.md|notes/cv/petfinder-pawpularity-score.md
intel/phase-ii-widsdatathon2022/bodies/312249_img/01.png,phase-ii-widsdatathon2022,312249,https://www.kaggle.com/competitions/phase-ii-widsdatathon2022/discussion/312249,png,305238,P1,Tackling Climate Change with Machine Learning 论文首页,analysis/deep/phase-ii-widsdatathon2022.md|notes/science/phase-ii-widsdatathon2022.md
intel/phase-ii-widsdatathon2022/bodies/312249_img/02.png,phase-ii-widsdatathon2022,312249,https://www.kaggle.com/competitions/phase-ii-widsdatathon2022/discussion/312249,png,240491,P2,inbox%2F59561%2Fcc6d9a21f0c3ed71b00113b33efb2b66%2Fkaggle_sweater.png,
intel/phase-ii-widsdatathon2022/bodies/312249_img/03.jpg,phase-ii-widsdatathon2022,312249,https://www.kaggle.com/competitions/phase-ii-widsdatathon2022/discussion/312249,jpg,33390,P2,360-F-238882142-RR07-WHn-FIm82-FA6x-Rv-U7-MLos0-Mxrf-Hgw.jpg,
intel/physionet-ecg-image-digitization/bodies/613540_img/01.png,physionet-ecg-image-digitization,613540,https://www.kaggle.com/competitions/physionet-ecg-image-digitization/discussion/613540,png,147920,P2,inbox%2F113660%2Fdf86112888d37848ceae2b55c73cd66b%2FSelection_840.png,
intel/physionet-ecg-image-digitization/bodies/669548_img/01.jpg,physionet-ecg-image-digitization,669548,https://www.kaggle.com/competitions/physionet-ecg-image-digitization/discussion/669548,jpg,825614,P2,inbox%2F5570735%2Fbeeed8c1741a9b4311dbd1c3b9a2eac3%2FIMG_4.jpg,
intel/physionet-ecg-image-digitization/bodies/669548_img/02.jpg,physionet-ecg-image-digitization,669548,https://www.kaggle.com/competitions/physionet-ecg-image-digitization/discussion/669548,jpg,317037,P2,inbox%2F5570735%2F3e3547c29e7459fd238e239e2262d341%2FIMG_5.jpg,
intel/physionet-ecg-image-digitization/bodies/669548_img/03.jpg,physionet-ecg-image-digitization,669548,https://www.kaggle.com/competitions/physionet-ecg-image-digitization/discussion/669548,jpg,1110582,P2,inbox%2F5570735%2Fd1931b0d7ab3ca66ddd2668d8b13393b%2FIMG_6.jpg,
intel/physionet-ecg-image-digitization/bodies/669548_img/04.png,physionet-ecg-image-digitization,669548,https://www.kaggle.com/competitions/physionet-ecg-image-digitization/discussion/669548,png,202318,P2,inbox%2F5570735%2F7d1d8f99365f40f5662bb4a367daa825%2FIMG_7.png,
intel/physionet-ecg-image-digitization/bodies/669562_img/01.png,physionet-ecg-image-digitization,669562,https://www.kaggle.com/competitions/physionet-ecg-image-digitization/discussion/669562,png,1331509,P2,inbox%2F5483160%2F478068740d14fb19934fb2f237a9deca%2F1.png,
intel/physionet-ecg-image-digitization/bodies/669562_img/02.png,physionet-ecg-image-digitization,669562,https://www.kaggle.com/competitions/physionet-ecg-image-digitization/discussion/669562,png,811396,P2,inbox%2F5483160%2F2af8c00564301f404ea7b900bf715442%2F1.png,
intel/physionet-ecg-image-digitization/bodies/669584_img/01.png,physionet-ecg-image-digitization,669584,https://www.kaggle.com/competitions/physionet-ecg-image-digitization/discussion/669584,png,2755136,P1,1st 的标准化输入,analysis/deep/physionet-ecg-image-digitization.md
intel/physionet-ecg-image-digitization/bodies/669584_img/02.png,physionet-ecg-image-digitization,669584,https://www.kaggle.com/competitions/physionet-ecg-image-digitization/discussion/669584,png,436519,P2,inbox%2F3137289%2Fdc76d19ee753e8560886fe0f94bd42dc%2FStrategy_1_.png,
intel/physionet-ecg-image-digitization/bodies/669584_img/03.png,physionet-ecg-image-digitization,669584,https://www.kaggle.com/competitions/physionet-ecg-image-digitization/discussion/669584,png,335668,P2,inbox%2F3137289%2F079c86a643208a53d900dc71bed5ba84%2FStrategy_2_.png,
intel/physionet-ecg-image-digitization/bodies/669584_img/04.png,physionet-ecg-image-digitization,669584,https://www.kaggle.com/competitions/physionet-ecg-image-digitization/discussion/669584,png,299546,P2,inbox%2F3137289%2F98f5b42ba6777ef0ae7e219ef0e2aba1%2FStrategy_3_.png,
intel/physionet-ecg-image-digitization/bodies/669584_img/05.png,physionet-ecg-image-digitization,669584,https://www.kaggle.com/competitions/physionet-ecg-image-digitization/discussion/669584,png,1154485,P2,inbox%2F3137289%2Fc9a0cee2bcd48c7889c77e0cf89eb94e%2FAugmentation.png,
intel/physionet-ecg-image-digitization/bodies/669584_img/06.png,physionet-ecg-image-digitization,669584,https://www.kaggle.com/competitions/physionet-ecg-image-digitization/discussion/669584,png,4382254,P2,inbox%2F3137289%2Fdc0e4bfe13abb9b5a57376b14b85797a%2Fresult.png,
intel/physionet-ecg-image-digitization/bodies/669584_img/07.png,physionet-ecg-image-digitization,669584,https://www.kaggle.com/competitions/physionet-ecg-image-digitization/discussion/669584,png,1848375,P2,inbox%2F3137289%2F0ab95dbc80abfa356d2989bb3986c466%2Fr1.png,
intel/physionet-ecg-image-digitization/bodies/669584_img/08.png,physionet-ecg-image-digitization,669584,https://www.kaggle.com/competitions/physionet-ecg-image-digitization/discussion/669584,png,1804901,P2,inbox%2F3137289%2F1b3c2accc5b039265498c97b45ef7203%2Fr2.png,
intel/physionet-ecg-image-digitization/bodies/669584_img/09.png,physionet-ecg-image-digitization,669584,https://www.kaggle.com/competitions/physionet-ecg-image-digitization/discussion/669584,png,227610,P2,inbox%2F3137289%2Fad3cbbee180c0fcb7dea28f2582fd72b%2Fdiff.png,
intel/physionet-ecg-image-digitization/bodies/669668_img/01.png,physionet-ecg-image-digitization,669668,https://www.kaggle.com/competitions/physionet-ecg-image-digitization/discussion/669668,png,342098,P2,inbox%2F2312281%2F9417a06baf76cb5a205ad8b20daa7d43%2Fkaggle_mask.png,
intel/physionet-ecg-image-digitization/bodies/669668_img/02.png,physionet-ecg-image-digitization,669668,https://www.kaggle.com/competitions/physionet-ecg-image-digitization/discussion/669668,png,127750,P2,inbox%2F2312281%2Fe3df4813f6c4d98f023736424fe96e5a%2Fkaggle_map.png,
intel/physionet-ecg-image-digitization/bodies/669668_img/03.png,physionet-ecg-image-digitization,669668,https://www.kaggle.com/competitions/physionet-ecg-image-digitization/discussion/669668,png,221631,P2,inbox%2F2312281%2Fb02f84fd0ba22396484907126cc1e285%2Fkaggle_pixel.png,
intel/physionet-ecg-image-digitization/bodies/669871_img/01.png,physionet-ecg-image-digitization,669871,https://www.kaggle.com/competitions/physionet-ecg-image-digitization/discussion/669871,png,234538,P2,inbox%2F6102861%2F650cdd44cf06ff5bbd90b934718d14a6%2F500hz.png,
intel/physionet-ecg-image-digitization/bodies/669871_img/02.png,physionet-ecg-image-digitization,669871,https://www.kaggle.com/competitions/physionet-ecg-image-digitization/discussion/669871,png,152981,P1,2nd 的稀疏掩码往返,analysis/deep/physionet-ecg-image-digitization.md|notes/cv/physionet-ecg-image-digitization.md
intel/physionet-ecg-image-digitization/bodies/669871_img/03.png,physionet-ecg-image-digitization,669871,https://www.kaggle.com/competitions/physionet-ecg-image-digitization/discussion/669871,png,1674972,P1,2nd 的 OOF 预测叠加,analysis/deep/physionet-ecg-image-digitization.md
intel/physionet-ecg-image-digitization/bodies/669871_img/04.png,physionet-ecg-image-digitization,669871,https://www.kaggle.com/competitions/physionet-ecg-image-digitization/discussion/669871,png,769144,P2,inbox%2F6102861%2Febe06e7dd533692b750ead6625354935%2Fmodel_v5.png,
intel/physionet-ecg-image-digitization/bodies/669871_img/05.png,physionet-ecg-image-digitization,669871,https://www.kaggle.com/competitions/physionet-ecg-image-digitization/discussion/669871,png,258419,P2,inbox%2F6102861%2Fcae941cf33bcb2dc4e67179089b2be6d%2Fconv2d_fusion_v2.png,
intel/physionet-ecg-image-digitization/bodies/669871_img/06.png,physionet-ecg-image-digitization,669871,https://www.kaggle.com/competitions/physionet-ecg-image-digitization/discussion/669871,png,1085072,P2,inbox%2F6102861%2Ffc67adf0cc00216fb93436f91d234fd6%2Fcombined_result.png,
intel/pii-detection-removal-from-educational-data/bodies/497374_img/01.png,pii-detection-removal-from-educational-data,497374,https://www.kaggle.com/competitions/pii-detection-removal-from-educational-data/discussion/497374,png,203214,P1,1st 的方案总览,notes/nlp/pii-detection-removal-from-educational-data.md
intel/planttraits2024/bodies/473745_img/01.jpg,planttraits2024,473745,https://www.kaggle.com/competitions/planttraits2024/discussion/473745,jpg,7957,P2,inbox%2F3012786%2Fb1d869af22385d38e69f387bceb19843%2Fdownload%20-%20Copia.jpg,
intel/planttraits2024/bodies/510393_img/01.png,planttraits2024,510393,https://www.kaggle.com/competitions/planttraits2024/discussion/510393,png,466688,P2,inbox%2F1023609%2Fd18217f57cf1a2c8009c7bb2e50a5cba%2Fsnake.png,
intel/planttraits2024/bodies/510393_img/02.png,planttraits2024,510393,https://www.kaggle.com/competitions/planttraits2024/discussion/510393,png,162159,P1,PlantHydra 分层学习率调度,analysis/deep/planttraits2024.md|notes/cv/planttraits2024.md
intel/playground-series-s3e1/bodies/377179_img/01.png,playground-series-s3e1,377179,https://www.kaggle.com/competitions/playground-series-s3e1/discussion/377179,png,131634,P1,2nd 的多尺度 NN 结构,analysis/deep/playground-series-s3e1.md|notes/tabular/playground-series-s3e1.md
intel/playground-series-s3e10/bodies/393073_img/01.png,playground-series-s3e10,393073,https://www.kaggle.com/competitions/playground-series-s3e10/discussion/393073,png,35561,P1,校准曲线与预测直方图,analysis/deep/playground-series-s3e10.md|notes/tabular/playground-series-s3e10.md
intel/playground-series-s3e10/bodies/396259_img/01.jpg,playground-series-s3e10,396259,https://www.kaggle.com/competitions/playground-series-s3e10/discussion/396259,jpg,123280,P2,inbox%2F12870466%2Fd3681982688afd49b023305d2b78ff8b%2FScreenshot_36.jpg,
intel/playground-series-s3e11/bodies/399393_img/01.png,playground-series-s3e11,399393,https://www.kaggle.com/competitions/playground-series-s3e11/discussion/399393,png,40913,P2,inbox%2F12870466%2Fdd58ccfdf36c5cac346be745de3b24ef%2Fensemble%20method.png,
intel/playground-series-s3e11/bodies/399393_img/02.png,playground-series-s3e11,399393,https://www.kaggle.com/competitions/playground-series-s3e11/discussion/399393,png,51735,P2,inbox%2F12870466%2F817c8b2e2e0c4509aa2f7458f40266c2%2Fensemble%20method%20focus%20on%20my%20part.png,
intel/playground-series-s3e11/bodies/399401_img/01.png,playground-series-s3e11,399401,https://www.kaggle.com/competitions/playground-series-s3e11/discussion/399401,png,163987,P1,store_sqft 的部分依赖图,analysis/deep/playground-series-s3e11.md|notes/tabular/playground-series-s3e11.md
intel/playground-series-s3e11/bodies/399401_img/02.png,playground-series-s3e11,399401,https://www.kaggle.com/competitions/playground-series-s3e11/discussion/399401,png,44844,P1,模型多样性树状图,analysis/deep/playground-series-s3e11.md|notes/tabular/playground-series-s3e11.md
intel/playground-series-s3e11/bodies/399401_img/03.png,playground-series-s3e11,399401,https://www.kaggle.com/competitions/playground-series-s3e11/discussion/399401,png,124900,P2,inbox%2F7917824%2Fb4b4c72b7de4caef6986ad1c36bc9ee6%2Fbar-chart.png,
intel/playground-series-s3e11/bodies/399489_img/01.png,playground-series-s3e11,399489,https://www.kaggle.com/competitions/playground-series-s3e11/discussion/399489,png,47999,P1,原数据只入训练不入验证,analysis/deep/playground-series-s3e11.md|notes/tabular/playground-series-s3e11.md
intel/playground-series-s3e11/bodies/399489_img/02.png,playground-series-s3e11,399489,https://www.kaggle.com/competitions/playground-series-s3e11/discussion/399489,png,14779,P2,inbox%2F2959383%2Fbe36e8300fd30bd7588008fff846bc6d%2Fcv_scores.png,
intel/playground-series-s3e11/bodies/399571_img/01.png,playground-series-s3e11,399571,https://www.kaggle.com/competitions/playground-series-s3e11/discussion/399571,png,39486,P2,inbox%2F761104%2F19ea3e53653a028bfe5c18daec718836%2Fxgbfeats.png,
intel/playground-series-s3e11/bodies/399571_img/02.png,playground-series-s3e11,399571,https://www.kaggle.com/competitions/playground-series-s3e11/discussion/399571,png,30970,P2,inbox%2F761104%2Fb9e26243c95263b8a9385cdb8d1b60f4%2Flgb_lofo.png,
intel/playground-series-s3e11/bodies/399571_img/03.png,playground-series-s3e11,399571,https://www.kaggle.com/competitions/playground-series-s3e11/discussion/399571,png,48940,P2,inbox%2F761104%2F476d4be3cf00c8947e05f3413dc43ec4%2Fstack.png,
intel/playground-series-s3e11/bodies/399571_img/04.png,playground-series-s3e11,399571,https://www.kaggle.com/competitions/playground-series-s3e11/discussion/399571,png,26063,P2,inbox%2F761104%2Ffb4c64d46582dcd3f82a7c39e5b0c96f%2Fgrouped.png,
intel/playground-series-s3e12/bodies/400152_img/01.png,playground-series-s3e12,400152,https://www.kaggle.com/competitions/playground-series-s3e12/discussion/400152,png,262270,P1,六个分类器的二维决策面,analysis/deep/playground-series-s3e12.md|notes/tabular/playground-series-s3e12.md
intel/playground-series-s3e12/bodies/400152_img/02.png,playground-series-s3e12,400152,https://www.kaggle.com/competitions/playground-series-s3e12/discussion/400152,png,57336,P2,inbox%2F7917824%2Fd70f732e1e824fbe0e66464ce16d65f1%2Fscatterplot.png,
intel/playground-series-s3e12/bodies/401113_img/01.png,playground-series-s3e12,401113,https://www.kaggle.com/competitions/playground-series-s3e12/discussion/401113,png,22130,P1,公开 notebook 的验证质量,analysis/deep/playground-series-s3e12.md|notes/tabular/playground-series-s3e12.md
intel/playground-series-s3e12/bodies/402347_img/01.png,playground-series-s3e12,402347,https://www.kaggle.com/competitions/playground-series-s3e12/discussion/402347,png,3483,P2,inbox%2F6082025%2F6d631723b3c89c511afed0a55e98e436%2FScreenshot%20from%202023-04-17%2018-53-05.png,
intel/playground-series-s3e13/bodies/405480_img/01.png,playground-series-s3e13,405480,https://www.kaggle.com/competitions/playground-series-s3e13/discussion/405480,png,151683,P1,探榜截图,analysis/deep/playground-series-s3e13.md|notes/tabular/playground-series-s3e13.md
intel/playground-series-s3e13/bodies/407829_img/01.PNG,playground-series-s3e13,407829,https://www.kaggle.com/competitions/playground-series-s3e13/discussion/407829,png,32874,P1,症状聚类特征,analysis/deep/playground-series-s3e13.md|notes/tabular/playground-series-s3e13.md
intel/playground-series-s3e13/bodies/407829_img/02.PNG,playground-series-s3e13,407829,https://www.kaggle.com/competitions/playground-series-s3e13/discussion/407829,png,12743,P1,成对逻辑特征,analysis/deep/playground-series-s3e13.md|notes/tabular/playground-series-s3e13.md
intel/playground-series-s3e14/bodies/410627_img/01.png,playground-series-s3e14,410627,https://www.kaggle.com/competitions/playground-series-s3e14/discussion/410627,png,95676,P2,inbox%2F6259210%2Fa8f1bd1022e9492f9b4194253a8fc130%2FPS%20S3E14%202023%20First%20place%20winning%20solution%201945.png,
intel/playground-series-s3e14/bodies/410627_img/02.png,playground-series-s3e14,410627,https://www.kaggle.com/competitions/playground-series-s3e14/discussion/410627,png,195021,P1,1st 的完整模型管线,analysis/deep/playground-series-s3e14.md|notes/tabular/playground-series-s3e14.md
intel/playground-series-s3e14/bodies/410627_img/03.png,playground-series-s3e14,410627,https://www.kaggle.com/competitions/playground-series-s3e14/discussion/410627,png,13365,P2,inbox%2F6259210%2F8b22b3c9ab85657a553538ac5f502cfa%2FSCIPY%20vs%20LAD.png,
intel/playground-series-s3e14/bodies/410627_img/04.png,playground-series-s3e14,410627,https://www.kaggle.com/competitions/playground-series-s3e14/discussion/410627,png,366783,P2,inbox%2F6259210%2Fb5e15ca8fb5156edb9cbef721baa812e%2Ferrors_before_after.png,
intel/playground-series-s3e14/bodies/410627_img/05.png,playground-series-s3e14,410627,https://www.kaggle.com/competitions/playground-series-s3e14/discussion/410627,png,233205,P2,inbox%2F6259210%2F34d465f99602548ea9157366cdeaf81d%2Fregplot.png,
intel/playground-series-s3e14/bodies/410627_img/06.png,playground-series-s3e14,410627,https://www.kaggle.com/competitions/playground-series-s3e14/discussion/410627,png,62428,P2,inbox%2F6259210%2F1cadabc5c827b5523a71df6387aa8bce%2Fdistances.png,
intel/playground-series-s3e14/bodies/410627_img/07.png,playground-series-s3e14,410627,https://www.kaggle.com/competitions/playground-series-s3e14/discussion/410627,png,51188,P2,inbox%2F6259210%2Fc0775cbf15a14b1469e09d80c33b5616%2FGround%20zero%20highlighted.png,
intel/playground-series-s3e14/bodies/410639_img/01.png,playground-series-s3e14,410639,https://www.kaggle.com/competitions/playground-series-s3e14/discussion/410639,png,65218,P2,inbox%2F10590800%2F568713a0b5828047a508d0e5ec27e031%2Fhill_climb.png,
intel/playground-series-s3e14/bodies/410639_img/02.png,playground-series-s3e14,410639,https://www.kaggle.com/competitions/playground-series-s3e14/discussion/410639,png,54925,P1,hill climbing 的 MAE 曲线,analysis/deep/playground-series-s3e14.md|notes/tabular/playground-series-s3e14.md
intel/playground-series-s3e14/bodies/410652_img/01.png,playground-series-s3e14,410652,https://www.kaggle.com/competitions/playground-series-s3e14/discussion/410652,png,54319,P2,inbox%2F275525%2Ff8e5117d8a944719c2c7237792e06ee3%2F__results___90_0.png,
intel/playground-series-s3e15/bodies/413749_img/01.png,playground-series-s3e15,413749,https://www.kaggle.com/competitions/playground-series-s3e15/discussion/413749,png,149112,P1,hillclimbers 集成结构,analysis/deep/playground-series-s3e15.md|notes/tabular/playground-series-s3e15.md
intel/playground-series-s3e15/bodies/413749_img/02.png,playground-series-s3e15,413749,https://www.kaggle.com/competitions/playground-series-s3e15/discussion/413749,png,83186,P2,inbox%2F10590800%2F80eb3f76d9eb77ced6842673c6d78143%2Fmodel_weights1.png,
intel/playground-series-s3e15/bodies/413749_img/03.png,playground-series-s3e15,413749,https://www.kaggle.com/competitions/playground-series-s3e15/discussion/413749,png,49327,P2,inbox%2F10590800%2F812b30e9033325ad489d3a0289f6bb32%2Fmodel_weights2.png,
intel/playground-series-s3e15/bodies/413826_img/01.jpeg,playground-series-s3e15,413826,https://www.kaggle.com/competitions/playground-series-s3e15/discussion/413826,jpeg,37157,P2,inbox%2F13273036%2F403e363d3c792a30832b84a671a36556%2FScreenshot%202023-05-30%20at%2011.30.55.jpeg,
intel/playground-series-s3e15/bodies/413826_img/02.jpeg,playground-series-s3e15,413826,https://www.kaggle.com/competitions/playground-series-s3e15/discussion/413826,jpeg,34048,P2,inbox%2F13273036%2F6417dac700502461b8cfecc1526ed1fa%2FScreenshot%202023-05-30%20at%2011.31.03.jpeg,
intel/playground-series-s3e15/bodies/414048_img/01.png,playground-series-s3e15,414048,https://www.kaggle.com/competitions/playground-series-s3e15/discussion/414048,png,16940,P1,1st 的提交对比,analysis/deep/playground-series-s3e15.md|notes/tabular/playground-series-s3e15.md
intel/playground-series-s3e15/bodies/414048_img/02.png,playground-series-s3e15,414048,https://www.kaggle.com/competitions/playground-series-s3e15/discussion/414048,png,121944,P2,inbox%2F240753%2F990ffaf37619348d57dfe871b0264737%2Fscreen2.png,
intel/playground-series-s3e16/bodies/413750_img/01.jpg,playground-series-s3e16,413750,https://www.kaggle.com/competitions/playground-series-s3e16/discussion/413750,jpg,33076,P2,inbox%2F3012786%2F17aa783900d1981307d4faa0be08dcff%2F59561-kg%20-%20Copia.jpg,
intel/playground-series-s3e16/bodies/416903_img/01.png,playground-series-s3e16,416903,https://www.kaggle.com/competitions/playground-series-s3e16/discussion/416903,png,62524,P1,2nd 的配置与逐项效果标注,analysis/deep/playground-series-s3e16.md|notes/tabular/playground-series-s3e16.md
intel/playground-series-s3e17/bodies/416765_img/01.png,playground-series-s3e17,416765,https://www.kaggle.com/competitions/playground-series-s3e17/discussion/416765,png,28138,P1,产品类型分布,analysis/deep/playground-series-s3e17.md|notes/tabular/playground-series-s3e17.md
intel/playground-series-s3e17/bodies/416765_img/02.png,playground-series-s3e17,416765,https://www.kaggle.com/competitions/playground-series-s3e17/discussion/416765,png,22706,P1,故障类型计数,analysis/deep/playground-series-s3e17.md|notes/tabular/playground-series-s3e17.md
intel/playground-series-s3e18/bodies/420127_img/01.png,playground-series-s3e18,420127,https://www.kaggle.com/competitions/playground-series-s3e18/discussion/420127,png,26697,P1,EC1 vs EC2 模型对比,analysis/deep/playground-series-s3e18.md|notes/tabular/playground-series-s3e18.md
intel/playground-series-s3e19/bodies/426258_img/01.png,playground-series-s3e19,426258,https://www.kaggle.com/competitions/playground-series-s3e19/discussion/426258,png,251793,P2,print-trick.png,
intel/playground-series-s3e19/bodies/428300_img/01.png,playground-series-s3e19,428300,https://www.kaggle.com/competitions/playground-series-s3e19/discussion/428300,png,144964,P2,inbox%2F5256933%2F2216d12a1451e605fc6d2b618e889eb8%2FScreenshot%202023-08-01%20084655.png,
intel/playground-series-s3e19/bodies/428682_img/01.png,playground-series-s3e19,428682,https://www.kaggle.com/competitions/playground-series-s3e19/discussion/428682,png,200603,P1,2020 异常趋势的修正前后,analysis/deep/playground-series-s3e19.md|notes/tabular/playground-series-s3e19.md
intel/playground-series-s3e19/bodies/428682_img/02.png,playground-series-s3e19,428682,https://www.kaggle.com/competitions/playground-series-s3e19/discussion/428682,png,340116,P2,inbox%2F11321862%2Fa337d04f327e19e76c1db52b24c31219%2F1.png,
intel/playground-series-s3e19/bodies/428682_img/03.png,playground-series-s3e19,428682,https://www.kaggle.com/competitions/playground-series-s3e19/discussion/428682,png,506681,P2,inbox%2F11321862%2Ff23247bcc94a864e4e4381e818c1fca3%2F2.png,
intel/playground-series-s3e19/bodies/428682_img/04.png,playground-series-s3e19,428682,https://www.kaggle.com/competitions/playground-series-s3e19/discussion/428682,png,309404,P2,inbox%2F11321862%2F98dab780e79a04946d954578ae68f8c2%2F3.png,
intel/playground-series-s3e19/bodies/428682_img/05.png,playground-series-s3e19,428682,https://www.kaggle.com/competitions/playground-series-s3e19/discussion/428682,png,64579,P2,inbox%2F11321862%2Ffd9648ae8bc7432094177fe2ac460877%2F4.png,
intel/playground-series-s3e19/bodies/428682_img/06.png,playground-series-s3e19,428682,https://www.kaggle.com/competitions/playground-series-s3e19/discussion/428682,png,65523,P2,inbox%2F11321862%2F58b57d2ad665d141b872387d5077302f%2F5.png,
intel/playground-series-s3e19/bodies/428682_img/07.png,playground-series-s3e19,428682,https://www.kaggle.com/competitions/playground-series-s3e19/discussion/428682,png,40606,P2,inbox%2F11321862%2F65b5802a32ee637a41acdc38f1ab10f8%2F6.png,
intel/playground-series-s3e19/bodies/428682_img/08.png,playground-series-s3e19,428682,https://www.kaggle.com/competitions/playground-series-s3e19/discussion/428682,png,118949,P2,inbox%2F11321862%2Ffcd5e08c867e96c711d3b2a54b0fac3d%2FFigure%202023-08-02%20142729.png,
intel/playground-series-s3e19/bodies/428682_img/09.png,playground-series-s3e19,428682,https://www.kaggle.com/competitions/playground-series-s3e19/discussion/428682,png,26208,P2,inbox%2F11321862%2Ffdbc5fb658c33bb49f2aa2d2df6995af%2FFigure%202023-08-02%20183337.png,
intel/playground-series-s3e2/bodies/377253_img/01.png,playground-series-s3e2,377253,https://www.kaggle.com/competitions/playground-series-s3e2/discussion/377253,png,41508,P1,控制年龄后的婚姻风险,analysis/deep/playground-series-s3e2.md|notes/tabular/playground-series-s3e2.md
intel/playground-series-s3e20/bodies/429278_img/01.png,playground-series-s3e20,429278,https://www.kaggle.com/competitions/playground-series-s3e20/discussion/429278,png,23111,P1,位置 SVD 的累计解释方差,analysis/deep/playground-series-s3e20.md|notes/tabular/playground-series-s3e20.md
intel/playground-series-s3e20/bodies/429278_img/02.png,playground-series-s3e20,429278,https://www.kaggle.com/competitions/playground-series-s3e20/discussion/429278,png,31030,P2,inbox%2F7917824%2F0a1db2e06742089bbea889d1d838eda7%2Fprojection.png,
intel/playground-series-s3e20/bodies/429278_img/03.png,playground-series-s3e20,429278,https://www.kaggle.com/competitions/playground-series-s3e20/discussion/429278,png,64774,P2,inbox%2F7917824%2F8d551630ae3e346a7f76a9580f6cd115%2Fbasis.png,
intel/playground-series-s3e20/bodies/430226_img/01.jpg,playground-series-s3e20,430226,https://www.kaggle.com/competitions/playground-series-s3e20/discussion/430226,jpg,51100,P2,inbox%2F4308868%2F5d521050cd321e36a2842a602160348d%2Foverfit_lb.jpg,
intel/playground-series-s3e20/bodies/432294_img/01.png,playground-series-s3e20,432294,https://www.kaggle.com/competitions/playground-series-s3e20/discussion/432294,png,48324,P2,inbox%2F7917824%2F56b51dd05d0705e4a7df2eb6b3ce8f17%2Ftwolocs(1).png,
intel/playground-series-s3e20/bodies/432294_img/02.png,playground-series-s3e20,432294,https://www.kaggle.com/competitions/playground-series-s3e20/discussion/432294,png,23535,P2,inbox%2F7917824%2Fc3938772596d3ba4d5bdad7ee4f13265%2Fseasonalcovid-3(3).png,
intel/playground-series-s3e20/bodies/433567_img/01.png,playground-series-s3e20,433567,https://www.kaggle.com/competitions/playground-series-s3e20/discussion/433567,png,29854,P2,inbox%2F4308868%2Ffd7788cd672c33c165a6f4d4933acb7d%2Fpgs320.png,
intel/playground-series-s3e20/bodies/433567_img/02.png,playground-series-s3e20,433567,https://www.kaggle.com/competitions/playground-series-s3e20/discussion/433567,png,23895,P2,inbox%2F4308868%2Fb716fa92ff24fb8b2b67df9f7ee7c334%2Fpgs320-2.png,
intel/playground-series-s3e20/bodies/433567_img/03.png,playground-series-s3e20,433567,https://www.kaggle.com/competitions/playground-series-s3e20/discussion/433567,png,68839,P1,4th 的提交乘子对照,analysis/deep/playground-series-s3e20.md|notes/tabular/playground-series-s3e20.md
intel/playground-series-s3e20/bodies/433822_img/01.png,playground-series-s3e20,433822,https://www.kaggle.com/competitions/playground-series-s3e20/discussion/433822,png,256556,P2,inbox%2F9618169%2F75809d6d09a2ebe5333a3f809e16c6d9%2FYearOverYearMonthGrouth.png,
intel/playground-series-s3e20/bodies/433822_img/02.png,playground-series-s3e20,433822,https://www.kaggle.com/competitions/playground-series-s3e20/discussion/433822,png,34253,P2,inbox%2F9618169%2Fbbb5e94432627c08991ad4b0fc7bdec7%2FSpilit%20training.png,
intel/playground-series-s3e20/bodies/433822_img/03.png,playground-series-s3e20,433822,https://www.kaggle.com/competitions/playground-series-s3e20/discussion/433822,png,47974,P2,inbox%2F9618169%2F7aa46a4d79e5d0ef392d4b2433a9ba5a%2FCovidAverage.png,
intel/playground-series-s3e20/bodies/433822_img/04.png,playground-series-s3e20,433822,https://www.kaggle.com/competitions/playground-series-s3e20/discussion/433822,png,22247,P2,inbox%2F9618169%2Fe93893f05342c4a1b1ac488b2b2c5d1b%2FFeatureSelection.png,
intel/playground-series-s3e20/bodies/433822_img/05.png,playground-series-s3e20,433822,https://www.kaggle.com/competitions/playground-series-s3e20/discussion/433822,png,20835,P2,inbox%2F9618169%2Fbc69a9203d3a441f227e1ca5aa863b15%2FModeling.png,
intel/playground-series-s3e21/bodies/438635_img/01.png,playground-series-s3e21,438635,https://www.kaggle.com/competitions/playground-series-s3e21/discussion/438635,png,51665,P1,未选中的主动学习提交,analysis/deep/playground-series-s3e21.md|notes/tabular/playground-series-s3e21.md
intel/playground-series-s3e22/bodies/444654_img/01.png,playground-series-s3e22,444654,https://www.kaggle.com/competitions/playground-series-s3e22/discussion/444654,png,4981630,P1,S3E22 public-private 名次动态,analysis/deep/playground-series-s3e22.md|notes/tabular/playground-series-s3e22.md
intel/playground-series-s3e23/bodies/445245_img/01.png,playground-series-s3e23,445245,https://www.kaggle.com/competitions/playground-series-s3e23/discussion/445245,png,44276,P1,单模型与集成 AUC 对比,analysis/deep/playground-series-s3e23.md|notes/tabular/playground-series-s3e23.md
intel/playground-series-s3e23/bodies/445245_img/02.png,playground-series-s3e23,445245,https://www.kaggle.com/competitions/playground-series-s3e23/discussion/445245,png,19186,P1,RF min_samples_leaf 曲线,analysis/deep/playground-series-s3e23.md
intel/playground-series-s3e23/bodies/450315_img/01.png,playground-series-s3e23,450315,https://www.kaggle.com/competitions/playground-series-s3e23/discussion/450315,png,123455,P1,爬山集成提交分数,analysis/deep/playground-series-s3e23.md|notes/tabular/playground-series-s3e23.md
intel/playground-series-s3e23/bodies/450315_img/02.png,playground-series-s3e23,450315,https://www.kaggle.com/competitions/playground-series-s3e23/discussion/450315,png,120100,P2,inbox%2F1822542%2Fb72295e6cb9a826ce86b7a2c0e618005%2FScreen%20Shot%202023-10-23%20at%207.26.41%20PM.png,
intel/playground-series-s3e23/bodies/450315_img/03.png,playground-series-s3e23,450315,https://www.kaggle.com/competitions/playground-series-s3e23/discussion/450315,png,103213,P2,inbox%2F1822542%2F763e919bd8088828c923d3490c734642%2FScreen%20Shot%202023-10-23%20at%207.33.03%20PM.png,
intel/playground-series-s3e23/bodies/450315_img/04.png,playground-series-s3e23,450315,https://www.kaggle.com/competitions/playground-series-s3e23/discussion/450315,png,102415,P2,inbox%2F1822542%2Fac15cda7ce916cfbe2a4b308df92b303%2FScreen%20Shot%202023-10-23%20at%207.35.25%20PM.png,
intel/playground-series-s3e24/bodies/455271_img/01.jpeg,playground-series-s3e24,455271,https://www.kaggle.com/competitions/playground-series-s3e24/discussion/455271,jpeg,11738,P1,#7 的未选提交,analysis/deep/playground-series-s3e24.md|notes/tabular/playground-series-s3e24.md
intel/playground-series-s3e25/bodies/460423_img/01.png,playground-series-s3e25,460423,https://www.kaggle.com/competitions/playground-series-s3e25/discussion/460423,png,79378,P1,排行榜 Solution 列,analysis/deep/playground-series-s3e25.md|notes/tabular/playground-series-s3e25.md
intel/playground-series-s3e26/bodies/464887_img/01.png,playground-series-s3e26,464887,https://www.kaggle.com/competitions/playground-series-s3e26/discussion/464887,png,129952,P1,2nd 的 level-0 PLE 网络,analysis/deep/playground-series-s3e26.md|notes/tabular/playground-series-s3e26.md
intel/playground-series-s3e26/bodies/464887_img/02.png,playground-series-s3e26,464887,https://www.kaggle.com/competitions/playground-series-s3e26/discussion/464887,png,74740,P2,inbox%2F420768%2F714a6644786aa1a3cf062646c213c5a0%2Fmodel_level1.png,
intel/playground-series-s3e26/bodies/464887_img/03.png,playground-series-s3e26,464887,https://www.kaggle.com/competitions/playground-series-s3e26/discussion/464887,png,89839,P1,2nd 的堆叠网络,analysis/deep/playground-series-s3e26.md|notes/tabular/playground-series-s3e26.md
intel/playground-series-s3e3/bodies/379690_img/01.png,playground-series-s3e3,379690,https://www.kaggle.com/competitions/playground-series-s3e3/discussion/379690,png,323336,P1,Hill Climbing 的 CV 增益,analysis/deep/playground-series-s3e3.md|notes/tabular/playground-series-s3e3.md
intel/playground-series-s3e3/bodies/379959_img/01.png,playground-series-s3e3,379959,https://www.kaggle.com/competitions/playground-series-s3e3/discussion/379959,png,27243,P1,apply vs 向量化,analysis/deep/playground-series-s3e3.md|notes/tabular/playground-series-s3e3.md
intel/playground-series-s3e3/bodies/380757_img/01.png,playground-series-s3e3,380757,https://www.kaggle.com/competitions/playground-series-s3e3/discussion/380757,png,38962,P1,三模型 CDF 对比,analysis/deep/playground-series-s3e3.md|notes/tabular/playground-series-s3e3.md
intel/playground-series-s3e4/bodies/380771_img/01.png,playground-series-s3e4,380771,https://www.kaggle.com/competitions/playground-series-s3e4/discussion/380771,png,107378,P1,V15/V16 的时间位移,analysis/deep/playground-series-s3e4.md|notes/tabular/playground-series-s3e4.md
intel/playground-series-s3e4/bodies/381087_img/01.png,playground-series-s3e4,381087,https://www.kaggle.com/competitions/playground-series-s3e4/discussion/381087,png,1534004,P2,inbox%2F6259210%2F09ce01ea1c3fd6f7a3e05612a79e200a%2FV20%20vs%20Amount.png,
intel/playground-series-s3e4/bodies/381087_img/02.png,playground-series-s3e4,381087,https://www.kaggle.com/competitions/playground-series-s3e4/discussion/381087,png,1321653,P1,V20/Amount 的判别力,analysis/deep/playground-series-s3e4.md|notes/tabular/playground-series-s3e4.md
intel/playground-series-s3e4/bodies/381087_img/03.png,playground-series-s3e4,381087,https://www.kaggle.com/competitions/playground-series-s3e4/discussion/381087,png,3794436,P2,inbox%2F6259210%2Fc5d63f0e58440ec62656f58cc197dee9%2FV27%20vs%2028.png,
intel/playground-series-s3e4/bodies/382443_img/01.png,playground-series-s3e4,382443,https://www.kaggle.com/competitions/playground-series-s3e4/discussion/382443,png,36093,P1,交易时间的训练/测试切分,analysis/deep/playground-series-s3e4.md|notes/tabular/playground-series-s3e4.md
intel/playground-series-s3e4/bodies/382589_img/01.png,playground-series-s3e4,382589,https://www.kaggle.com/competitions/playground-series-s3e4/discussion/382589,png,74486,P2,inbox%2F6279218%2F685f91a6f0fafc054341e32f38f8b4dc%2FBlank%20diagram.png,
intel/playground-series-s3e5/bodies/386645_img/01.png,playground-series-s3e5,386645,https://www.kaggle.com/competitions/playground-series-s3e5/discussion/386645,png,33619,P2,inbox%2F2051313%2F4fe8e492d22f01d41c07bd619de26f85%2Fplay_s3e5_density.png,
intel/playground-series-s3e5/bodies/386645_img/02.png,playground-series-s3e5,386645,https://www.kaggle.com/competitions/playground-series-s3e5/discussion/386645,png,39166,P1,Density/Alcohol 的评级分布,analysis/deep/playground-series-s3e5.md|notes/tabular/playground-series-s3e5.md
intel/playground-series-s3e5/bodies/386645_img/03.png,playground-series-s3e5,386645,https://www.kaggle.com/competitions/playground-series-s3e5/discussion/386645,png,32942,P2,inbox%2F2051313%2F6db66f6f1651908d26890380cd6eeb29%2Fplay_s3e5_approach_metrics.png,
intel/playground-series-s3e5/bodies/386645_img/04.png,playground-series-s3e5,386645,https://www.kaggle.com/competitions/playground-series-s3e5/discussion/386645,png,22382,P1,最优模型的混淆矩阵,analysis/deep/playground-series-s3e5.md|notes/tabular/playground-series-s3e5.md
intel/playground-series-s3e5/bodies/386645_img/05.png,playground-series-s3e5,386645,https://www.kaggle.com/competitions/playground-series-s3e5/discussion/386645,png,22478,P2,inbox%2F2051313%2F7198991c8bb21a80b101fc029235509f%2Fplay_s3e5_confusion_matrix_nn.png,
intel/playground-series-s3e5/bodies/386683_img/01.png,playground-series-s3e5,386683,https://www.kaggle.com/competitions/playground-series-s3e5/discussion/386683,png,26084,P2,inbox%2F443651%2F8103457fd227e88bfc2cb5bd6fd361d9%2FScreenshot%20from%202023-02-14%2009-22-20.png,
intel/playground-series-s3e7/bodies/390961_img/01.png,playground-series-s3e7,390961,https://www.kaggle.com/competitions/playground-series-s3e7/discussion/390961,png,38856,P1,0.5 泄漏提交 vs 被选提交,analysis/deep/playground-series-s3e7.md|notes/tabular/playground-series-s3e7.md
intel/playground-series-s3e7/bodies/390976_img/01.png,playground-series-s3e7,390976,https://www.kaggle.com/competitions/playground-series-s3e7/discussion/390976,png,5283,P1,原数据的对抗验证双峰,analysis/deep/playground-series-s3e7.md|notes/tabular/playground-series-s3e7.md
intel/playground-series-s3e7/bodies/390979_img/01.png,playground-series-s3e7,390979,https://www.kaggle.com/competitions/playground-series-s3e7/discussion/390979,png,42714,P2,inbox%2F2051313%2Fd0c308aac662ec46fac7ad73d503325e%2Fplay_s3e7_stack_diagram.png,
intel/playground-series-s3e7/bodies/390979_img/02.png,playground-series-s3e7,390979,https://www.kaggle.com/competitions/playground-series-s3e7/discussion/390979,png,77128,P2,inbox%2F2051313%2F39580b572ae8d9490e46fc35db6cc38b%2Fplay_s3e7_neural_network_model.png,
intel/playground-series-s3e8/bodies/389207_img/01.png,playground-series-s3e8,389207,https://www.kaggle.com/competitions/playground-series-s3e8/discussion/389207,png,98916,P2,inbox%2F10590800%2F04c051f52b51763dcc37abb6e6b34e41%2F3d-plot.png,
intel/playground-series-s3e8/bodies/392824_img/01.png,playground-series-s3e8,392824,https://www.kaggle.com/competitions/playground-series-s3e8/discussion/392824,png,134810,P2,inbox%2F8681948%2F78b34720e6a0ed5b2111b3b7a401f830%2FScreenshot%202023-03-07%20at%2004.51.17.png,
intel/playground-series-s3e8/bodies/392828_img/01.png,playground-series-s3e8,392828,https://www.kaggle.com/competitions/playground-series-s3e8/discussion/392828,png,47930,P1,FE 变体对比,analysis/deep/playground-series-s3e8.md|notes/tabular/playground-series-s3e8.md
intel/playground-series-s3e8/bodies/392860_img/01.png,playground-series-s3e8,392860,https://www.kaggle.com/competitions/playground-series-s3e8/discussion/392860,png,404048,P2,inbox%2F6259210%2F89d57375aa6343871605de2c5ecd91d6%2FTrain%20before%20fixing%20outliers%20with%20markings.png,
intel/playground-series-s3e8/bodies/392860_img/02.png,playground-series-s3e8,392860,https://www.kaggle.com/competitions/playground-series-s3e8/discussion/392860,png,359445,P2,inbox%2F6259210%2F28f1c02dea9d31a140da1fdb7e6dfee5%2FOrigin%20with%20boxes.png,
intel/playground-series-s3e8/bodies/392860_img/03.png,playground-series-s3e8,392860,https://www.kaggle.com/competitions/playground-series-s3e8/discussion/392860,png,356291,P1,修离群后的训练分布,analysis/deep/playground-series-s3e8.md|notes/tabular/playground-series-s3e8.md
intel/playground-series-s3e8/bodies/392860_img/04.png,playground-series-s3e8,392860,https://www.kaggle.com/competitions/playground-series-s3e8/discussion/392860,png,274010,P2,inbox%2F6259210%2Ffe79e85ae6e22d3dd92e975ed9f4edc8%2FTest%20preds.png,
intel/playground-series-s3e9/bodies/391013_img/01.jpg,playground-series-s3e9,391013,https://www.kaggle.com/competitions/playground-series-s3e9/discussion/391013,jpg,16658,P2,inbox%2F3012786%2F94e5ee8f464405d42ffc85ba882d1063%2Fmayur%20-%20Copia.jpg,
intel/playground-series-s3e9/bodies/391644_img/01.png,playground-series-s3e9,391644,https://www.kaggle.com/competitions/playground-series-s3e9/discussion/391644,png,21428,P1,多样性 CV 对比,analysis/deep/playground-series-s3e9.md|notes/tabular/playground-series-s3e9.md
intel/playground-series-s3e9/bodies/394592_img/01.png,playground-series-s3e9,394592,https://www.kaggle.com/competitions/playground-series-s3e9/discussion/394592,png,24517,P1,1st 最终模型对比,analysis/deep/playground-series-s3e9.md|notes/tabular/playground-series-s3e9.md
intel/playground-series-s4e1/bodies/472636_img/01.png,playground-series-s4e1,472636,https://www.kaggle.com/competitions/playground-series-s4e1/discussion/472636,png,288117,P1,AutoGluon 三层栈示意,analysis/deep/playground-series-s4e1.md|notes/tabular/playground-series-s4e1.md
intel/playground-series-s4e10/bodies/543735_img/01.png,playground-series-s4e10,543735,https://www.kaggle.com/competitions/playground-series-s4e10/discussion/543735,png,55207,P1,10th 的 OOF AUC 箱线图,analysis/deep/playground-series-s4e10.md|notes/tabular/playground-series-s4e10.md
intel/playground-series-s4e10/bodies/543766_img/01.png,playground-series-s4e10,543766,https://www.kaggle.com/competitions/playground-series-s4e10/discussion/543766,png,26910,P2,inbox%2F8688089%2F88dd9ed1159ff96f4879ed0b5031b0d6%2FUntitled.png,
intel/playground-series-s4e10/bodies/543766_img/02.png,playground-series-s4e10,543766,https://www.kaggle.com/competitions/playground-series-s4e10/discussion/543766,png,89605,P2,inbox%2F8688089%2Fbcb564c169a24acc73919a44674f85e1%2FUntitled2.png,
intel/playground-series-s4e10/bodies/543766_img/03.png,playground-series-s4e10,543766,https://www.kaggle.com/competitions/playground-series-s4e10/discussion/543766,png,47479,P2,inbox%2F8688089%2F324d4cb23ddbf29e9aea1e13971ac3d2%2Fnewplot.png,
intel/playground-series-s4e10/bodies/543772_img/01.png,playground-series-s4e10,543772,https://www.kaggle.com/competitions/playground-series-s4e10/discussion/543772,png,260530,P1,8th 的模型 CV 对比,analysis/deep/playground-series-s4e10.md|notes/tabular/playground-series-s4e10.md
intel/playground-series-s4e11/bodies/543929_img/01.png,playground-series-s4e11,543929,https://www.kaggle.com/competitions/playground-series-s4e11/discussion/543929,png,224598,P2,inbox%2F8273630%2F4eadc7bbd1a079b99279c387a6fa4ac3%2FJun2024.png,
intel/playground-series-s4e11/bodies/543929_img/02.png,playground-series-s4e11,543929,https://www.kaggle.com/competitions/playground-series-s4e11/discussion/543929,png,60852,P1,硬标签指标下的公榜稳定性,analysis/deep/playground-series-s4e11.md|notes/tabular/playground-series-s4e11.md
intel/playground-series-s4e11/bodies/543929_img/03.png,playground-series-s4e11,543929,https://www.kaggle.com/competitions/playground-series-s4e11/discussion/543929,png,208310,P2,inbox%2F8273630%2F9e07aad9f580dcae4387d5adef4589b8%2FFeb2024.png,
intel/playground-series-s4e11/bodies/543929_img/04.png,playground-series-s4e11,543929,https://www.kaggle.com/competitions/playground-series-s4e11/discussion/543929,png,33665,P2,inbox%2F8273630%2Fc2952ba6d54aed081c108977a6678f07%2FLB%20Stability1.png,
intel/playground-series-s4e11/bodies/549147_img/01.png,playground-series-s4e11,549147,https://www.kaggle.com/competitions/playground-series-s4e11/discussion/549147,png,83350,P2,inbox%2F485314%2F2179e3667dbb883cd24178cff2652133%2F__results___6_0%20(1).png,
intel/playground-series-s4e11/bodies/549147_img/02.png,playground-series-s4e11,549147,https://www.kaggle.com/competitions/playground-series-s4e11/discussion/549147,png,872051,P2,inbox%2F485314%2F6a5dfabbc8c2fa362ffc09b4939383b5%2F__results___9_0%20(1).png,
intel/playground-series-s4e11/bodies/549160_img/01.png,playground-series-s4e11,549160,https://www.kaggle.com/competitions/playground-series-s4e11/discussion/549160,png,96776,P2,inbox%2F16179447%2Fe92e31577c3fac5fa7b23c4c323f6f30%2Fmodel_comparison.png,
intel/playground-series-s4e12/bodies/552165_img/01.png,playground-series-s4e12,552165,https://www.kaggle.com/competitions/playground-series-s4e12/discussion/552165,png,191088,P1,Annual Income 的 NaN 与平均保费,analysis/deep/playground-series-s4e12.md|notes/tabular/playground-series-s4e12.md
intel/playground-series-s4e12/bodies/552165_img/02.png,playground-series-s4e12,552165,https://www.kaggle.com/competitions/playground-series-s4e12/discussion/552165,png,143909,P2,nan2.png,
intel/playground-series-s4e12/bodies/552165_img/03.png,playground-series-s4e12,552165,https://www.kaggle.com/competitions/playground-series-s4e12/discussion/552165,png,170793,P2,nan3.png,
intel/playground-series-s4e12/bodies/552165_img/04.png,playground-series-s4e12,552165,https://www.kaggle.com/competitions/playground-series-s4e12/discussion/552165,png,188872,P2,nan4.png,
intel/playground-series-s4e12/bodies/552165_img/06.png,playground-series-s4e12,552165,https://www.kaggle.com/competitions/playground-series-s4e12/discussion/552165,png,173308,P2,nan5.png,
intel/playground-series-s4e12/bodies/552165_img/07.png,playground-series-s4e12,552165,https://www.kaggle.com/competitions/playground-series-s4e12/discussion/552165,png,155395,P2,nan6.png,
intel/playground-series-s4e12/bodies/552165_img/08.png,playground-series-s4e12,552165,https://www.kaggle.com/competitions/playground-series-s4e12/discussion/552165,png,154746,P2,nan7.png,
intel/playground-series-s4e5/bodies/499274_img/01.png,playground-series-s4e5,499274,https://www.kaggle.com/competitions/playground-series-s4e5/discussion/499274,png,23595,P1,洪水概率 vs 行内特征和,analysis/deep/playground-series-s4e5.md|notes/tabular/playground-series-s4e5.md
intel/playground-series-s4e5/bodies/500549_img/01.png,playground-series-s4e5,500549,https://www.kaggle.com/competitions/playground-series-s4e5/discussion/500549,png,376279,P2,inbox%2F4712534%2Fce421748dbae6a3fca99e331cbed7db9%2FScreenshot%202024-05-05%20at%2011.34.25PM.png,
intel/playground-series-s4e5/bodies/500549_img/02.png,playground-series-s4e5,500549,https://www.kaggle.com/competitions/playground-series-s4e5/discussion/500549,png,928358,P2,inbox%2F4712534%2Fc785ab706baf3339fff192dac03911d5%2FScreenshot%202024-05-06%20at%2010.03.34AM.png,
intel/playground-series-s4e5/bodies/500549_img/03.png,playground-series-s4e5,500549,https://www.kaggle.com/competitions/playground-series-s4e5/discussion/500549,png,245662,P2,inbox%2F4712534%2F106e23f3718c7a67e178709e3b712780%2FScreenshot%202024-05-06%20at%2010.24.26AM.png,
intel/playground-series-s4e5/bodies/500549_img/04.png,playground-series-s4e5,500549,https://www.kaggle.com/competitions/playground-series-s4e5/discussion/500549,png,166640,P2,inbox%2F4712534%2Fca5b92b51db1efe062d4576130f87f43%2FScreenshot%202024-05-06%20at%2010.36.11AM.png,
intel/playground-series-s4e5/bodies/500549_img/05.png,playground-series-s4e5,500549,https://www.kaggle.com/competitions/playground-series-s4e5/discussion/500549,png,160542,P2,inbox%2F4712534%2F7f967e89f0c64c7a1762aabc2b5d2038%2FScreenshot%202024-05-06%20at%2010.37.55AM.png,
intel/playground-series-s4e6/bodies/509073_img/01.png,playground-series-s4e6,509073,https://www.kaggle.com/competitions/playground-series-s4e6/discussion/509073,png,105799,P1,浅层决策树给出的主规则,analysis/deep/playground-series-s4e6.md|notes/tabular/playground-series-s4e6.md
intel/playground-series-s4e6/bodies/512220_img/01.png,playground-series-s4e6,512220,https://www.kaggle.com/competitions/playground-series-s4e6/discussion/512220,png,414133,P2,LGB-vs-Cat-Boost-confidence.png,
intel/playground-series-s4e6/bodies/512220_img/02.png,playground-series-s4e6,512220,https://www.kaggle.com/competitions/playground-series-s4e6/discussion/512220,png,341297,P2,LGB-vs-Auto-Gluon-confidence.png,
intel/playground-series-s4e6/bodies/512220_img/03.png,playground-series-s4e6,512220,https://www.kaggle.com/competitions/playground-series-s4e6/discussion/512220,png,1107748,P2,LGB-vs-SVC-confidence.png,
intel/playground-series-s4e6/bodies/512220_img/04.png,playground-series-s4e6,512220,https://www.kaggle.com/competitions/playground-series-s4e6/discussion/512220,png,1076637,P2,LGB-vs-SVC-complex-confidence.png,
intel/playground-series-s4e7/bodies/516860_img/01.png,playground-series-s4e7,516860,https://www.kaggle.com/competitions/playground-series-s4e7/discussion/516860,png,245782,P2,inbox%2F19099%2Fc66d266cf61d2c8187a37e696241c544%2Ffull_schema.png,
intel/playground-series-s4e7/bodies/516860_img/02.png,playground-series-s4e7,516860,https://www.kaggle.com/competitions/playground-series-s4e7/discussion/516860,png,492172,P1,3rd 的两种特征重要性,analysis/deep/playground-series-s4e7.md
intel/playground-series-s4e7/bodies/523404_img/01.png,playground-series-s4e7,523404,https://www.kaggle.com/competitions/playground-series-s4e7/discussion/523404,png,230159,P1,Cross Sellers 的三段堆叠,analysis/deep/playground-series-s4e7.md|notes/tabular/playground-series-s4e7.md
intel/playground-series-s4e8/bodies/523474_img/01.png,playground-series-s4e8,523474,https://www.kaggle.com/competitions/playground-series-s4e8/discussion/523474,png,9720,P2,inbox%2F10590800%2F71642ded3e628f011461a158b1543c27%2FScreenshot%202024-08-01%20020001.png,
intel/playground-series-s4e8/bodies/523474_img/02.png,playground-series-s4e8,523474,https://www.kaggle.com/competitions/playground-series-s4e8/discussion/523474,png,44800,P2,inbox%2F10590800%2Fab0b46af23bbab79436b37de153595ae%2FScreenshot%202024-08-01%20015805.png,
intel/playground-series-s4e8/bodies/523656_img/01.jpg,playground-series-s4e8,523656,https://www.kaggle.com/competitions/playground-series-s4e8/discussion/523656,jpg,558327,P1,AGP 1st 总览,analysis/deep/playground-series-s4e8.md|notes/tabular/playground-series-s4e8.md
intel/playground-series-s4e8/bodies/524709_img/01.png,playground-series-s4e8,524709,https://www.kaggle.com/competitions/playground-series-s4e8/discussion/524709,png,705910,P2,inbox%2F4712534%2Fd02467647882487bf968cec362547092%2FScreenshot%202024-08-08%20at%202.02.43AM.png,
intel/playground-series-s4e8/bodies/524709_img/02.png,playground-series-s4e8,524709,https://www.kaggle.com/competitions/playground-series-s4e8/discussion/524709,png,200604,P2,inbox%2F4712534%2Fb9c0d0e91baace01226e5bcd291bfb0f%2FScreenshot%202024-08-08%20at%202.15.22AM.png,
intel/playground-series-s4e8/bodies/531343_img/01.png,playground-series-s4e8,531343,https://www.kaggle.com/competitions/playground-series-s4e8/discussion/531343,png,185094,P2,inbox%2F1842206%2Ff7e01667090a4a9d1358d80975837616%2F4thplace1.png,
intel/playground-series-s4e8/bodies/531343_img/02.png,playground-series-s4e8,531343,https://www.kaggle.com/competitions/playground-series-s4e8/discussion/531343,png,297925,P2,inbox%2F1842206%2F6dda02ae61b0ad16563a76a8cfaf90a5%2Ftraining.png,
intel/playground-series-s4e8/bodies/531343_img/03.png,playground-series-s4e8,531343,https://www.kaggle.com/competitions/playground-series-s4e8/discussion/531343,png,236812,P2,inbox%2F1842206%2F18721ee501d9d865813dbb61d4d399fb%2Fjokelang.png,
intel/playground-series-s4e9/bodies/531884_img/01.png,playground-series-s4e9,531884,https://www.kaggle.com/competitions/playground-series-s4e9/discussion/531884,png,358872,P2,inbox%2F597945%2Fec16e57f8d54df381cbc2ca8fcecb9d1%2FFinal_solution2.png,
intel/playground-series-s4e9/bodies/533961_img/01.png,playground-series-s4e9,533961,https://www.kaggle.com/competitions/playground-series-s4e9/discussion/533961,png,249871,P2,lasso_FI.png,
intel/playground-series-s4e9/bodies/533961_img/02.png,playground-series-s4e9,533961,https://www.kaggle.com/competitions/playground-series-s4e9/discussion/533961,png,201405,P1,无泄漏 TE 嵌套折,analysis/deep/playground-series-s4e9.md|notes/tabular/playground-series-s4e9.md
intel/playground-series-s4e9/bodies/537052_img/01.png,playground-series-s4e9,537052,https://www.kaggle.com/competitions/playground-series-s4e9/discussion/537052,png,26369,P2,inbox%2F14073668%2F2beee1d32de39748f1ad69cae183d39f%2FEnsemble_weights_final.png,
intel/playground-series-s4e9/bodies/537052_img/02.png,playground-series-s4e9,537052,https://www.kaggle.com/competitions/playground-series-s4e9/discussion/537052,png,28624,P2,inbox%2F14073668%2F7e4d7c1ba7e42a17a45adf8f8d26911d%2Fensemble_scores.png,
intel/playground-series-s4e9/bodies/537052_img/03.png,playground-series-s4e9,537052,https://www.kaggle.com/competitions/playground-series-s4e9/discussion/537052,png,26705,P1,#1 的 CV vs 私榜散点,analysis/deep/playground-series-s4e9.md|notes/tabular/playground-series-s4e9.md
intel/playground-series-s5e1/bodies/559314_img/01.png,playground-series-s5e1,559314,https://www.kaggle.com/competitions/playground-series-s5e1/discussion/559314,png,148492,P2,blocks.png,
intel/playground-series-s5e1/bodies/559314_img/02.png,playground-series-s5e1,559314,https://www.kaggle.com/competitions/playground-series-s5e1/discussion/559314,png,158366,P2,model.png,
intel/playground-series-s5e1/bodies/559314_img/03.png,playground-series-s5e1,559314,https://www.kaggle.com/competitions/playground-series-s5e1/discussion/559314,png,251335,P2,pp0.png,
intel/playground-series-s5e1/bodies/559314_img/04.png,playground-series-s5e1,559314,https://www.kaggle.com/competitions/playground-series-s5e1/discussion/559314,png,243905,P2,pp1.png,
intel/playground-series-s5e1/bodies/559314_img/05.png,playground-series-s5e1,559314,https://www.kaggle.com/competitions/playground-series-s5e1/discussion/559314,png,291159,P2,pp2.png,
intel/playground-series-s5e1/bodies/559314_img/06.png,playground-series-s5e1,559314,https://www.kaggle.com/competitions/playground-series-s5e1/discussion/559314,png,295351,P2,pp3.png,
intel/playground-series-s5e1/bodies/559314_img/07.png,playground-series-s5e1,559314,https://www.kaggle.com/competitions/playground-series-s5e1/discussion/559314,png,304829,P2,pp4.png,
intel/playground-series-s5e1/bodies/560535_img/01.png,playground-series-s5e1,560535,https://www.kaggle.com/competitions/playground-series-s5e1/discussion/560535,png,47259,P2,inbox%2F4308868%2F04bdd76209c6db4a5d94e6679101c685%2Fpgs501.png,
intel/playground-series-s5e1/bodies/560535_img/02.png,playground-series-s5e1,560535,https://www.kaggle.com/competitions/playground-series-s5e1/discussion/560535,png,50633,P2,inbox%2F4308868%2Ff7879d903dd374ca8e03e9e9ae4bb1c7%2Fcv.png,
intel/playground-series-s5e1/bodies/560549_img/01.png,playground-series-s5e1,560549,https://www.kaggle.com/competitions/playground-series-s5e1/discussion/560549,png,353033,P2,future.png,
intel/playground-series-s5e1/bodies/560549_img/02.png,playground-series-s5e1,560549,https://www.kaggle.com/competitions/playground-series-s5e1/discussion/560549,png,574347,P2,singapore.png,
intel/playground-series-s5e1/bodies/560554_img/01.png,playground-series-s5e1,560554,https://www.kaggle.com/competitions/playground-series-s5e1/discussion/560554,png,562177,P1,三国 2019 年的假日权重曲线,analysis/deep/playground-series-s5e1.md|notes/tabular/playground-series-s5e1.md
intel/playground-series-s5e1/bodies/560554_img/02.png,playground-series-s5e1,560554,https://www.kaggle.com/competitions/playground-series-s5e1/discussion/560554,png,549413,P2,inbox%2F4687599%2F4a3c3a42b5b76068f77d44374ded1aec%2Fholiday_factor_2.png,
intel/playground-series-s5e10/bodies/614086_img/01.png,playground-series-s5e10,614086,https://www.kaggle.com/competitions/playground-series-s5e10/discussion/614086,png,131055,P1,1st 的集成流程图,analysis/deep/playground-series-s5e10.md|notes/tabular/playground-series-s5e10.md
intel/playground-series-s5e10/bodies/614086_img/02.png,playground-series-s5e10,614086,https://www.kaggle.com/competitions/playground-series-s5e10/discussion/614086,png,86055,P2,feature-importance-Lasso-01-v1.png,
intel/playground-series-s5e10/bodies/614089_img/01.png,playground-series-s5e10,614089,https://www.kaggle.com/competitions/playground-series-s5e10/discussion/614089,png,126006,P2,inbox%2F25382335%2Fce4ff57846e35558d7b1831029b6503f%2FScreenshot%202025-11-01%20044116.png,
intel/playground-series-s5e12/bodies/651787_img/01.png,playground-series-s5e12,651787,https://www.kaggle.com/competitions/playground-series-s5e12/discussion/651787,png,64579,P1,CatB vs XGB CDF,analysis/deep/playground-series-s5e12.md|notes/tabular/playground-series-s5e12.md
intel/playground-series-s5e12/bodies/651787_img/02.png,playground-series-s5e12,651787,https://www.kaggle.com/competitions/playground-series-s5e12/discussion/651787,png,70464,P1,XGB vs RealMLP CDF,analysis/deep/playground-series-s5e12.md|notes/tabular/playground-series-s5e12.md
intel/playground-series-s5e12/bodies/652262_img/01.png,playground-series-s5e12,652262,https://www.kaggle.com/competitions/playground-series-s5e12/discussion/652262,png,64579,P2,distributions-Cat-B-XGB.png,
intel/playground-series-s5e12/bodies/652262_img/02.png,playground-series-s5e12,652262,https://www.kaggle.com/competitions/playground-series-s5e12/discussion/652262,png,315122,P2,distributions-diagnosed-diabetes-select.png,
intel/playground-series-s5e12/bodies/652262_img/03.png,playground-series-s5e12,652262,https://www.kaggle.com/competitions/playground-series-s5e12/discussion/652262,png,276751,P2,distributions-diagnosed-diabetes-original.png,
intel/playground-series-s5e12/bodies/665432_img/01.png,playground-series-s5e12,665432,https://www.kaggle.com/competitions/playground-series-s5e12/discussion/665432,png,23275,P2,inbox%2F24671952%2F6de3ca33735d00418f6ee293907cb88b%2FScreenshot%202026-01-01%20141651.png,
intel/playground-series-s5e2/bodies/565539_img/01.png,playground-series-s5e2,565539,https://www.kaggle.com/competitions/playground-series-s5e2/discussion/565539,png,191495,P1,直方图分桶聚合特征,analysis/deep/playground-series-s5e2.md|notes/tabular/playground-series-s5e2.md
intel/playground-series-s5e3/bodies/571133_img/01.png,playground-series-s5e3,571133,https://www.kaggle.com/competitions/playground-series-s5e3/discussion/571133,png,112195,P1,温度的长期趋势,analysis/deep/playground-series-s5e3.md|notes/tabular/playground-series-s5e3.md
intel/playground-series-s5e3/bodies/571133_img/02.png,playground-series-s5e3,571133,https://www.kaggle.com/competitions/playground-series-s5e3/discussion/571133,png,8514,P1,各年降雨比例,analysis/deep/playground-series-s5e3.md|notes/tabular/playground-series-s5e3.md
intel/playground-series-s5e3/bodies/571133_img/03.png,playground-series-s5e3,571133,https://www.kaggle.com/competitions/playground-series-s5e3/discussion/571133,png,41660,P1,月度降雨分布对比,analysis/deep/playground-series-s5e3.md|notes/tabular/playground-series-s5e3.md
intel/playground-series-s5e4/bodies/571549_img/01.png,playground-series-s5e4,571549,https://www.kaggle.com/competitions/playground-series-s5e4/discussion/571549,png,526221,P1,数值特征与目标的关系,analysis/deep/playground-series-s5e4.md|notes/tabular/playground-series-s5e4.md
intel/playground-series-s5e4/bodies/571549_img/02.png,playground-series-s5e4,571549,https://www.kaggle.com/competitions/playground-series-s5e4/discussion/571549,png,475421,P2,nums.png,
intel/playground-series-s5e4/bodies/575783_img/01.png,playground-series-s5e4,575783,https://www.kaggle.com/competitions/playground-series-s5e4/discussion/575783,png,138720,P1,小数位泄漏,analysis/deep/playground-series-s5e4.md|notes/tabular/playground-series-s5e4.md
intel/playground-series-s5e4/bodies/575783_img/02.png,playground-series-s5e4,575783,https://www.kaggle.com/competitions/playground-series-s5e4/discussion/575783,png,112279,P2,inbox%2F6426215%2F81b279abcbbc18e0786969f484ece9b8%2Fdataleak2.png,
intel/playground-series-s5e4/bodies/575783_img/03.png,playground-series-s5e4,575783,https://www.kaggle.com/competitions/playground-series-s5e4/discussion/575783,png,194308,P2,inbox%2F6426215%2Fa101d890a9163d6a699bef5e747f1929%2Fdataleak3.png,
intel/playground-series-s5e4/bodies/575783_img/04.png,playground-series-s5e4,575783,https://www.kaggle.com/competitions/playground-series-s5e4/discussion/575783,png,148218,P1,特征组合的 RMSE–覆盖率搜索,analysis/deep/playground-series-s5e4.md|notes/tabular/playground-series-s5e4.md
intel/playground-series-s5e4/bodies/575783_img/05.png,playground-series-s5e4,575783,https://www.kaggle.com/competitions/playground-series-s5e4/discussion/575783,png,416798,P2,inbox%2F6426215%2Ff381982423ed2b34bfbe38d8fc8795ca%2Fmanage0.png,
intel/playground-series-s5e4/bodies/575783_img/06.png,playground-series-s5e4,575783,https://www.kaggle.com/competitions/playground-series-s5e4/discussion/575783,png,426122,P2,inbox%2F6426215%2Fffa0caf72ab06620c15a2fac723e762f%2Fmanage1.png,
intel/playground-series-s5e4/bodies/575784_img/01.png,playground-series-s5e4,575784,https://www.kaggle.com/competitions/playground-series-s5e4/discussion/575784,png,527069,P2,approaches.png,
intel/playground-series-s5e4/bodies/575784_img/02.png,playground-series-s5e4,575784,https://www.kaggle.com/competitions/playground-series-s5e4/discussion/575784,png,131297,P1,1st 的三级栈结构,analysis/deep/playground-series-s5e4.md|notes/tabular/playground-series-s5e4.md
intel/playground-series-s5e5/bodies/576111_img/01.png,playground-series-s5e5,576111,https://www.kaggle.com/competitions/playground-series-s5e5/discussion/576111,png,55634,P2,rmsle2.png,
intel/playground-series-s5e5/bodies/582518_img/01.png,playground-series-s5e5,582518,https://www.kaggle.com/competitions/playground-series-s5e5/discussion/582518,png,26010,P2,inbox%2F8688089%2F4a56b3a9959ea4846ca0457877c01bd0%2F2.png,
intel/playground-series-s5e5/bodies/582518_img/02.png,playground-series-s5e5,582518,https://www.kaggle.com/competitions/playground-series-s5e5/discussion/582518,png,14425,P2,inbox%2F8688089%2F4e95d31b63af589e1adec3aeee4cbf91%2F3.png,
intel/playground-series-s5e5/bodies/582518_img/03.png,playground-series-s5e5,582518,https://www.kaggle.com/competitions/playground-series-s5e5/discussion/582518,png,50841,P1,6th 的 Hill Climbing 迭代日志,analysis/deep/playground-series-s5e5.md|notes/tabular/playground-series-s5e5.md
intel/playground-series-s5e5/bodies/582518_img/04.png,playground-series-s5e5,582518,https://www.kaggle.com/competitions/playground-series-s5e5/discussion/582518,png,59258,P2,inbox%2F8688089%2F011df1dc1d8a5c3f3cbc185277979b36%2F5.png,
intel/playground-series-s5e5/bodies/582518_img/05.png,playground-series-s5e5,582518,https://www.kaggle.com/competitions/playground-series-s5e5/discussion/582518,png,55874,P2,inbox%2F8688089%2F9888b42d704f29e5f5889762b025a4e0%2F6.png,
intel/playground-series-s5e5/bodies/582518_img/06.png,playground-series-s5e5,582518,https://www.kaggle.com/competitions/playground-series-s5e5/discussion/582518,png,19594,P2,inbox%2F8688089%2Fde906c31c71a992157c1ff7dab497997%2F7.png,
intel/playground-series-s5e6/bodies/587393_img/01.png,playground-series-s5e6,587393,https://www.kaggle.com/competitions/playground-series-s5e6/discussion/587393,png,176110,P2,benefit.png,
intel/playground-series-s5e6/bodies/587398_img/01.png,playground-series-s5e6,587398,https://www.kaggle.com/competitions/playground-series-s5e6/discussion/587398,png,116962,P1,2nd 的三层集成结构,analysis/deep/playground-series-s5e6.md|notes/tabular/playground-series-s5e6.md
intel/playground-series-s5e6/bodies/587398_img/02.png,playground-series-s5e6,587398,https://www.kaggle.com/competitions/playground-series-s5e6/discussion/587398,png,178643,P2,inbox%2F11017380%2F74d90e35f480d7fcd433012222c4dd58%2FS5E6solution.drawio%20(3).png,
intel/playground-series-s5e6/bodies/587464_img/01.png,playground-series-s5e6,587464,https://www.kaggle.com/competitions/playground-series-s5e6/discussion/587464,png,22287,P2,inbox%2F23060793%2Fa29a047a237ba9daa279be025bb6a781%2FScreenshot%202025-07-01%20162954.png,
intel/playground-series-s5e7/bodies/587445_img/01.gif,playground-series-s5e7,587445,https://www.kaggle.com/competitions/playground-series-s5e7/discussion/587445,gif,4540337,P2,t-SNE-keras-training-01.gif [GIF],
intel/playground-series-s5e7/bodies/587445_img/02.png,playground-series-s5e7,587445,https://www.kaggle.com/competitions/playground-series-s5e7/discussion/587445,png,339189,P1,Keras 倒数第二层 t-SNE,analysis/deep/playground-series-s5e7.md|notes/tabular/playground-series-s5e7.md
intel/playground-series-s5e7/bodies/587827_img/01.png,playground-series-s5e7,587827,https://www.kaggle.com/competitions/playground-series-s5e7/discussion/587827,png,505495,P1,七个特征的两类密度分布,analysis/deep/playground-series-s5e7.md|notes/tabular/playground-series-s5e7.md
intel/playground-series-s5e9/bodies/603307_img/01.png,playground-series-s5e9,603307,https://www.kaggle.com/competitions/playground-series-s5e9/discussion/603307,png,94052,P1,BPM 在 DJ 场景中的用途表,analysis/deep/playground-series-s5e9.md
intel/playground-series-s5e9/bodies/604028_img/01.png,playground-series-s5e9,604028,https://www.kaggle.com/competitions/playground-series-s5e9/discussion/604028,png,34352,P2,s4e9.png,
intel/playground-series-s5e9/bodies/604028_img/02.png,playground-series-s5e9,604028,https://www.kaggle.com/competitions/playground-series-s5e9/discussion/604028,png,33446,P2,s4e12.png,
intel/playground-series-s5e9/bodies/604028_img/03.png,playground-series-s5e9,604028,https://www.kaggle.com/competitions/playground-series-s5e9/discussion/604028,png,35565,P2,s5e2.png,
intel/playground-series-s5e9/bodies/604028_img/04.png,playground-series-s5e9,604028,https://www.kaggle.com/competitions/playground-series-s5e9/discussion/604028,png,33456,P2,s5e4.png,
intel/playground-series-s5e9/bodies/604028_img/05.png,playground-series-s5e9,604028,https://www.kaggle.com/competitions/playground-series-s5e9/discussion/604028,png,33176,P2,s5e5.png,
intel/playground-series-s5e9/bodies/604028_img/06.png,playground-series-s5e9,604028,https://www.kaggle.com/competitions/playground-series-s5e9/discussion/604028,png,34284,P1,S5E9 随机目标 z 检验,analysis/deep/playground-series-s5e9.md|notes/tabular/playground-series-s5e9.md
intel/playground-series-s5e9/bodies/609999_img/01.png,playground-series-s5e9,609999,https://www.kaggle.com/competitions/playground-series-s5e9/discussion/609999,png,24847,P1,未选用提交分数,analysis/deep/playground-series-s5e9.md|notes/tabular/playground-series-s5e9.md
intel/playground-series-s6e1/bodies/665965_img/01.png,playground-series-s6e1,665965,https://www.kaggle.com/competitions/playground-series-s6e1/discussion/665965,png,504598,P1,各特征与平均成绩的关系,analysis/deep/playground-series-s6e1.md|notes/tabular/playground-series-s6e1.md
intel/playground-series-s6e1/bodies/671328_img/01.png,playground-series-s6e1,671328,https://www.kaggle.com/competitions/playground-series-s6e1/discussion/671328,png,44488,P2,inbox%2F1492201%2Fa140e32ed51d2cbe01d04e9d57eb1fbe%2Ftrain_filter.png,
intel/playground-series-s6e1/bodies/671328_img/02.png,playground-series-s6e1,671328,https://www.kaggle.com/competitions/playground-series-s6e1/discussion/671328,png,38294,P2,inbox%2F1492201%2F6ad2f9eeec9205fa38f78791a5f88769%2FScreenshot_2026-02-01_10-00-18.png,
intel/playground-series-s6e1/bodies/671328_img/03.png,playground-series-s6e1,671328,https://www.kaggle.com/competitions/playground-series-s6e1/discussion/671328,png,166983,P2,inbox%2F1492201%2F84afbc942d7515b812605d4c5048fc17%2Fensemble.png,
intel/playground-series-s6e2/bodies/679367_img/01.png,playground-series-s6e2,679367,https://www.kaggle.com/competitions/playground-series-s6e2/discussion/679367,png,115500,P2,stack.png,
intel/playground-series-s6e2/bodies/679376_img/01.png,playground-series-s6e2,679376,https://www.kaggle.com/competitions/playground-series-s6e2/discussion/679376,png,70596,P1,1st 的选择-融合流程,analysis/deep/playground-series-s6e2.md|notes/tabular/playground-series-s6e2.md
intel/playground-series-s6e2/bodies/679376_img/02.png,playground-series-s6e2,679376,https://www.kaggle.com/competitions/playground-series-s6e2/discussion/679376,png,106195,P1,1st 的多表示特征管线,analysis/deep/playground-series-s6e2.md|notes/tabular/playground-series-s6e2.md
intel/playground-series-s6e2/bodies/679389_img/01.png,playground-series-s6e2,679389,https://www.kaggle.com/competitions/playground-series-s6e2/discussion/679389,png,116089,P1,Public vs Private 位置散点,analysis/deep/playground-series-s6e2.md|notes/tabular/playground-series-s6e2.md
intel/playground-series-s6e3/bodies/680290_img/01.png,playground-series-s6e3,680290,https://www.kaggle.com/competitions/playground-series-s6e3/discussion/680290,png,146093,P2,depth.png,
intel/playground-series-s6e3/bodies/686686_img/01.png,playground-series-s6e3,686686,https://www.kaggle.com/competitions/playground-series-s6e3/discussion/686686,png,264914,P1,1st 的四层堆叠结构,analysis/deep/playground-series-s6e3.md|notes/tabular/playground-series-s6e3.md
intel/playground-series-s6e3/bodies/686834_img/01.png,playground-series-s6e3,686834,https://www.kaggle.com/competitions/playground-series-s6e3/discussion/686834,png,33001,P2,inbox%2F1492201%2F101f627286e8c4b52f9610d031eec031%2Fmodels.png,
intel/playground-series-s6e3/bodies/686834_img/02.png,playground-series-s6e3,686834,https://www.kaggle.com/competitions/playground-series-s6e3/discussion/686834,png,218124,P2,inbox%2F1492201%2Fd8921e82cbbfbc10be8ef6a111d26bac%2Fensemble.png,
intel/playground-series-s6e4/bodies/696016_img/01.png,playground-series-s6e4,696016,https://www.kaggle.com/competitions/playground-series-s6e4/discussion/696016,png,79433,P2,inbox%2F17429833%2F7d78246291326b4142b78da37b616325%2FScreenshot%202026-05-01%20061355.png,
intel/playground-series-s6e4/bodies/696016_img/02.png,playground-series-s6e4,696016,https://www.kaggle.com/competitions/playground-series-s6e4/discussion/696016,png,28327,P2,inbox%2F17429833%2F16e27d5a75cfb2d97915f0fc97a24966%2FScreenshot%202026-05-01%20065357.png,
intel/playground-series-s6e4/bodies/696016_img/03.png,playground-series-s6e4,696016,https://www.kaggle.com/competitions/playground-series-s6e4/discussion/696016,png,88852,P2,inbox%2F17429833%2F9ccc786a9b0fe2a12f30a322dffab061%2FScreenshot%202026-05-01%20073707.png,
intel/playground-series-s6e4/bodies/696169_img/01.png,playground-series-s6e4,696169,https://www.kaggle.com/competitions/playground-series-s6e4/discussion/696169,png,250289,P1,CV 与私榜相关性,analysis/deep/playground-series-s6e4.md|notes/tabular/playground-series-s6e4.md
intel/playground-series-s6e4/bodies/696169_img/02.png,playground-series-s6e4,696169,https://www.kaggle.com/competitions/playground-series-s6e4/discussion/696169,png,242303,P1,CV 与公榜相关性,analysis/deep/playground-series-s6e4.md|notes/tabular/playground-series-s6e4.md
intel/playground-series-s6e5/bodies/698434_img/01.png,playground-series-s6e5,698434,https://www.kaggle.com/competitions/playground-series-s6e5/discussion/698434,png,424894,P1,各赛道 PitNextLap 目标率,analysis/deep/playground-series-s6e5.md|notes/tabular/playground-series-s6e5.md
intel/playground-series-s6e5/bodies/703615_img/01.png,playground-series-s6e5,703615,https://www.kaggle.com/competitions/playground-series-s6e5/discussion/703615,png,94668,P1,Agent 迭代循环,analysis/deep/playground-series-s6e5.md|notes/tabular/playground-series-s6e5.md
intel/playground-series-s6e7/bodies/717222_img/01.PNG,playground-series-s6e7,717222,https://www.kaggle.com/competitions/playground-series-s6e7/discussion/717222,png,23359,P2,inbox%2F1048539%2F9cf06fe398d6a4534e1796d642a946cb%2FCapture.PNG,
intel/playground-series-s6e7/bodies/731729_img/01.png,playground-series-s6e7,731729,https://www.kaggle.com/competitions/playground-series-s6e7/discussion/731729,png,205739,P1,Rank11 的 stacker 剪枝轨迹,analysis/deep/playground-series-s6e7.md|notes/tabular/playground-series-s6e7.md
intel/playground-series-s6e7/bodies/731729_img/02.png,playground-series-s6e7,731729,https://www.kaggle.com/competitions/playground-series-s6e7/discussion/731729,png,262774,P2,inbox%2F6147393%2Fa36229a22690a2c721bd3d0cb8339c84%2Fprune_mlp.png,
intel/playground-series-s6e7/bodies/731729_img/03.png,playground-series-s6e7,731729,https://www.kaggle.com/competitions/playground-series-s6e7/discussion/731729,png,245110,P2,inbox%2F6147393%2F344bb61dd6aba9d8e6b0a0b0571efca5%2Fprune_xgb.png,
intel/playground-series-s6e8/bodies/738592_img/01.png,playground-series-s6e8,738592,https://www.kaggle.com/competitions/playground-series-s6e8/discussion/738592,png,269208,P1,Agent 四阶段架构,analysis/deep/playground-series-s6e8.md|notes/tabular/playground-series-s6e8.md
intel/playground-series-s6e8/bodies/738592_img/02.png,playground-series-s6e8,738592,https://www.kaggle.com/competitions/playground-series-s6e8/discussion/738592,png,422876,P1,堆叠进度与模型数,analysis/deep/playground-series-s6e8.md|notes/tabular/playground-series-s6e8.md
intel/playground-series-s6e8/bodies/738592_img/03.png,playground-series-s6e8,738592,https://www.kaggle.com/competitions/playground-series-s6e8/discussion/738592,png,414425,P2,top1s.png,
intel/playground-series-s6e8/bodies/738592_img/04.png,playground-series-s6e8,738592,https://www.kaggle.com/competitions/playground-series-s6e8/discussion/738592,png,196463,P2,single_model.png,
intel/playground-series-s6e8/bodies/738650_img/01.png,playground-series-s6e8,738650,https://www.kaggle.com/competitions/playground-series-s6e8/discussion/738650,png,103219,P1,严格 OOF 流水线,analysis/deep/playground-series-s6e8.md|notes/tabular/playground-series-s6e8.md
intel/playground-series-s6e8/bodies/739004_img/01.png,playground-series-s6e8,739004,https://www.kaggle.com/competitions/playground-series-s6e8/discussion/739004,png,678531,P2,inbox%2F940278%2F0b4b7c14b361c45d881d6371a93d39ae%2Fwriteup-score-progression.png,
intel/playground-series-s6e8/bodies/739004_img/02.png,playground-series-s6e8,739004,https://www.kaggle.com/competitions/playground-series-s6e8/discussion/739004,png,448092,P2,inbox%2F940278%2Fccb9aeabc2795d99c892bd0ee643fbf9%2Fwriteup-nested-oof.png,
intel/playground-series-s6e8/bodies/739004_img/03.png,playground-series-s6e8,739004,https://www.kaggle.com/competitions/playground-series-s6e8/discussion/739004,png,841305,P2,inbox%2F940278%2F8ccba562bf12f07c95ba7eac25ad1dc0%2Fwriteup-experiment-pipeline.png,
intel/playground-series-s6e8/bodies/739004_img/04.png,playground-series-s6e8,739004,https://www.kaggle.com/competitions/playground-series-s6e8/discussion/739004,png,525865,P2,inbox%2F940278%2Fd3c3671f15ebc14741565d0243d74f42%2Fwriteup-agent-loop.png,
intel/playground-series-s6e9/bodies/744815_img/01.png,playground-series-s6e9,744815,https://www.kaggle.com/competitions/playground-series-s6e9/discussion/744815,png,300606,P2,inbox%2F36348566%2Fef7b2762de9153e1b57b7e7887e4fa6b%2Flb_fit.png,
intel/playground-series-s6e9/bodies/744815_img/02.png,playground-series-s6e9,744815,https://www.kaggle.com/competitions/playground-series-s6e9/discussion/744815,png,610733,P1,2nd 的最终管线与权重,analysis/deep/playground-series-s6e9.md|notes/tabular/playground-series-s6e9.md
intel/playground-series-s6e9/bodies/744815_img/03.png,playground-series-s6e9,744815,https://www.kaggle.com/competitions/playground-series-s6e9/discussion/744815,png,225253,P2,inbox%2F36348566%2F00ed672ee3fba2dd3e8d344d37e90ef9%2Fcontext_law.png,
intel/playground-series-s6e9/bodies/744815_img/04.png,playground-series-s6e9,744815,https://www.kaggle.com/competitions/playground-series-s6e9/discussion/744815,png,1226943,P2,inbox%2F36348566%2F7516c04344fa401262d2f93f5dba9f37%2Falicia_agent_teaser.png,
intel/playground-series-s6e9/bodies/744848_img/01.png,playground-series-s6e9,744848,https://www.kaggle.com/competitions/playground-series-s6e9/discussion/744848,png,174129,P2,inbox%2F11017380%2F5d768fa750b3175ace39d625f1c5b839%2Ff4_solution_overview.png,
intel/playground-series-s6e9/bodies/744848_img/02.png,playground-series-s6e9,744848,https://www.kaggle.com/competitions/playground-series-s6e9/discussion/744848,png,156990,P2,inbox%2F11017380%2F684cbf55bc1f3185babc8671c5628ac6%2Ff2_ladder.png,
intel/playground-series-s6e9/bodies/744848_img/03.png,playground-series-s6e9,744848,https://www.kaggle.com/competitions/playground-series-s6e9/discussion/744848,png,139089,P2,inbox%2F11017380%2F63af0eb50ba6bd6553f95a30deea33a1%2Ff1_score_trajectory.png,
intel/playground-series-s6e9/bodies/744848_img/04.png,playground-series-s6e9,744848,https://www.kaggle.com/competitions/playground-series-s6e9/discussion/744848,png,101326,P2,inbox%2F11017380%2Fd0f343e601b118837fa4b5b83c4096b0%2Ff3_bpe_evidence.png,
intel/playground-series-s6e9/bodies/744848_img/05.png,playground-series-s6e9,744848,https://www.kaggle.com/competitions/playground-series-s6e9/discussion/744848,png,90039,P2,inbox%2F11017380%2F3c9f7367d90b6cf9c93dc55388a995be%2Ff5_shake.png,
intel/playground-series-s6e9/bodies/744923_img/01.png,playground-series-s6e9,744923,https://www.kaggle.com/competitions/playground-series-s6e9/discussion/744923,png,212660,P2,inbox%2F11142277%2F3ccbe17e8926d7fb0beed61eda30fb80%2Ffinal_pipeline.png,
intel/playground-series-s6e9/bodies/744923_img/02.png,playground-series-s6e9,744923,https://www.kaggle.com/competitions/playground-series-s6e9/discussion/744923,png,177443,P2,inbox%2F11142277%2Fcd64b545e1dd6d7053862a1bf285ef02%2Fscore_progression.png,
intel/playground-series-s6e9/bodies/744923_img/03.png,playground-series-s6e9,744923,https://www.kaggle.com/competitions/playground-series-s6e9/discussion/744923,png,171939,P2,inbox%2F11142277%2F773a5cb23e2a116636bcc1469f3a3b1a%2Fpublic_private_divergence.png,
intel/playground-series-s6e9/bodies/745013_img/01.png,playground-series-s6e9,745013,https://www.kaggle.com/competitions/playground-series-s6e9/discussion/745013,png,1887994,P2,banner3.png,
intel/playground-series-s6e9/bodies/745013_img/02.png,playground-series-s6e9,745013,https://www.kaggle.com/competitions/playground-series-s6e9/discussion/745013,png,2379763,P2,trading_cards.png,
intel/playground-series-s6e9/bodies/745013_img/03.png,playground-series-s6e9,745013,https://www.kaggle.com/competitions/playground-series-s6e9/discussion/745013,png,2471582,P2,relay_calendar.png,
intel/playground-series-s6e9/bodies/745013_img/04.png,playground-series-s6e9,745013,https://www.kaggle.com/competitions/playground-series-s6e9/discussion/745013,png,2458675,P2,mountain.png,
intel/playground-series-s6e9/bodies/745013_img/05.png,playground-series-s6e9,745013,https://www.kaggle.com/competitions/playground-series-s6e9/discussion/745013,png,2630045,P1,"1st 的""接力棒是笔记""",analysis/deep/playground-series-s6e9.md
intel/playground-series-s6e9/bodies/745013_img/06.png,playground-series-s6e9,745013,https://www.kaggle.com/competitions/playground-series-s6e9/discussion/745013,png,2654984,P2,helpers13.png,
intel/playground-series-s6e9/bodies/745013_img/07.png,playground-series-s6e9,745013,https://www.kaggle.com/competitions/playground-series-s6e9/discussion/745013,png,2264298,P2,upside_down.png,
intel/playground-series-s6e9/bodies/745013_img/08.png,playground-series-s6e9,745013,https://www.kaggle.com/competitions/playground-series-s6e9/discussion/745013,png,2549749,P2,faster.png,
intel/playground-series-s6e9/bodies/745013_img/09.png,playground-series-s6e9,745013,https://www.kaggle.com/competitions/playground-series-s6e9/discussion/745013,png,2391671,P2,diversity2.png,
intel/pokemon-tcg-ai-battle/bodies/735593_img/01.png,pokemon-tcg-ai-battle,735593,https://www.kaggle.com/competitions/pokemon-tcg-ai-battle/discussion/735593,png,546362,P1,Waltheri 围棋棋谱检索,analysis/deep/pokemon-tcg-ai-battle.md
intel/pokemon-tcg-ai-battle/bodies/735593_img/02.png,pokemon-tcg-ai-battle,735593,https://www.kaggle.com/competitions/pokemon-tcg-ai-battle/discussion/735593,png,155938,P1,宝可梦 Pattern DB 示例,analysis/deep/pokemon-tcg-ai-battle.md|notes/sim-agent/pokemon-tcg-ai-battle.md
intel/pokemon-tcg-ai-battle/bodies/735593_img/03.png,pokemon-tcg-ai-battle,735593,https://www.kaggle.com/competitions/pokemon-tcg-ai-battle/discussion/735593,png,560887,P1,蒙特卡洛采样示意,analysis/deep/pokemon-tcg-ai-battle.md
intel/pokemon-tcg-ai-battle/bodies/735867_img/01.png,pokemon-tcg-ai-battle,735867,https://www.kaggle.com/competitions/pokemon-tcg-ai-battle/discussion/735867,png,1547680,P1,213tubo 的训练管线,analysis/deep/pokemon-tcg-ai-battle.md|notes/sim-agent/pokemon-tcg-ai-battle.md
intel/pokemon-tcg-ai-battle/bodies/738158_img/01.png,pokemon-tcg-ai-battle,738158,https://www.kaggle.com/competitions/pokemon-tcg-ai-battle/discussion/738158,png,82776,P1,27th 的三段课程,analysis/deep/pokemon-tcg-ai-battle.md
intel/pokemon-tcg-ai-battle/bodies/738158_img/02.png,pokemon-tcg-ai-battle,738158,https://www.kaggle.com/competitions/pokemon-tcg-ai-battle/discussion/738158,png,192670,P1,27th 的 LB 曲线,analysis/deep/pokemon-tcg-ai-battle.md|notes/sim-agent/pokemon-tcg-ai-battle.md
intel/pokemon-tcg-ai-battle/bodies/740956_img/01.png,pokemon-tcg-ai-battle,740956,https://www.kaggle.com/competitions/pokemon-tcg-ai-battle/discussion/740956,png,1809773,P1,24th 的群体学习生态,analysis/deep/pokemon-tcg-ai-battle.md|notes/sim-agent/pokemon-tcg-ai-battle.md
intel/pokemon-tcg-ai-battle/bodies/740956_img/02.png,pokemon-tcg-ai-battle,740956,https://www.kaggle.com/competitions/pokemon-tcg-ai-battle/discussion/740956,png,1816295,P1,24th 的模型架构,analysis/deep/pokemon-tcg-ai-battle.md|notes/sim-agent/pokemon-tcg-ai-battle.md
intel/pokemon-tcg-ai-battle/bodies/740956_img/03.png,pokemon-tcg-ai-battle,740956,https://www.kaggle.com/competitions/pokemon-tcg-ai-battle/discussion/740956,png,1703907,P1,24th 的 PPO 周期,analysis/deep/pokemon-tcg-ai-battle.md|notes/sim-agent/pokemon-tcg-ai-battle.md
intel/pokemon-tcg-ai-battle/bodies/740956_img/04.png,pokemon-tcg-ai-battle,740956,https://www.kaggle.com/competitions/pokemon-tcg-ai-battle/discussion/740956,png,1864467,P1,24th 的专家训练与路由,analysis/deep/pokemon-tcg-ai-battle.md
intel/pokemon-tcg-ai-battle/bodies/740956_img/05.png,pokemon-tcg-ai-battle,740956,https://www.kaggle.com/competitions/pokemon-tcg-ai-battle/discussion/740956,png,1862162,P1,24th 的评估系统,analysis/deep/pokemon-tcg-ai-battle.md|notes/sim-agent/pokemon-tcg-ai-battle.md
intel/pokemon-tcg-ai-battle/bodies/740956_img/06.png,pokemon-tcg-ai-battle,740956,https://www.kaggle.com/competitions/pokemon-tcg-ai-battle/discussion/740956,png,613025,P1,24th 的评级列表,analysis/deep/pokemon-tcg-ai-battle.md
intel/pokemon-tcg-ai-battle/bodies/740956_img/07.png,pokemon-tcg-ai-battle,740956,https://www.kaggle.com/competitions/pokemon-tcg-ai-battle/discussion/740956,png,532712,P1,24th 的对阵矩阵,analysis/deep/pokemon-tcg-ai-battle.md
intel/predict-ai-model-runtime/bodies/456084_img/01.png,predict-ai-model-runtime,456084,https://www.kaggle.com/competitions/predict-ai-model-runtime/discussion/456084,png,100711,P2,inbox%2F113660%2Fb5c1c8af2f166b73061177ae313a2c6b%2FSelection_999(4192).png,
intel/predict-ai-model-runtime/bodies/456084_img/02.png,predict-ai-model-runtime,456084,https://www.kaggle.com/competitions/predict-ai-model-runtime/discussion/456084,png,21197,P2,inbox%2F113660%2F5e4c66d69dcf5ea590ad619c37dc2179%2FSelection_999(4193).png,
intel/predict-ai-model-runtime/bodies/456084_img/03.png,predict-ai-model-runtime,456084,https://www.kaggle.com/competitions/predict-ai-model-runtime/discussion/456084,png,57829,P2,inbox%2F113660%2Fc13d2c462b0958161cd4ce09e4249bc7%2FSelection_999(4191).png,
intel/predict-ai-model-runtime/bodies/456084_img/04.png,predict-ai-model-runtime,456084,https://www.kaggle.com/competitions/predict-ai-model-runtime/discussion/456084,png,54514,P2,inbox%2F113660%2F0caab07b1cf25d81b358b1234d459b8c%2FSelection_999(4194).png,
intel/predict-ai-model-runtime/bodies/456129_img/01.png,predict-ai-model-runtime,456129,https://www.kaggle.com/competitions/predict-ai-model-runtime/discussion/456129,png,377015,P1,10th 的 tile/layout 双模型,analysis/deep/predict-ai-model-runtime.md
intel/predict-ai-model-runtime/bodies/456343_img/01.png,predict-ai-model-runtime,456343,https://www.kaggle.com/competitions/predict-ai-model-runtime/discussion/456343,png,729540,P1,1st 的双注意力 GNN 结构,analysis/deep/predict-ai-model-runtime.md|notes/other/predict-ai-model-runtime.md
intel/predict-student-performance-from-game-play/bodies/387864_img/02.png,predict-student-performance-from-game-play,387864,https://www.kaggle.com/competitions/predict-student-performance-from-game-play/discussion/387864,png,2476783,P2,c12.png,
intel/predict-student-performance-from-game-play/bodies/387864_img/03.png,predict-student-performance-from-game-play,387864,https://www.kaggle.com/competitions/predict-student-performance-from-game-play/discussion/387864,png,972743,P2,c2.png,
intel/predict-student-performance-from-game-play/bodies/387864_img/04.png,predict-student-performance-from-game-play,387864,https://www.kaggle.com/competitions/predict-student-performance-from-game-play/discussion/387864,png,781461,P1,eda,notes/tabular/predict-student-performance-from-game-play.md
intel/predict-student-performance-from-game-play/bodies/387864_img/05.png,predict-student-performance-from-game-play,387864,https://www.kaggle.com/competitions/predict-student-performance-from-game-play/discussion/387864,png,686516,P2,c4.png,
intel/predict-student-performance-from-game-play/bodies/387864_img/06.png,predict-student-performance-from-game-play,387864,https://www.kaggle.com/competitions/predict-student-performance-from-game-play/discussion/387864,png,317793,P2,c5.png,
intel/predict-student-performance-from-game-play/bodies/387864_img/07.png,predict-student-performance-from-game-play,387864,https://www.kaggle.com/competitions/predict-student-performance-from-game-play/discussion/387864,png,1693821,P2,c7.png,
intel/predict-student-performance-from-game-play/bodies/387864_img/08.png,predict-student-performance-from-game-play,387864,https://www.kaggle.com/competitions/predict-student-performance-from-game-play/discussion/387864,png,1084356,P2,c8.png,
intel/predict-student-performance-from-game-play/bodies/420217_img/01.png,predict-student-performance-from-game-play,420217,https://www.kaggle.com/competitions/predict-student-performance-from-game-play/discussion/420217,png,42874,P2,inbox%2F2208184%2Ff692423c63172494ea4df97b01d65d33%2Fdata.png,
intel/predict-student-performance-from-game-play/bodies/420217_img/02.png,predict-student-performance-from-game-play,420217,https://www.kaggle.com/competitions/predict-student-performance-from-game-play/discussion/420217,png,20670,P2,inbox%2F2208184%2F9407390ffd7f226b7be0f57c37051f77%2Ftime_embedding.png,
intel/predict-student-performance-from-game-play/bodies/420217_img/03.png,predict-student-performance-from-game-play,420217,https://www.kaggle.com/competitions/predict-student-performance-from-game-play/discussion/420217,png,43014,P1,time-aware events,notes/tabular/predict-student-performance-from-game-play.md
intel/predict-student-performance-from-game-play/bodies/420217_img/04.png,predict-student-performance-from-game-play,420217,https://www.kaggle.com/competitions/predict-student-performance-from-game-play/discussion/420217,png,38429,P2,inbox%2F2208184%2F1f65d399dfd93f128ca6c887d0f0be89%2Ftime_aware_events_2.png,
intel/predict-student-performance-from-game-play/bodies/420217_img/05.png,predict-student-performance-from-game-play,420217,https://www.kaggle.com/competitions/predict-student-performance-from-game-play/discussion/420217,png,40818,P1,pretrain,notes/tabular/predict-student-performance-from-game-play.md
intel/predict-student-performance-from-game-play/bodies/420217_img/06.png,predict-student-performance-from-game-play,420217,https://www.kaggle.com/competitions/predict-student-performance-from-game-play/discussion/420217,png,55027,P1,e2e,notes/tabular/predict-student-performance-from-game-play.md
intel/recodai-luc-scientific-image-forgery-detection/bodies/695702_img/01.png,recodai-luc-scientific-image-forgery-detection,695702,https://www.kaggle.com/competitions/recodai-luc-scientific-image-forgery-detection/discussion/695702,png,2273126,P1,1st 的三段式流程,analysis/deep/recodai-luc-scientific-image-forgery-detection.md|notes/cv/recodai-luc-scientific-image-forgery-detection.md
intel/recodai-luc-scientific-image-forgery-detection/bodies/695702_img/02.png,recodai-luc-scientific-image-forgery-detection,695702,https://www.kaggle.com/competitions/recodai-luc-scientific-image-forgery-detection/discussion/695702,png,56769,P1,公私榜选择,analysis/deep/recodai-luc-scientific-image-forgery-detection.md|notes/cv/recodai-luc-scientific-image-forgery-detection.md
intel/recodai-luc-scientific-image-forgery-detection/bodies/695702_img/03.png,recodai-luc-scientific-image-forgery-detection,695702,https://www.kaggle.com/competitions/recodai-luc-scientific-image-forgery-detection/discussion/695702,png,411224,P2,inbox%2F29607288%2F3917a8436b5c13528e6548a412459a9c%2F2026-04-27%20170820.png,
intel/recodai-luc-scientific-image-forgery-detection/bodies/695702_img/04.png,recodai-luc-scientific-image-forgery-detection,695702,https://www.kaggle.com/competitions/recodai-luc-scientific-image-forgery-detection/discussion/695702,png,226401,P2,inbox%2F29607288%2F477661ee5ca5c6f2db79fe84d9e1475d%2F2026-04-27%20173634.png,
intel/recodai-luc-scientific-image-forgery-detection/bodies/695702_img/05.png,recodai-luc-scientific-image-forgery-detection,695702,https://www.kaggle.com/competitions/recodai-luc-scientific-image-forgery-detection/discussion/695702,png,1167338,P2,inbox%2F29607288%2Fd6cd9c1c639121bf64eefd1eb9695445%2F2026-04-27%20215210.png,
intel/recodai-luc-scientific-image-forgery-detection/bodies/695702_img/06.png,recodai-luc-scientific-image-forgery-detection,695702,https://www.kaggle.com/competitions/recodai-luc-scientific-image-forgery-detection/discussion/695702,png,528894,P2,inbox%2F29607288%2F4e975dfb57582f524f7943e6c3ccda27%2F2026-04-27%20222419.png,
intel/recodai-luc-scientific-image-forgery-detection/bodies/695702_img/07.png,recodai-luc-scientific-image-forgery-detection,695702,https://www.kaggle.com/competitions/recodai-luc-scientific-image-forgery-detection/discussion/695702,png,133409,P2,inbox%2F29607288%2Fefe2cfa0c7604b4cf3e14fee65ce2a07%2F2026-04-27%20220956.png,
intel/recodai-luc-scientific-image-forgery-detection/bodies/695702_img/08.png,recodai-luc-scientific-image-forgery-detection,695702,https://www.kaggle.com/competitions/recodai-luc-scientific-image-forgery-detection/discussion/695702,png,2062281,P2,inbox%2F29607288%2F40b20a9c68f077fffaf41823e94f00af%2F2026-04-27%20225153.png,
intel/recodai-luc-scientific-image-forgery-detection/bodies/695702_img/09.png,recodai-luc-scientific-image-forgery-detection,695702,https://www.kaggle.com/competitions/recodai-luc-scientific-image-forgery-detection/discussion/695702,png,184034,P2,inbox%2F29607288%2Fcdcfd828a7dad58c9fad610d652f6076%2F2026-04-27%20232637.png,
intel/recodai-luc-scientific-image-forgery-detection/bodies/695702_img/10.png,recodai-luc-scientific-image-forgery-detection,695702,https://www.kaggle.com/competitions/recodai-luc-scientific-image-forgery-detection/discussion/695702,png,384458,P2,inbox%2F29607288%2F9bf008b292e573f701ea75201b213a88%2F2026-04-27%20234225.png,
intel/recodai-luc-scientific-image-forgery-detection/bodies/695702_img/11.png,recodai-luc-scientific-image-forgery-detection,695702,https://www.kaggle.com/competitions/recodai-luc-scientific-image-forgery-detection/discussion/695702,png,84620,P1,条带级掩码合并启发式,analysis/deep/recodai-luc-scientific-image-forgery-detection.md|notes/cv/recodai-luc-scientific-image-forgery-detection.md
intel/recodai-luc-scientific-image-forgery-detection/bodies/695702_img/12.png,recodai-luc-scientific-image-forgery-detection,695702,https://www.kaggle.com/competitions/recodai-luc-scientific-image-forgery-detection/discussion/695702,png,1401205,P2,inbox%2F29607288%2Fb93678952e53b2ad7e71305b00f4984a%2F2026-04-28%20144014.png,
intel/rogii-wellbore-geology-prediction/bodies/697418_img/01.png,rogii-wellbore-geology-prediction,697418,https://www.kaggle.com/competitions/rogii-wellbore-geology-prediction/discussion/697418,png,1521696,P2,inbox%2F4080021%2F3f56527c733365a94d929bdc0600c7ef%2Fig_023b4ba06ac0441e0169fa9248ca54819aacb93888a02601a8.png,
intel/rogii-wellbore-geology-prediction/bodies/733136_img/01.png,rogii-wellbore-geology-prediction,733136,https://www.kaggle.com/competitions/rogii-wellbore-geology-prediction/discussion/733136,png,65702,P1,26th submissions,analysis/deep/rogii-wellbore-geology-prediction.md
intel/rogii-wellbore-geology-prediction/bodies/733154_img/01.png,rogii-wellbore-geology-prediction,733154,https://www.kaggle.com/competitions/rogii-wellbore-geology-prediction/discussion/733154,png,317355,P2,inbox%2F7470058%2F37ed4948d9ec1f2612034e89184990c3%2Ffig0_pipeline.png,
intel/rogii-wellbore-geology-prediction/bodies/733154_img/02.png,rogii-wellbore-geology-prediction,733154,https://www.kaggle.com/competitions/rogii-wellbore-geology-prediction/discussion/733154,png,107127,P1,stages,analysis/deep/rogii-wellbore-geology-prediction.md
intel/rogii-wellbore-geology-prediction/bodies/733154_img/03.png,rogii-wellbore-geology-prediction,733154,https://www.kaggle.com/competitions/rogii-wellbore-geology-prediction/discussion/733154,png,97306,P1,rulers,analysis/deep/rogii-wellbore-geology-prediction.md|notes/science/rogii-wellbore-geology-prediction.md
intel/rogii-wellbore-geology-prediction/bodies/733226_img/02.png,rogii-wellbore-geology-prediction,733226,https://www.kaggle.com/competitions/rogii-wellbore-geology-prediction/discussion/733226,png,188034,P1,smoother,analysis/deep/rogii-wellbore-geology-prediction.md|notes/science/rogii-wellbore-geology-prediction.md
intel/rogii-wellbore-geology-prediction/bodies/733226_img/03.png,rogii-wellbore-geology-prediction,733226,https://www.kaggle.com/competitions/rogii-wellbore-geology-prediction/discussion/733226,png,215092,P2,inbox%2F17784323%2F27f67ae9d5a8801de7170e9a4e8684cb%2Ffig_smoother_en.png,
intel/rogii-wellbore-geology-prediction/bodies/733226_img/04.png,rogii-wellbore-geology-prediction,733226,https://www.kaggle.com/competitions/rogii-wellbore-geology-prediction/discussion/733226,png,202373,P1,three legs,analysis/deep/rogii-wellbore-geology-prediction.md
intel/rogii-wellbore-geology-prediction/bodies/733226_img/05.png,rogii-wellbore-geology-prediction,733226,https://www.kaggle.com/competitions/rogii-wellbore-geology-prediction/discussion/733226,png,252347,P1,physical prior,analysis/deep/rogii-wellbore-geology-prediction.md
intel/rogii-wellbore-geology-prediction/bodies/733226_img/07.png,rogii-wellbore-geology-prediction,733226,https://www.kaggle.com/competitions/rogii-wellbore-geology-prediction/discussion/733226,png,291572,P1,candidates,analysis/deep/rogii-wellbore-geology-prediction.md|notes/science/rogii-wellbore-geology-prediction.md
intel/rogii-wellbore-geology-prediction/bodies/733319_img/01.png,rogii-wellbore-geology-prediction,733319,https://www.kaggle.com/competitions/rogii-wellbore-geology-prediction/discussion/733319,png,1230709,P1,3rd pipeline,analysis/deep/rogii-wellbore-geology-prediction.md|notes/science/rogii-wellbore-geology-prediction.md
intel/rogii-wellbore-geology-prediction/bodies/733319_img/02.png,rogii-wellbore-geology-prediction,733319,https://www.kaggle.com/competitions/rogii-wellbore-geology-prediction/discussion/733319,png,1268698,P2,inbox%2F282250%2Fcf365e6a1fd7a8c1efe4cc3e31ca3999%2Fimage%20(4).png,
intel/rogii-wellbore-geology-prediction/bodies/733319_img/03.png,rogii-wellbore-geology-prediction,733319,https://www.kaggle.com/competitions/rogii-wellbore-geology-prediction/discussion/733319,png,1427571,P2,inbox%2F282250%2F8b99c5b1b027f8ac8a47caaf225345c5%2Fimage%20(5).png,
intel/rogii-wellbore-geology-prediction/bodies/733319_img/04.png,rogii-wellbore-geology-prediction,733319,https://www.kaggle.com/competitions/rogii-wellbore-geology-prediction/discussion/733319,png,1375681,P2,inbox%2F282250%2F1af741aba62f039d302b230ee74c7e6b%2Fimage%20(2).png,
intel/rogii-wellbore-geology-prediction/bodies/733319_img/05.png,rogii-wellbore-geology-prediction,733319,https://www.kaggle.com/competitions/rogii-wellbore-geology-prediction/discussion/733319,png,1463543,P2,inbox%2F282250%2Fd2a1eb87ed53c06ea521d603a3f74426%2Fimage%20(3).png,
intel/rogii-wellbore-geology-prediction/bodies/733432_img/01.png,rogii-wellbore-geology-prediction,733432,https://www.kaggle.com/competitions/rogii-wellbore-geology-prediction/discussion/733432,png,72691,P1,identity,analysis/deep/rogii-wellbore-geology-prediction.md|notes/science/rogii-wellbore-geology-prediction.md
intel/rogii-wellbore-geology-prediction/bodies/733432_img/02.png,rogii-wellbore-geology-prediction,733432,https://www.kaggle.com/competitions/rogii-wellbore-geology-prediction/discussion/733432,png,319615,P2,inbox%2F4910466%2Fd2976eee71822612c1ec1a97ec755041%2Fsynth_pipeline.png,
intel/rogii-wellbore-geology-prediction/bodies/733432_img/03.png,rogii-wellbore-geology-prediction,733432,https://www.kaggle.com/competitions/rogii-wellbore-geology-prediction/discussion/733432,png,104595,P2,inbox%2F4910466%2Fcf3bdc991fba11299a594c4ede7e343b%2Fcopy_aug.png,
intel/rogii-wellbore-geology-prediction/bodies/733432_img/04.png,rogii-wellbore-geology-prediction,733432,https://www.kaggle.com/competitions/rogii-wellbore-geology-prediction/discussion/733432,png,503491,P2,inbox%2F4910466%2Ffd78c50981dda180af27f1cb72c1346b%2Finput_channels.png,
intel/rogii-wellbore-geology-prediction/bodies/733432_img/05.png,rogii-wellbore-geology-prediction,733432,https://www.kaggle.com/competitions/rogii-wellbore-geology-prediction/discussion/733432,png,585762,P2,inbox%2F4910466%2F197506000b320097cfcff6a0e7af3191%2Farchitecture.png,
intel/rogii-wellbore-geology-prediction/bodies/733432_img/06.png,rogii-wellbore-geology-prediction,733432,https://www.kaggle.com/competitions/rogii-wellbore-geology-prediction/discussion/733432,png,877317,P2,inbox%2F4910466%2Fb74d9e0d76ed60ecd6b4ed21b808ddb7%2Fflowmap.png,
intel/rogii-wellbore-geology-prediction/bodies/733432_img/07.png,rogii-wellbore-geology-prediction,733432,https://www.kaggle.com/competitions/rogii-wellbore-geology-prediction/discussion/733432,png,127002,P1,LCO,analysis/deep/rogii-wellbore-geology-prediction.md|notes/science/rogii-wellbore-geology-prediction.md
intel/rsna-2022-cervical-spine-fracture-detection/bodies/340612_img/01.png,rsna-2022-cervical-spine-fracture-detection,340612,https://www.kaggle.com/competitions/rsna-2022-cervical-spine-fracture-detection/discussion/340612,png,1031973,P2,inbox%2F1794509%2F62dc74f51c453f0e74961b92404c84b7%2FScreenshot%20from%202022-07-30%2008-39-52.png,
intel/rsna-2022-cervical-spine-fracture-detection/bodies/340612_img/02.png,rsna-2022-cervical-spine-fracture-detection,340612,https://www.kaggle.com/competitions/rsna-2022-cervical-spine-fracture-detection/discussion/340612,png,37927,P2,inbox%2F1794509%2F9208e350550593b9c2b209747fe20895%2Fdownload.png,
intel/rsna-2022-cervical-spine-fracture-detection/bodies/340612_img/03.png,rsna-2022-cervical-spine-fracture-detection,340612,https://www.kaggle.com/competitions/rsna-2022-cervical-spine-fracture-detection/discussion/340612,png,7052,P2,inbox%2F1794509%2Fc33edf394a2c664aef455df101fe5a62%2Fdownload%20(1).png,
intel/rsna-2022-cervical-spine-fracture-detection/bodies/340612_img/04.png,rsna-2022-cervical-spine-fracture-detection,340612,https://www.kaggle.com/competitions/rsna-2022-cervical-spine-fracture-detection/discussion/340612,png,63878,P1,颈椎解剖与 C1–C7 编号（数据帖）,notes/cv/rsna-2022-cervical-spine-fracture-detection.md
intel/rsna-2022-cervical-spine-fracture-detection/bodies/362607_img/01.png,rsna-2022-cervical-spine-fracture-detection,362607,https://www.kaggle.com/competitions/rsna-2022-cervical-spine-fracture-detection/discussion/362607,png,302463,P1,1st 的 3D 分割预测示例：raw CT vs 7 类掩码,notes/cv/rsna-2022-cervical-spine-fracture-detection.md
intel/rsna-2022-cervical-spine-fracture-detection/bodies/362607_img/02.png,rsna-2022-cervical-spine-fracture-detection,362607,https://www.kaggle.com/competitions/rsna-2022-cervical-spine-fracture-detection/discussion/362607,png,231121,P2,inbox%2F448347%2Fca4e40db1dc08930b7db99416f122bb0%2F2.png,
intel/rsna-2022-cervical-spine-fracture-detection/bodies/362607_img/03.png,rsna-2022-cervical-spine-fracture-detection,362607,https://www.kaggle.com/competitions/rsna-2022-cervical-spine-fracture-detection/discussion/362607,png,187148,P1,1st 的 type1 模型（逐椎骨）,notes/cv/rsna-2022-cervical-spine-fracture-detection.md
intel/rsna-2022-cervical-spine-fracture-detection/bodies/362607_img/04.png,rsna-2022-cervical-spine-fracture-detection,362607,https://www.kaggle.com/competitions/rsna-2022-cervical-spine-fracture-detection/discussion/362607,png,152546,P1,1st 的 type2 模型（逐患者 overall）,notes/cv/rsna-2022-cervical-spine-fracture-detection.md
intel/rsna-2022-cervical-spine-fracture-detection/bodies/362643_img/01.png,rsna-2022-cervical-spine-fracture-detection,362643,https://www.kaggle.com/competitions/rsna-2022-cervical-spine-fracture-detection/discussion/362643,png,82610,P1,3rd 的 study 级裁剪：原始轴位 → 椎骨放大,notes/cv/rsna-2022-cervical-spine-fracture-detection.md
intel/rsna-2022-cervical-spine-fracture-detection/bodies/362643_img/02.png,rsna-2022-cervical-spine-fracture-detection,362643,https://www.kaggle.com/competitions/rsna-2022-cervical-spine-fracture-detection/discussion/362643,png,316498,P1,3rd 的标签传播：切片级椎骨比 → 切片级骨折标签,notes/cv/rsna-2022-cervical-spine-fracture-detection.md
intel/rsna-2023-abdominal-trauma-detection/bodies/447449_img/01.png,rsna-2023-abdominal-trauma-detection,447449,https://www.kaggle.com/competitions/rsna-2023-abdominal-trauma-detection/discussion/447449,png,809084,P2,inbox%2F4712534%2Fee28ed8eef7827d8f2cc69601875e5c2%2FScreenshot%202023-10-22%20at%2011.54.15%20AM.png,
intel/rsna-2023-abdominal-trauma-detection/bodies/447449_img/02.png,rsna-2023-abdominal-trauma-detection,447449,https://www.kaggle.com/competitions/rsna-2023-abdominal-trauma-detection/discussion/447449,png,444892,P2,inbox%2F4712534%2Fe8df4581839b1fa7dcadf68fe2a715a1%2FScreenshot%202023-10-22%20at%205.31.23%20AM.png,
intel/rsna-2023-abdominal-trauma-detection/bodies/447449_img/03.png,rsna-2023-abdominal-trauma-detection,447449,https://www.kaggle.com/competitions/rsna-2023-abdominal-trauma-detection/discussion/447449,png,266808,P2,inbox%2F4712534%2Fd6fa2cc524588b85b82906cccb6552bf%2FScreenshot%202023-10-22%20at%206.02.32%20AM.png,
intel/rsna-2023-abdominal-trauma-detection/bodies/447449_img/04.png,rsna-2023-abdominal-trauma-detection,447449,https://www.kaggle.com/competitions/rsna-2023-abdominal-trauma-detection/discussion/447449,png,182074,P2,inbox%2F4712534%2Fb69766140607127e717966085c927bce%2FScreenshot%202023-10-22%20at%206.07.13%20AM.png,
intel/rsna-2023-abdominal-trauma-detection/bodies/447449_img/05.png,rsna-2023-abdominal-trauma-detection,447449,https://www.kaggle.com/competitions/rsna-2023-abdominal-trauma-detection/discussion/447449,png,538466,P2,inbox%2F4712534%2F9143afd07ba3069f2b2259b1d8fe80eb%2FScreenshot%202023-10-16%20at%204.05.07%20AM.png,
intel/rsna-2023-abdominal-trauma-detection/bodies/447450_img/01.png,rsna-2023-abdominal-trauma-detection,447450,https://www.kaggle.com/competitions/rsna-2023-abdominal-trauma-detection/discussion/447450,png,1433873,P2,inbox%2F745525%2Ff5b5b27bf27dbd11ae78efca228ff017%2F1.png,
intel/rsna-2023-abdominal-trauma-detection/bodies/447453_img/01.png,rsna-2023-abdominal-trauma-detection,447453,https://www.kaggle.com/competitions/rsna-2023-abdominal-trauma-detection/discussion/447453,png,1208955,P1,2nd 的两段式管线,analysis/deep/rsna-2023-abdominal-trauma-detection.md|notes/cv/rsna-2023-abdominal-trauma-detection.md
intel/rsna-2024-lumbar-spine-degenerative-classification/bodies/539443_img/01.png,rsna-2024-lumbar-spine-degenerative-classification,539443,https://www.kaggle.com/competitions/rsna-2024-lumbar-spine-degenerative-classification/discussion/539443,png,378821,P1,4th 方案完整管线：三路输入 → 定位 → 四个分级子模型 → 融合,notes/cv/rsna-2024-lumbar-spine-degenerative-classification.md
intel/rsna-2024-lumbar-spine-degenerative-classification/bodies/539443_img/02.png,rsna-2024-lumbar-spine-degenerative-classification,539443,https://www.kaggle.com/competitions/rsna-2024-lumbar-spine-degenerative-classification/discussion/539443,png,547050,P1,4th 的多视角多条件模型：Transformer + condition-separated attention pooling,analysis/deep/rsna-2024-lumbar-spine-degenerative-classification.md|notes/cv/rsna-2024-lumbar-spine-degenerative-classification.md
intel/rsna-2024-lumbar-spine-degenerative-classification/bodies/539443_img/03.png,rsna-2024-lumbar-spine-degenerative-classification,539443,https://www.kaggle.com/competitions/rsna-2024-lumbar-spine-degenerative-classification/discussion/539443,png,2439821,P2,inbox%2F1745801%2F03b00abca721a6790b300042f5879de5%2Fyu4u_pipeline.png,
intel/rsna-2024-lumbar-spine-degenerative-classification/bodies/539452_img/01.png,rsna-2024-lumbar-spine-degenerative-classification,539452,https://www.kaggle.com/competitions/rsna-2024-lumbar-spine-degenerative-classification/discussion/539452,png,694347,P1,2nd 的轴向 YOLOX 区域检测（topic 539452）,analysis/deep/rsna-2024-lumbar-spine-degenerative-classification.md
intel/rsna-2024-lumbar-spine-degenerative-classification/bodies/539452_img/02.png,rsna-2024-lumbar-spine-degenerative-classification,539452,https://www.kaggle.com/competitions/rsna-2024-lumbar-spine-degenerative-classification/discussion/539452,png,771188,P2,inbox%2F3460291%2F4e96087f8f0251caf9d7553da5d55c9f%2F2024-10-18%2013.35.14.png,
intel/rsna-2024-lumbar-spine-degenerative-classification/bodies/539452_img/03.png,rsna-2024-lumbar-spine-degenerative-classification,539452,https://www.kaggle.com/competitions/rsna-2024-lumbar-spine-degenerative-classification/discussion/539452,png,604287,P2,inbox%2F3460291%2F81d7c0015e4a5bf975cd54d1e100c6ef%2F2024-10-18%2013.39.21.png,
intel/rsna-2024-lumbar-spine-degenerative-classification/bodies/539453_img/01.png,rsna-2024-lumbar-spine-degenerative-classification,539453,https://www.kaggle.com/competitions/rsna-2024-lumbar-spine-degenerative-classification/discussion/539453,png,549627,P1,3rd 的完整两阶段管线：CenterNet 定位 + Center/Side 分类,analysis/deep/rsna-2024-lumbar-spine-degenerative-classification.md|notes/cv/rsna-2024-lumbar-spine-degenerative-classification.md
intel/rsna-2024-lumbar-spine-degenerative-classification/bodies/539453_img/02.png,rsna-2024-lumbar-spine-degenerative-classification,539453,https://www.kaggle.com/competitions/rsna-2024-lumbar-spine-degenerative-classification/discussion/539453,png,792334,P2,inbox%2F6560839%2Fc7d43fb7b862bdf4c95f8fcc0f18883e%2Fsagittal.png,
intel/rsna-2024-lumbar-spine-degenerative-classification/bodies/539453_img/03.png,rsna-2024-lumbar-spine-degenerative-classification,539453,https://www.kaggle.com/competitions/rsna-2024-lumbar-spine-degenerative-classification/discussion/539453,png,331216,P2,inbox%2F6560839%2Fa41a778fc592d7f632e5659178fcbcd6%2Faxial.png,
intel/rsna-2024-lumbar-spine-degenerative-classification/bodies/539453_img/04.png,rsna-2024-lumbar-spine-degenerative-classification,539453,https://www.kaggle.com/competitions/rsna-2024-lumbar-spine-degenerative-classification/discussion/539453,png,371640,P2,inbox%2F6560839%2F2cd3d34e44fcde5d8f429c4b2eee042d%2Fclassifier.png,
intel/rsna-2024-lumbar-spine-degenerative-classification/bodies/539453_img/05.png,rsna-2024-lumbar-spine-degenerative-classification,539453,https://www.kaggle.com/competitions/rsna-2024-lumbar-spine-degenerative-classification/discussion/539453,png,75046,P1,3rd 的后处理参数搜索：Optuna slice plot（topic 539453）,analysis/deep/rsna-2024-lumbar-spine-degenerative-classification.md
intel/rsna-2024-lumbar-spine-degenerative-classification/bodies/540091_img/01.png,rsna-2024-lumbar-spine-degenerative-classification,540091,https://www.kaggle.com/competitions/rsna-2024-lumbar-spine-degenerative-classification/discussion/540091,png,60759,P1,1st 的 3 模型 2 阶段总管线,analysis/deep/rsna-2024-lumbar-spine-degenerative-classification.md|notes/cv/rsna-2024-lumbar-spine-degenerative-classification.md
intel/rsna-2024-lumbar-spine-degenerative-classification/bodies/540091_img/02.png,rsna-2024-lumbar-spine-degenerative-classification,540091,https://www.kaggle.com/competitions/rsna-2024-lumbar-spine-degenerative-classification/discussion/540091,png,465562,P2,inbox%2F5867589%2Ffe356b60c418b7bcef760bafa9d36210%2Fscs_volume_example.png,
intel/rsna-2024-lumbar-spine-degenerative-classification/bodies/540091_img/03.png,rsna-2024-lumbar-spine-degenerative-classification,540091,https://www.kaggle.com/competitions/rsna-2024-lumbar-spine-degenerative-classification/discussion/540091,png,51367,P2,inbox%2F5867589%2Fbdf35cf44c9f268063c9b76d8698be19%2Frsna_instance_number_prediction_model_scs_example.png,
intel/rsna-2024-lumbar-spine-degenerative-classification/bodies/540091_img/04.png,rsna-2024-lumbar-spine-degenerative-classification,540091,https://www.kaggle.com/competitions/rsna-2024-lumbar-spine-degenerative-classification/discussion/540091,png,28028,P2,inbox%2F5867589%2F9585ce9ac5e65d46ba4c0bf759d19ba4%2Frsna_coordinate_prediction_model_scs_example.png,
intel/rsna-2024-lumbar-spine-degenerative-classification/bodies/540091_img/05.png,rsna-2024-lumbar-spine-degenerative-classification,540091,https://www.kaggle.com/competitions/rsna-2024-lumbar-spine-degenerative-classification/discussion/540091,png,314482,P2,inbox%2F5867589%2F3091793ada3e32fe2c2f4c022e10bf93%2Frsna_sagt2_cropped_image.png,
intel/rsna-2024-lumbar-spine-degenerative-classification/bodies/540091_img/06.png,rsna-2024-lumbar-spine-degenerative-classification,540091,https://www.kaggle.com/competitions/rsna-2024-lumbar-spine-degenerative-classification/discussion/540091,png,205611,P2,inbox%2F5867589%2F55cb454b535e50eed67dc7e03d3da6f2%2Frsna_ax_for_scs.png,
intel/rsna-2024-lumbar-spine-degenerative-classification/bodies/540091_img/07.png,rsna-2024-lumbar-spine-degenerative-classification,540091,https://www.kaggle.com/competitions/rsna-2024-lumbar-spine-degenerative-classification/discussion/540091,png,167218,P2,inbox%2F5867589%2F916b910dd75444be91a822e2e19a2f9b%2Frsna_axial_cropping_for_ss.png,
intel/rsna-2024-lumbar-spine-degenerative-classification/bodies/540091_img/08.png,rsna-2024-lumbar-spine-degenerative-classification,540091,https://www.kaggle.com/competitions/rsna-2024-lumbar-spine-degenerative-classification/discussion/540091,png,53470,P1,1st 的 SCS 分级模型：bi-LSTM + Attention MIL + 双流 aux,analysis/deep/rsna-2024-lumbar-spine-degenerative-classification.md|notes/cv/rsna-2024-lumbar-spine-degenerative-classification.md
intel/rsna-2024-lumbar-spine-degenerative-classification/bodies/540091_img/09.png,rsna-2024-lumbar-spine-degenerative-classification,540091,https://www.kaggle.com/competitions/rsna-2024-lumbar-spine-degenerative-classification/discussion/540091,png,22368,P2,inbox%2F5867589%2F1c2a33a4eac3252349847fa6723ebd72%2Frsna_severity_prediction_model_for_ss_fixed.png,
intel/rsna-breast-cancer-detection/bodies/390966_img/01.jpg,rsna-breast-cancer-detection,390966,https://www.kaggle.com/competitions/rsna-breast-cancer-detection/discussion/390966,jpg,1827450,P2,batch-images-ep7.jpg,
intel/rsna-breast-cancer-detection/bodies/391208_img/01.png,rsna-breast-cancer-detection,391208,https://www.kaggle.com/competitions/rsna-breast-cancer-detection/discussion/391208,png,27961,P2,inbox%2F1424766%2Fc28321c365bb1d679c2c35eb1c03e8f7%2FScreenshot%202023-02-28%20at%2018.09.06.png,
intel/rsna-breast-cancer-detection/bodies/391208_img/02.png,rsna-breast-cancer-detection,391208,https://www.kaggle.com/competitions/rsna-breast-cancer-detection/discussion/391208,png,93490,P1,1dcnn,notes/cv/rsna-breast-cancer-detection.md
intel/rsna-breast-cancer-detection/bodies/391208_img/03.png,rsna-breast-cancer-detection,391208,https://www.kaggle.com/competitions/rsna-breast-cancer-detection/discussion/391208,png,213603,P2,inbox%2F1424766%2F809528c5c906c90e6752f2f6729f1f5c%2FScreenshot%202023-02-28%20at%2013.38.19.png,
intel/rsna-breast-cancer-detection/bodies/391208_img/04.png,rsna-breast-cancer-detection,391208,https://www.kaggle.com/competitions/rsna-breast-cancer-detection/discussion/391208,png,247451,P1,transformer,notes/cv/rsna-breast-cancer-detection.md
intel/rsna-breast-cancer-detection/bodies/391676_img/01.png,rsna-breast-cancer-detection,391676,https://www.kaggle.com/competitions/rsna-breast-cancer-detection/discussion/391676,png,320511,P1,single view,notes/cv/rsna-breast-cancer-detection.md
intel/rsna-breast-cancer-detection/bodies/391676_img/02.png,rsna-breast-cancer-detection,391676,https://www.kaggle.com/competitions/rsna-breast-cancer-detection/discussion/391676,png,641414,P2,inbox%2F2369671%2Fb134019ffa72690bb6136e4e393d22ed%2Fdual_view.png,
intel/rsna-breast-cancer-detection/bodies/391676_img/03.png,rsna-breast-cancer-detection,391676,https://www.kaggle.com/competitions/rsna-breast-cancer-detection/discussion/391676,png,436681,P1,dual view,notes/cv/rsna-breast-cancer-detection.md
intel/rsna-breast-cancer-detection/bodies/392449_img/01.jpg,rsna-breast-cancer-detection,392449,https://www.kaggle.com/competitions/rsna-breast-cancer-detection/discussion/392449,jpg,2787866,P1,preprocess,analysis/deep/rsna-breast-cancer-detection.md|notes/cv/rsna-breast-cancer-detection.md
intel/rsna-breast-cancer-detection/bodies/392449_img/02.png,rsna-breast-cancer-detection,392449,https://www.kaggle.com/competitions/rsna-breast-cancer-detection/discussion/392449,png,671126,P1,pipeline,notes/cv/rsna-breast-cancer-detection.md
intel/rsna-breast-cancer-detection/bodies/392449_img/03.jpg,rsna-breast-cancer-detection,392449,https://www.kaggle.com/competitions/rsna-breast-cancer-detection/discussion/392449,jpg,1438995,P2,inbox%2F10254700%2F4f149f8617c07c9a8e0d8e571f6a68fa%2Fexample_batch.jpg,
intel/rsna-breast-cancer-detection/bodies/392449_img/04.png,rsna-breast-cancer-detection,392449,https://www.kaggle.com/competitions/rsna-breast-cancer-detection/discussion/392449,png,45770,P2,inbox%2F10254700%2F6771d0c6e87067873e53021742e7bf6b%2Fwriteup_smoothing.png,
intel/rsna-breast-cancer-detection/bodies/392449_img/05.png,rsna-breast-cancer-detection,392449,https://www.kaggle.com/competitions/rsna-breast-cancer-detection/discussion/392449,png,168949,P2,inbox%2F10254700%2Fc36afde0a06afbeb3dbd38a76753276c%2Fpos_smooth_thres.png,
intel/rsna-breast-cancer-detection/bodies/392449_img/06.png,rsna-breast-cancer-detection,392449,https://www.kaggle.com/competitions/rsna-breast-cancer-detection/discussion/392449,png,210175,P2,inbox%2F10254700%2F7caf77b112791cd16eb20de6f6d443bd%2Fdistribution.png,
intel/rsna-breast-cancer-detection/bodies/392449_img/07.png,rsna-breast-cancer-detection,392449,https://www.kaggle.com/competitions/rsna-breast-cancer-detection/discussion/392449,png,320805,P1,threshold,notes/cv/rsna-breast-cancer-detection.md
intel/rsna-intracranial-aneurysm-detection/bodies/591648_img/01.jpg,rsna-intracranial-aneurysm-detection,591648,https://www.kaggle.com/competitions/rsna-intracranial-aneurysm-detection/discussion/591648,jpg,44901,P2,inbox%2F26385455%2F2b70681e779a57dd130594ff71a8b62b%2F1.jpg,
intel/rsna-intracranial-aneurysm-detection/bodies/591648_img/02.jpg,rsna-intracranial-aneurysm-detection,591648,https://www.kaggle.com/competitions/rsna-intracranial-aneurysm-detection/discussion/591648,jpg,51068,P2,inbox%2F26385455%2F288432c90058928e85241fd6a7974abf%2F2.jpg,
intel/rsna-intracranial-aneurysm-detection/bodies/591648_img/03.png,rsna-intracranial-aneurysm-detection,591648,https://www.kaggle.com/competitions/rsna-intracranial-aneurysm-detection/discussion/591648,png,302181,P2,inbox%2F26385455%2F576c061180423d74ae758eafbb333815%2F3.png,
intel/rsna-intracranial-aneurysm-detection/bodies/591648_img/04.png,rsna-intracranial-aneurysm-detection,591648,https://www.kaggle.com/competitions/rsna-intracranial-aneurysm-detection/discussion/591648,png,124074,P2,inbox%2F26385455%2Fbe737198927d6ef4c597915e4f6bf8bf%2F4.png,
intel/rsna-intracranial-aneurysm-detection/bodies/591648_img/05.png,rsna-intracranial-aneurysm-detection,591648,https://www.kaggle.com/competitions/rsna-intracranial-aneurysm-detection/discussion/591648,png,150038,P2,inbox%2F26385455%2F289eb80b86d83f06323baf7db58f2d77%2F5.png,
intel/rsna-intracranial-aneurysm-detection/bodies/591648_img/06.png,rsna-intracranial-aneurysm-detection,591648,https://www.kaggle.com/competitions/rsna-intracranial-aneurysm-detection/discussion/591648,png,810717,P2,inbox%2F26385455%2F3e2755d72c03200c7e79a9371fe97603%2F6.png,
intel/rsna-intracranial-aneurysm-detection/bodies/591648_img/07.png,rsna-intracranial-aneurysm-detection,591648,https://www.kaggle.com/competitions/rsna-intracranial-aneurysm-detection/discussion/591648,png,403550,P2,inbox%2F26385455%2Fc019ce7af3dcc58d512cc93634aba4ab%2F7.png,
intel/rsna-intracranial-aneurysm-detection/bodies/591648_img/08.png,rsna-intracranial-aneurysm-detection,591648,https://www.kaggle.com/competitions/rsna-intracranial-aneurysm-detection/discussion/591648,png,320746,P2,inbox%2F26385455%2F908b0d67592b3b54e21af2383f0b1763%2F8.png,
intel/rsna-intracranial-aneurysm-detection/bodies/591648_img/09.png,rsna-intracranial-aneurysm-detection,591648,https://www.kaggle.com/competitions/rsna-intracranial-aneurysm-detection/discussion/591648,png,533830,P2,inbox%2F26385455%2F93753f97387e62bdc05fd7bab102c27c%2F9.png,
intel/rsna-intracranial-aneurysm-detection/bodies/591648_img/10.png,rsna-intracranial-aneurysm-detection,591648,https://www.kaggle.com/competitions/rsna-intracranial-aneurysm-detection/discussion/591648,png,542925,P2,inbox%2F26385455%2F194628e6ead243484842c87ebe23133e%2F10.png,
intel/rsna-intracranial-aneurysm-detection/bodies/591648_img/11.png,rsna-intracranial-aneurysm-detection,591648,https://www.kaggle.com/competitions/rsna-intracranial-aneurysm-detection/discussion/591648,png,414990,P2,inbox%2F26385455%2F510bb2d9ad2d890f69ee17b5881357c8%2F11.png,
intel/rsna-intracranial-aneurysm-detection/bodies/591648_img/12.png,rsna-intracranial-aneurysm-detection,591648,https://www.kaggle.com/competitions/rsna-intracranial-aneurysm-detection/discussion/591648,png,311185,P2,inbox%2F26385455%2F9b43bc8f1572f0f12799594be99e89a7%2F12.1.png,
intel/rsna-intracranial-aneurysm-detection/bodies/591648_img/13.png,rsna-intracranial-aneurysm-detection,591648,https://www.kaggle.com/competitions/rsna-intracranial-aneurysm-detection/discussion/591648,png,496005,P2,inbox%2F26385455%2F0fd66a478d91db09f8172b6603d061b4%2F13.png,
intel/rsna-intracranial-aneurysm-detection/bodies/611846_img/01.png,rsna-intracranial-aneurysm-detection,611846,https://www.kaggle.com/competitions/rsna-intracranial-aneurysm-detection/discussion/611846,png,128205,P2,inbox%2F15217057%2F9edf9e0846e14151f33a1ece358473a9%2Fflow_segmentation.png,
intel/rsna-intracranial-aneurysm-detection/bodies/611846_img/02.png,rsna-intracranial-aneurysm-detection,611846,https://www.kaggle.com/competitions/rsna-intracranial-aneurysm-detection/discussion/611846,png,1845135,P2,inbox%2F15217057%2F82fa14c88dfc1dc57448f40bca3ee07d%2Fseg_losses.png,
intel/rsna-intracranial-aneurysm-detection/bodies/611846_img/03.png,rsna-intracranial-aneurysm-detection,611846,https://www.kaggle.com/competitions/rsna-intracranial-aneurysm-detection/discussion/611846,png,281764,P1,1st 的 ROI 分类器结构,analysis/deep/rsna-intracranial-aneurysm-detection.md|notes/cv/rsna-intracranial-aneurysm-detection.md
intel/rsna-intracranial-aneurysm-detection/bodies/611846_img/04.png,rsna-intracranial-aneurysm-detection,611846,https://www.kaggle.com/competitions/rsna-intracranial-aneurysm-detection/discussion/611846,png,195869,P2,inbox%2F15217057%2F187c3d0327547a692d8e922dc5f1d5cd%2Fvessel_pooling.png,
intel/rsna-intracranial-aneurysm-detection/bodies/611846_img/05.png,rsna-intracranial-aneurysm-detection,611846,https://www.kaggle.com/competitions/rsna-intracranial-aneurysm-detection/discussion/611846,png,223378,P2,inbox%2F15217057%2F0dd935cbc51a7d50bc69779c8f12d918%2Ftransformer.png,
intel/rsna-intracranial-aneurysm-detection/bodies/611846_img/06.png,rsna-intracranial-aneurysm-detection,611846,https://www.kaggle.com/competitions/rsna-intracranial-aneurysm-detection/discussion/611846,png,40212,P2,inbox%2F15217057%2Ff954825e84986adf4e7b537f9160b1b0%2F3classes_for_ori_corr.png,
intel/rsna-intracranial-aneurysm-detection/bodies/611849_img/01.png,rsna-intracranial-aneurysm-detection,611849,https://www.kaggle.com/competitions/rsna-intracranial-aneurysm-detection/discussion/611849,png,58223,P2,inbox%2F28100758%2F14753e43854508d3eb8e5bb82af6c77e%2Frsna_pipeline.drawio.png,
intel/rsna-intracranial-aneurysm-detection/bodies/611849_img/02.png,rsna-intracranial-aneurysm-detection,611849,https://www.kaggle.com/competitions/rsna-intracranial-aneurysm-detection/discussion/611849,png,182377,P2,inbox%2F28100758%2F43722e92d294e8b2c3d7681c7dfa961f%2Faneurysm_detection.png,
intel/rsna-intracranial-aneurysm-detection/bodies/611849_img/03.png,rsna-intracranial-aneurysm-detection,611849,https://www.kaggle.com/competitions/rsna-intracranial-aneurysm-detection/discussion/611849,png,94101,P2,inbox%2F28100758%2F11c4dde4be41f43e33e293cc2c20d214%2Fbrain_det.png,
intel/rsna-intracranial-aneurysm-detection/bodies/611856_img/01.png,rsna-intracranial-aneurysm-detection,611856,https://www.kaggle.com/competitions/rsna-intracranial-aneurysm-detection/discussion/611856,png,238156,P2,inbox%2F1408427%2F979857f3afb1fd7d49b4425c121b4ced%2Fyolo.png,
intel/rsna-intracranial-aneurysm-detection/bodies/611856_img/02.png,rsna-intracranial-aneurysm-detection,611856,https://www.kaggle.com/competitions/rsna-intracranial-aneurysm-detection/discussion/611856,png,192024,P2,inbox%2F1408427%2F886c5768338572f3a261ab74e3881e9f%2Fpipeline.png,
intel/rsna-intracranial-aneurysm-detection/bodies/611893_img/01.png,rsna-intracranial-aneurysm-detection,611893,https://www.kaggle.com/competitions/rsna-intracranial-aneurysm-detection/discussion/611893,png,778003,P2,inbox%2F1794509%2F9468fad56fbe01d66d223f4a50c0304f%2Funcrop.png,
intel/rsna-intracranial-aneurysm-detection/bodies/611893_img/02.png,rsna-intracranial-aneurysm-detection,611893,https://www.kaggle.com/competitions/rsna-intracranial-aneurysm-detection/discussion/611893,png,798299,P2,inbox%2F1794509%2F3cea5be1e8254117722f8b66541e9682%2Froi_crop.png,
intel/rsna-intracranial-aneurysm-detection/bodies/611908_img/01.png,rsna-intracranial-aneurysm-detection,611908,https://www.kaggle.com/competitions/rsna-intracranial-aneurysm-detection/discussion/611908,png,705406,P2,inbox%2F4310004%2Fbc5e5f0a3d330bfc78d7961160b805f6%2F2D.png,
intel/rsna-intracranial-aneurysm-detection/bodies/611908_img/02.gif,rsna-intracranial-aneurysm-detection,611908,https://www.kaggle.com/competitions/rsna-intracranial-aneurysm-detection/discussion/611908,gif,3454633,P2,inbox%2F2221915%2F7a4a4d9d460b5a6b0cb6eb82a3c4b5ad%2Fyolo_predictions_1.2.826.0.1.3680043.8.498.10022688097731894079510930966432818105%20(2).gif [GIF],
intel/rsna-intracranial-aneurysm-detection/bodies/611908_img/03.png,rsna-intracranial-aneurysm-detection,611908,https://www.kaggle.com/competitions/rsna-intracranial-aneurysm-detection/discussion/611908,png,28340,P2,inbox%2F4310004%2F7a4ca157151f82f0436dfdee766ec665%2Fimage%20(2).png,
intel/rsna-intracranial-aneurysm-detection/bodies/611908_img/04.png,rsna-intracranial-aneurysm-detection,611908,https://www.kaggle.com/competitions/rsna-intracranial-aneurysm-detection/discussion/611908,png,55555,P2,inbox%2F2221915%2Fef14572c1840aec4e9d0ce115fe7adb3%2Fmeta.png,
intel/rsna-miccai-brain-tumor-radiogenomic-classification/bodies/279832_img/01.png,rsna-miccai-brain-tumor-radiogenomic-classification,279832,https://www.kaggle.com/competitions/rsna-miccai-brain-tumor-radiogenomic-classification/discussion/279832,png,176294,P1,12th 的预测相关性矩阵,analysis/deep/rsna-miccai-brain-tumor-radiogenomic-classification.md|notes/cv/rsna-miccai-brain-tumor-radiogenomic-classification.md
intel/santa-2021/bodies/288995_img/01.png,santa-2021,288995,https://www.kaggle.com/competitions/santa-2021/discussion/288995,png,273836,P1,TSP 视角下的超级排列,analysis/deep/santa-2021.md|notes/sim-agent/santa-2021.md
intel/santa-2021/bodies/300509_img/01.png,santa-2021,300509,https://www.kaggle.com/competitions/santa-2021/discussion/300509,png,121753,P2,149190973-a0ad6925-e501-45bf-8e18-4a0ce6d93e66.png,
intel/santa-2021/bodies/300509_img/02.png,santa-2021,300509,https://www.kaggle.com/competitions/santa-2021/discussion/300509,png,52663,P2,149297004-3e0e2971-637d-4c5e-93df-3e452d1bff33.png,
intel/santa-2021/bodies/300509_img/03.png,santa-2021,300509,https://www.kaggle.com/competitions/santa-2021/discussion/300509,png,30720,P2,149606773-bd730ca0-8356-461a-bae2-aca888fe8b54.png,
intel/santa-2022/bodies/369788_img/01.png,santa-2022,369788,https://www.kaggle.com/competitions/santa-2022/discussion/369788,png,1442606,P2,inbox%2F40584%2F0798e47456dc4b146e4a8e167b9cb167%2FScreen%20Shot%202022-12-01%20at%207.44.44%20AM.png,
intel/santa-2022/bodies/379150_img/01.gif,santa-2022,379150,https://www.kaggle.com/competitions/santa-2022/discussion/379150,gif,4476076,P2,inbox%2F1829450%2F01fac8018a0f6ab049e1d466e491a01f%2Farmbreakers_visual.gif [GIF],
intel/santa-2022/bodies/379167_img/01.png,santa-2022,379167,https://www.kaggle.com/competitions/santa-2022/discussion/379167,png,1377480,P1,1st 的最优路线可视化,analysis/deep/santa-2022.md|notes/sim-agent/santa-2022.md
intel/santa-2022/bodies/379167_img/02.png,santa-2022,379167,https://www.kaggle.com/competitions/santa-2022/discussion/379167,png,109960,P2,inbox%2F6624777%2Fd7c7f944b0cf314d03a060b00750dc40%2FScreenshot%20from%202023-01-19%2010-00-19.png,
intel/santa-2023/bodies/463683_img/01.JPG,santa-2023,463683,https://www.kaggle.com/competitions/santa-2023/discussion/463683,jpg,200833,P1,wreath 最优步数表,analysis/deep/santa-2023.md|notes/sim-agent/santa-2023.md
intel/santa-2023/bodies/472405_img/01.gif,santa-2023,472405,https://www.kaggle.com/competitions/santa-2023/discussion/472405,gif,3500976,P1,1st 的 10x10x10 解 [GIF],analysis/deep/santa-2023.md|notes/sim-agent/santa-2023.md
intel/santa-2023/bodies/472489_img/01.png,santa-2023,472489,https://www.kaggle.com/competitions/santa-2023/discussion/472489,png,33301,P1,16th 分数进展,analysis/deep/santa-2023.md|notes/sim-agent/santa-2023.md
intel/santa-2024/bodies/548476_img/01.png,santa-2024,548476,https://www.kaggle.com/competitions/santa-2024/discussion/548476,png,99040,P1,Greedy 接受率热力图,analysis/deep/santa-2024.md|notes/sim-agent/santa-2024.md
intel/santa-2024/bodies/548476_img/02.png,santa-2024,548476,https://www.kaggle.com/competitions/santa-2024/discussion/548476,png,118299,P1,SA 接受率热力图,analysis/deep/santa-2024.md|notes/sim-agent/santa-2024.md
intel/santa-2024/bodies/559339_img/01.png,santa-2024,559339,https://www.kaggle.com/competitions/santa-2024/discussion/559339,png,25271,P1,sample 5 块 sharding,analysis/deep/santa-2024.md|notes/sim-agent/santa-2024.md
intel/santa-2024/bodies/559339_img/02.png,santa-2024,559339,https://www.kaggle.com/competitions/santa-2024/discussion/559339,png,41585,P1,sample 5 块内示例,analysis/deep/santa-2024.md|notes/sim-agent/santa-2024.md
intel/santa-2024/bodies/560533_img/01.png,santa-2024,560533,https://www.kaggle.com/competitions/santa-2024/discussion/560533,png,54208,P1,受限 k-opt,analysis/deep/santa-2024.md|notes/sim-agent/santa-2024.md
intel/santa-2024/bodies/560597_img/01.png,santa-2024,560597,https://www.kaggle.com/competitions/santa-2024/discussion/560597,png,126378,P1,ATSP double root-and-stem,analysis/deep/santa-2024.md|notes/sim-agent/santa-2024.md
intel/santa-2025/bodies/629896_img/01.png,santa-2025,629896,https://www.kaggle.com/competitions/santa-2025/discussion/629896,png,112115,P2,inbox%2F6624777%2Faf4ceccf57b845c0effc2ab1d88d9eda%2F010.png,
intel/santa-2025/bodies/664824_img/01.png,santa-2025,664824,https://www.kaggle.com/competitions/santa-2025/discussion/664824,png,47351,P1,sym,notes/sim-agent/santa-2025.md
intel/santa-2025/bodies/664824_img/02.png,santa-2025,664824,https://www.kaggle.com/competitions/santa-2025/discussion/664824,png,61417,P2,inbox%2F30809874%2F9ec7d60c0c4c848b81a233ab638c4ebe%2F004.png,
intel/santa-2025/bodies/664824_img/03.png,santa-2025,664824,https://www.kaggle.com/competitions/santa-2025/discussion/664824,png,90561,P2,inbox%2F30809874%2F279777004fe9eea374083bf1873c6d0d%2F008.png,
intel/santa-2025/bodies/666880_img/01.png,santa-2025,666880,https://www.kaggle.com/competitions/santa-2025/discussion/666880,png,896227,P1,asym,notes/sim-agent/santa-2025.md
intel/santa-2025/bodies/666880_img/02.png,santa-2025,666880,https://www.kaggle.com/competitions/santa-2025/discussion/666880,png,867391,P2,inbox%2F1357459%2Fb010b5bdced61bbbcc24a6fb2dad8d6f%2F57.png,
intel/santa-2025/bodies/666880_img/03.png,santa-2025,666880,https://www.kaggle.com/competitions/santa-2025/discussion/666880,png,865928,P2,inbox%2F1357459%2Ffab6f63e0e56d768e508d315fc98744f%2F54.png,
intel/santa-2025/bodies/666880_img/04.png,santa-2025,666880,https://www.kaggle.com/competitions/santa-2025/discussion/666880,png,858774,P2,inbox%2F1357459%2F3e30b52d87e111204a80550710b6bf78%2F52.png,
intel/santa-2025/bodies/666880_img/05.png,santa-2025,666880,https://www.kaggle.com/competitions/santa-2025/discussion/666880,png,838433,P2,inbox%2F1357459%2F12c7284f5a9e3c16e135235c4bf50c75%2F51.png,
intel/santa-2025/bodies/666880_img/06.png,santa-2025,666880,https://www.kaggle.com/competitions/santa-2025/discussion/666880,png,771882,P2,inbox%2F1357459%2Fa5bffc3940c849644a23860b67d715fd%2F40.png,
intel/santa-2025/bodies/666880_img/07.png,santa-2025,666880,https://www.kaggle.com/competitions/santa-2025/discussion/666880,png,733608,P2,inbox%2F1357459%2F8c3aecfbefd849f5687a6fab13d252da%2F36.png,
intel/santa-2025/bodies/666880_img/08.png,santa-2025,666880,https://www.kaggle.com/competitions/santa-2025/discussion/666880,png,716604,P2,inbox%2F1357459%2F31e39382fe841f7bbe814aea9e87bd0c%2F35.png,
intel/santa-2025/bodies/666880_img/09.png,santa-2025,666880,https://www.kaggle.com/competitions/santa-2025/discussion/666880,png,493437,P2,inbox%2F1357459%2F475e5dd9c257ae0840892ac4a16eb976%2F16.png,
intel/santa-2025/bodies/671060_img/01.png,santa-2025,671060,https://www.kaggle.com/competitions/santa-2025/discussion/671060,png,815547,P1,dense,notes/sim-agent/santa-2025.md
intel/santa-2025/bodies/671060_img/02.png,santa-2025,671060,https://www.kaggle.com/competitions/santa-2025/discussion/671060,png,429776,P2,inbox%2F2126325%2F0c86a1831951d8ffc758ddf6110dd444%2Fdense_layout.png,
intel/santa-2025/bodies/671060_img/03.png,santa-2025,671060,https://www.kaggle.com/competitions/santa-2025/discussion/671060,png,838123,P2,inbox%2F2126325%2Fe95fabb680095350736ac40f7cdf5567%2Flayout2_examples.png,
intel/santa-2025/bodies/671060_img/04.png,santa-2025,671060,https://www.kaggle.com/competitions/santa-2025/discussion/671060,png,448031,P2,inbox%2F2126325%2Fb085df0875bbaf6c76320c991da03286%2Ftwo_best.png,
intel/santa-2025/bodies/671181_img/01.png,santa-2025,671181,https://www.kaggle.com/competitions/santa-2025/discussion/671181,png,14052,P1,pipeline,notes/sim-agent/santa-2025.md
intel/santa-2025/bodies/671181_img/02.png,santa-2025,671181,https://www.kaggle.com/competitions/santa-2025/discussion/671181,png,294328,P2,inbox%2F443651%2F526f0e0d159e28cc9ccc075193cbedce%2Frectangle_combination_example.png,
intel/santa-2025/bodies/671181_img/03.jpg,santa-2025,671181,https://www.kaggle.com/competitions/santa-2025/discussion/671181,jpg,65869,P2,inbox%2F443651%2Fb3ecf731570ad753a90cb10287061e5c%2Fbirds.jpg,
intel/santa-2025/bodies/671181_img/04.png,santa-2025,671181,https://www.kaggle.com/competitions/santa-2025/discussion/671181,png,4272,P2,inbox%2F443651%2F4a90a2126e71d05141115a4dc45f5228%2Fformula1.png,
intel/santa-2025/bodies/671181_img/05.png,santa-2025,671181,https://www.kaggle.com/competitions/santa-2025/discussion/671181,png,3060,P2,inbox%2F443651%2F45085aeb974c97d7532195d720a1ee73%2Fformula2.png,
intel/santa-2025/bodies/671181_img/06.png,santa-2025,671181,https://www.kaggle.com/competitions/santa-2025/discussion/671181,png,899811,P2,inbox%2F443651%2Fcef0a85b59e733d3857bcf64bce023d8%2Fupsample.png,
intel/santa-2025/bodies/671181_img/07.png,santa-2025,671181,https://www.kaggle.com/competitions/santa-2025/discussion/671181,png,277018,P2,inbox%2F443651%2Fc77e839126f20308f9e6798aa529dc21%2Fslackbot.png,
intel/santa-2025/bodies/671181_img/08.png,santa-2025,671181,https://www.kaggle.com/competitions/santa-2025/discussion/671181,png,138306,P2,inbox%2F443651%2F4c78032b683989ba84ed52375d35efa4%2FScore_per_n.png,
intel/santa-2025/bodies/671181_img/09.png,santa-2025,671181,https://www.kaggle.com/competitions/santa-2025/discussion/671181,png,223305,P1,angles,notes/sim-agent/santa-2025.md
intel/santa-2025/bodies/672465_img/01.png,santa-2025,672465,https://www.kaggle.com/competitions/santa-2025/discussion/672465,png,395508,P1,islands,analysis/deep/santa-2025.md|notes/sim-agent/santa-2025.md
intel/santa-2025/bodies/672465_img/02.png,santa-2025,672465,https://www.kaggle.com/competitions/santa-2025/discussion/672465,png,780592,P2,inbox%2F14984949%2Fdc2b5d05cff88d0481e0bd053e99b52a%2FPasted%20image%2020260208122812.png,
intel/santa-2025/bodies/672465_img/03.png,santa-2025,672465,https://www.kaggle.com/competitions/santa-2025/discussion/672465,png,357197,P2,inbox%2F14984949%2Fa84f6171b0e5b059ed5715d5e6358267%2FPasted%20image%2020260208103732.png,
intel/santa-2025/bodies/672465_img/04.png,santa-2025,672465,https://www.kaggle.com/competitions/santa-2025/discussion/672465,png,639603,P1,crystals,notes/sim-agent/santa-2025.md
intel/santa-2025/bodies/672465_img/05.png,santa-2025,672465,https://www.kaggle.com/competitions/santa-2025/discussion/672465,png,537361,P2,inbox%2F14984949%2F46702178136cd3bc5f91ee19575ae346%2FPasted%20image%2020260208113858.png,
intel/santa-2025/bodies/672465_img/06.png,santa-2025,672465,https://www.kaggle.com/competitions/santa-2025/discussion/672465,png,807397,P2,inbox%2F14984949%2Fbe50e8873b3b67c44e29f67251f47ccd%2FScreenshot%202026-02-08%20124412.png,
intel/santa-2025/bodies/672465_img/07.gif,santa-2025,672465,https://www.kaggle.com/competitions/santa-2025/discussion/672465,gif,4706373,P2,inbox%2F14984949%2F5726130d3207bfb967b5da5bd20189a3%2Frelaxation_animation.gif [GIF],
intel/sartorius-cell-instance-segmentation/bodies/281205_img/01.png,sartorius-cell-instance-segmentation,281205,https://www.kaggle.com/competitions/sartorius-cell-instance-segmentation/discussion/281205,png,86731,P1,同一预测在两种标注下的 IoU 差异,analysis/deep/sartorius-cell-instance-segmentation.md|notes/cv/sartorius-cell-instance-segmentation.md
intel/sartorius-cell-instance-segmentation/bodies/297984_img/01.png,sartorius-cell-instance-segmentation,297984,https://www.kaggle.com/competitions/sartorius-cell-instance-segmentation/discussion/297984,png,380440,P2,flow_masks.png,
intel/sartorius-cell-instance-segmentation/bodies/297984_img/02.png,sartorius-cell-instance-segmentation,297984,https://www.kaggle.com/competitions/sartorius-cell-instance-segmentation/discussion/297984,png,645514,P2,flow_output.png,
intel/sartorius-cell-instance-segmentation/bodies/297988_img/01.png,sartorius-cell-instance-segmentation,297988,https://www.kaggle.com/competitions/sartorius-cell-instance-segmentation/discussion/297988,png,21053,P2,cell.png,
intel/sartorius-cell-instance-segmentation/bodies/297988_img/02.png,sartorius-cell-instance-segmentation,297988,https://www.kaggle.com/competitions/sartorius-cell-instance-segmentation/discussion/297988,png,15045,P2,cell1.png,
intel/sartorius-cell-instance-segmentation/bodies/297988_img/03.png,sartorius-cell-instance-segmentation,297988,https://www.kaggle.com/competitions/sartorius-cell-instance-segmentation/discussion/297988,png,8620,P2,cell2.png,
intel/sartorius-cell-instance-segmentation/bodies/297988_img/04.jpg,sartorius-cell-instance-segmentation,297988,https://www.kaggle.com/competitions/sartorius-cell-instance-segmentation/discussion/297988,jpg,16806,P2,s4.jpg,
intel/sartorius-cell-instance-segmentation/bodies/298869_img/01.png,sartorius-cell-instance-segmentation,298869,https://www.kaggle.com/competitions/sartorius-cell-instance-segmentation/discussion/298869,png,36318,P2,img.png,
intel/smartphone-decimeter-2022/bodies/340692_img/01.png,smartphone-decimeter-2022,340692,https://www.kaggle.com/competitions/smartphone-decimeter-2022/discussion/340692,png,42411,P2,181914831-1e6e3068-4046-4468-9070-dabc8d5975ef.png,
intel/smartphone-decimeter-2022/bodies/340692_img/02.png,smartphone-decimeter-2022,340692,https://www.kaggle.com/competitions/smartphone-decimeter-2022/discussion/340692,png,8507,P2,181914830-93f67930-4d52-4b62-a6b1-de88f09867cd.png,
intel/smartphone-decimeter-2022/bodies/340692_img/03.png,smartphone-decimeter-2022,340692,https://www.kaggle.com/competitions/smartphone-decimeter-2022/discussion/340692,png,141357,P1,5th 的全局优化计算图,analysis/deep/smartphone-decimeter-2022.md|notes/tabular/smartphone-decimeter-2022.md
intel/smartphone-decimeter-2022/bodies/340692_img/04.png,smartphone-decimeter-2022,340692,https://www.kaggle.com/competitions/smartphone-decimeter-2022/discussion/340692,png,3039,P2,181914819-7604ffec-7d19-4940-a3f0-bcd261917516.png,
intel/smartphone-decimeter-2022/bodies/340692_img/05.png,smartphone-decimeter-2022,340692,https://www.kaggle.com/competitions/smartphone-decimeter-2022/discussion/340692,png,48500,P2,181914836-97fa4def-3d2f-4d55-9534-33fd43fc8463.png,
intel/smartphone-decimeter-2022/bodies/340692_img/06.png,smartphone-decimeter-2022,340692,https://www.kaggle.com/competitions/smartphone-decimeter-2022/discussion/340692,png,30277,P2,181914823-1272523e-2a04-4d4a-b6d8-e0bf64797501.png,
intel/smartphone-decimeter-2022/bodies/340692_img/07.jpg,smartphone-decimeter-2022,340692,https://www.kaggle.com/competitions/smartphone-decimeter-2022/discussion/340692,jpg,260104,P2,181917131-42d34aa8-8e9a-4fa3-b9ca-c06204c6fe58.jpg,
intel/smartphone-decimeter-2022/bodies/341111_img/01.png,smartphone-decimeter-2022,341111,https://www.kaggle.com/competitions/smartphone-decimeter-2022/discussion/341111,png,73045,P2,182075782-be8d5e1c-992b-4b5f-8c69-5426bb6cf222.png,
intel/smartphone-decimeter-2022/bodies/341111_img/02.png,smartphone-decimeter-2022,341111,https://www.kaggle.com/competitions/smartphone-decimeter-2022/discussion/341111,png,146106,P2,182075787-50a13c78-2662-4729-b4ab-04af3d609e85.png,
intel/smartphone-decimeter-2022/bodies/341111_img/03.png,smartphone-decimeter-2022,341111,https://www.kaggle.com/competitions/smartphone-decimeter-2022/discussion/341111,png,207289,P2,182075795-f044b3cc-ed7f-493a-82d0-aea6fdbb7a73.png,
intel/smartphone-decimeter-2022/bodies/341111_img/04.png,smartphone-decimeter-2022,341111,https://www.kaggle.com/competitions/smartphone-decimeter-2022/discussion/341111,png,67705,P2,182088010-f608223c-acc5-412f-a0cc-ead5013663f5.png,
intel/sorghum-id-fgvc-9/bodies/328593_img/01.jpg,sorghum-id-fgvc-9,328593,https://www.kaggle.com/competitions/sorghum-id-fgvc-9/discussion/328593,jpg,52983,P1,3rd 方案管线,analysis/deep/sorghum-id-fgvc-9.md|notes/cv/sorghum-id-fgvc-9.md
intel/sorghum-id-fgvc-9/bodies/328593_img/02.png,sorghum-id-fgvc-9,328593,https://www.kaggle.com/competitions/sorghum-id-fgvc-9/discussion/328593,png,108425,P1,IBN-Net 变体,analysis/deep/sorghum-id-fgvc-9.md|notes/cv/sorghum-id-fgvc-9.md
intel/stable-diffusion-image-to-prompts/bodies/410606_img/01.png,stable-diffusion-image-to-prompts,410606,https://www.kaggle.com/competitions/stable-diffusion-image-to-prompts/discussion/410606,png,155564,P1,2nd 的两阶段训练与集成管线,analysis/deep/stable-diffusion-image-to-prompts.md|notes/cv/stable-diffusion-image-to-prompts.md
intel/stanford-ribonanza-rna-folding/bodies/460121_img/01.png,stanford-ribonanza-rna-folding,460121,https://www.kaggle.com/competitions/stanford-ribonanza-rna-folding/discussion/460121,png,440862,P2,inbox%2F16725112%2F482c2d20fce57fa513021909a515e98b%2Fpreprocessing.png,
intel/stanford-ribonanza-rna-folding/bodies/460121_img/02.png,stanford-ribonanza-rna-folding,460121,https://www.kaggle.com/competitions/stanford-ribonanza-rna-folding/discussion/460121,png,495089,P2,inbox%2F16725112%2F0c70879344b972d64ba13945e163a126%2Fmodel_general_view.png,
intel/stanford-ribonanza-rna-folding/bodies/460121_img/03.png,stanford-ribonanza-rna-folding,460121,https://www.kaggle.com/competitions/stanford-ribonanza-rna-folding/discussion/460121,png,560002,P1,1st 的 Self-Attention Block：BPP 注入 + 动态位置偏置,notes/science/stanford-ribonanza-rna-folding.md
intel/stanford-ribonanza-rna-folding/bodies/460121_img/04.png,stanford-ribonanza-rna-folding,460121,https://www.kaggle.com/competitions/stanford-ribonanza-rna-folding/discussion/460121,png,478444,P1,Dynamic Relative Positional Encoding,notes/science/stanford-ribonanza-rna-folding.md
intel/stanford-ribonanza-rna-folding/bodies/460121_img/05.png,stanford-ribonanza-rna-folding,460121,https://www.kaggle.com/competitions/stanford-ribonanza-rna-folding/discussion/460121,png,789748,P2,inbox%2F16725112%2F4b8f15f5aa950ba64ecbd55df123cad4%2Fconv_se.png,
intel/stanford-ribonanza-rna-folding/bodies/460121_img/06.jpg,stanford-ribonanza-rna-folding,460121,https://www.kaggle.com/competitions/stanford-ribonanza-rna-folding/discussion/460121,jpg,38930,P1,1st 的序列相似性聚类（DBSCAN）,notes/science/stanford-ribonanza-rna-folding.md
intel/stanford-ribonanza-rna-folding/bodies/460121_img/07.jpg,stanford-ribonanza-rna-folding,460121,https://www.kaggle.com/competitions/stanford-ribonanza-rna-folding/discussion/460121,jpg,72758,P2,inbox%2F16725112%2F2d054d1679176e0664130f6c46ccb0ae%2Ftrashfold.jpg,
intel/stanford-ribonanza-rna-folding/bodies/460190_img/01.png,stanford-ribonanza-rna-folding,460190,https://www.kaggle.com/competitions/stanford-ribonanza-rna-folding/discussion/460190,png,160155,P1,7th 的三种 BPP 注入架构,notes/science/stanford-ribonanza-rna-folding.md
intel/stanford-ribonanza-rna-folding/bodies/460203_img/01.png,stanford-ribonanza-rna-folding,460203,https://www.kaggle.com/competitions/stanford-ribonanza-rna-folding/discussion/460203,png,376886,P2,inbox%2F1745801%2Fd89808656d85bd143d94055a543a5a55%2F2023-12-09%2018.25.55.png,
intel/stanford-ribonanza-rna-folding/bodies/460203_img/02.png,stanford-ribonanza-rna-folding,460203,https://www.kaggle.com/competitions/stanford-ribonanza-rna-folding/discussion/460203,png,188970,P2,inbox%2F1745801%2F7eea07453fa8011a1435c012533a084d%2Ftransformer.png,
intel/stanford-ribonanza-rna-folding/bodies/460222_img/01.png,stanford-ribonanza-rna-folding,460222,https://www.kaggle.com/competitions/stanford-ribonanza-rna-folding/discussion/460222,png,94677,P2,inbox%2F2311404%2Fb39fa96937be0505cbe1b8480910784e%2Fsplit.png,
intel/stanford-ribonanza-rna-folding/bodies/460222_img/02.png,stanford-ribonanza-rna-folding,460222,https://www.kaggle.com/competitions/stanford-ribonanza-rna-folding/discussion/460222,png,255768,P2,inbox%2F2311404%2Fd2a22732d565f34536b3ad5c9af99220%2Fgraph_features.png,
intel/stanford-ribonanza-rna-folding/bodies/460222_img/03.png,stanford-ribonanza-rna-folding,460222,https://www.kaggle.com/competitions/stanford-ribonanza-rna-folding/discussion/460222,png,200727,P1,8th 的 CNN+GNN 结构与四类邻接矩阵,notes/science/stanford-ribonanza-rna-folding.md
intel/stanford-ribonanza-rna-folding/bodies/460316_img/01.png,stanford-ribonanza-rna-folding,460316,https://www.kaggle.com/competitions/stanford-ribonanza-rna-folding/discussion/460316,png,116877,P1,2nd 的 Squeezeformer + BPP 2DConvNet,notes/science/stanford-ribonanza-rna-folding.md
intel/stanford-ribonanza-rna-folding/bodies/460316_img/02.png,stanford-ribonanza-rna-folding,460316,https://www.kaggle.com/competitions/stanford-ribonanza-rna-folding/discussion/460316,png,103294,P2,inbox%2F5003978%2F3191b22f70fe4b38f04b6664871d2b96%2F.drawio-10.png,
intel/stanford-rna-3d-folding/bodies/566906_img/01.png,stanford-rna-3d-folding,566906,https://www.kaggle.com/competitions/stanford-rna-3d-folding/discussion/566906,png,66975,P1,DRfold2 基线与能量选择,analysis/deep/stanford-rna-3d-folding.md|notes/science/stanford-rna-3d-folding.md
intel/stanford-rna-3d-folding/bodies/609843_img/01.png,stanford-rna-3d-folding,609843,https://www.kaggle.com/competitions/stanford-rna-3d-folding/discussion/609843,png,101524,P1,表征对齐与 Smith–Waterman 对比,analysis/deep/stanford-rna-3d-folding.md|notes/science/stanford-rna-3d-folding.md
intel/stanford-rna-3d-folding-2/bodies/668412_img/01.png,stanford-rna-3d-folding-2,668412,https://www.kaggle.com/competitions/stanford-rna-3d-folding-2/discussion/668412,png,250511,P1,RNAPro 推理管线与对比,analysis/deep/stanford-rna-3d-folding-2.md|notes/science/stanford-rna-3d-folding-2.md
intel/tabular-playground-series-aug-2022/bodies/349810_img/01.PNG,tabular-playground-series-aug-2022,349810,https://www.kaggle.com/competitions/tabular-playground-series-aug-2022/discussion/349810,png,11025,P1,修复后的集成提交,analysis/deep/tabular-playground-series-aug-2022.md|notes/tabular/tabular-playground-series-aug-2022.md
intel/tabular-playground-series-feb-2022/bodies/305350_img/01.png,tabular-playground-series-feb-2022,305350,https://www.kaggle.com/competitions/tabular-playground-series-feb-2022/discussion/305350,png,432956,P2,ncv.png,
intel/tabular-playground-series-feb-2022/bodies/305350_img/02.jpg,tabular-playground-series-feb-2022,305350,https://www.kaggle.com/competitions/tabular-playground-series-feb-2022/discussion/305350,jpg,51842,P2,NCV-103.jpg,
intel/tabular-playground-series-feb-2022/bodies/305350_img/03.jpg,tabular-playground-series-feb-2022,305350,https://www.kaggle.com/competitions/tabular-playground-series-feb-2022/discussion/305350,jpg,95917,P2,NCV-paper.jpg,
intel/tabular-playground-series-feb-2022/bodies/305350_img/04.jpg,tabular-playground-series-feb-2022,305350,https://www.kaggle.com/competitions/tabular-playground-series-feb-2022/discussion/305350,jpg,164726,P2,NCV-105.jpg,
intel/tabular-playground-series-feb-2022/bodies/305350_img/05.jpg,tabular-playground-series-feb-2022,305350,https://www.kaggle.com/competitions/tabular-playground-series-feb-2022/discussion/305350,jpg,111685,P2,FJZCw89-Xs-AQC1x-C.jpg,
intel/tabular-playground-series-feb-2022/bodies/305350_img/06.jpg,tabular-playground-series-feb-2022,305350,https://www.kaggle.com/competitions/tabular-playground-series-feb-2022/discussion/305350,jpg,134572,P2,NCV-100.jpg,
intel/tabular-playground-series-feb-2022/bodies/305350_img/07.jpg,tabular-playground-series-feb-2022,305350,https://www.kaggle.com/competitions/tabular-playground-series-feb-2022/discussion/305350,jpg,141949,P2,NCV-101.jpg,
intel/tabular-playground-series-feb-2022/bodies/305350_img/08.png,tabular-playground-series-feb-2022,305350,https://www.kaggle.com/competitions/tabular-playground-series-feb-2022/discussion/305350,png,186164,P1,四种验证方案对比（Vabalas 2019，来自嵌套 CV 资源帖）,analysis/deep/tabular-playground-series-feb-2022.md|notes/tabular/tabular-playground-series-feb-2022.md
intel/tabular-playground-series-feb-2022/bodies/305350_img/09.jpg,tabular-playground-series-feb-2022,305350,https://www.kaggle.com/competitions/tabular-playground-series-feb-2022/discussion/305350,jpg,56679,P2,btaa046f1.jpg,
intel/tabular-playground-series-feb-2022/bodies/305350_img/10.jpg,tabular-playground-series-feb-2022,305350,https://www.kaggle.com/competitions/tabular-playground-series-feb-2022/discussion/305350,jpg,276076,P2,NCV-107.jpg,
intel/tabular-playground-series-feb-2022/bodies/305350_img/11.jpg,tabular-playground-series-feb-2022,305350,https://www.kaggle.com/competitions/tabular-playground-series-feb-2022/discussion/305350,jpg,93636,P2,NCV-102.jpg,
intel/tabular-playground-series-jan-2022/bodies/298446_img/01.jpg,tabular-playground-series-jan-2022,298446,https://www.kaggle.com/competitions/tabular-playground-series-jan-2022/discussion/298446,jpg,60496,P1,社区热帖 meme,analysis/deep/tabular-playground-series-jan-2022.md|notes/tabular/tabular-playground-series-jan-2022.md
intel/tabular-playground-series-jul-2022/bodies/335078_img/01.png,tabular-playground-series-jul-2022,335078,https://www.kaggle.com/competitions/tabular-playground-series-jul-2022/discussion/335078,png,41573,P1,聚类集成流程,analysis/deep/tabular-playground-series-jul-2022.md|notes/tabular/tabular-playground-series-jul-2022.md
intel/tabular-playground-series-jul-2022/bodies/335078_img/02.jpg,tabular-playground-series-jul-2022,335078,https://www.kaggle.com/competitions/tabular-playground-series-jul-2022/discussion/335078,jpg,41170,P2,1-s2-0-S153204641300021-X-gr1.jpg,
intel/tabular-playground-series-jun-2022/bodies/334331_img/01.png,tabular-playground-series-jun-2022,334331,https://www.kaggle.com/competitions/tabular-playground-series-jun-2022/discussion/334331,png,160863,P1,DAE 架构,analysis/deep/tabular-playground-series-jun-2022.md|notes/tabular/tabular-playground-series-jun-2022.md
intel/tabular-playground-series-may-2022/bodies/328441_img/01.png,tabular-playground-series-may-2022,328441,https://www.kaggle.com/competitions/tabular-playground-series-may-2022/discussion/328441,png,133160,P1,4th 的多激活分支网络,analysis/deep/tabular-playground-series-may-2022.md|notes/tabular/tabular-playground-series-may-2022.md
intel/tabular-playground-series-may-2022/bodies/328553_img/01.png,tabular-playground-series-may-2022,328553,https://www.kaggle.com/competitions/tabular-playground-series-may-2022/discussion/328553,png,69327,P2,results-5-1.png,
intel/tabular-playground-series-nov-2021/bodies/288221_img/01.png,tabular-playground-series-nov-2021,288221,https://www.kaggle.com/competitions/tabular-playground-series-nov-2021/discussion/288221,png,238265,P1,Trust your CV meme,analysis/deep/tabular-playground-series-nov-2021.md|notes/tabular/tabular-playground-series-nov-2021.md
intel/tabular-playground-series-nov-2022/bodies/363968_img/01.PNG,tabular-playground-series-nov-2022,363968,https://www.kaggle.com/competitions/tabular-playground-series-nov-2022/discussion/363968,png,15698,P1,Basic Average,analysis/deep/tabular-playground-series-nov-2022.md
intel/tabular-playground-series-nov-2022/bodies/363968_img/02.PNG,tabular-playground-series-nov-2022,363968,https://www.kaggle.com/competitions/tabular-playground-series-nov-2022/discussion/363968,png,30446,P1,Blend,analysis/deep/tabular-playground-series-nov-2022.md
intel/tabular-playground-series-nov-2022/bodies/363968_img/03.PNG,tabular-playground-series-nov-2022,363968,https://www.kaggle.com/competitions/tabular-playground-series-nov-2022/discussion/363968,png,36141,P1,Stacking,analysis/deep/tabular-playground-series-nov-2022.md
intel/tabular-playground-series-oct-2021/bodies/284492_img/01.jpg,tabular-playground-series-oct-2021,284492,https://www.kaggle.com/competitions/tabular-playground-series-oct-2021/discussion/284492,jpg,25827,P1,9th 的三级栈,analysis/deep/tabular-playground-series-oct-2021.md|notes/tabular/tabular-playground-series-oct-2021.md
intel/tabular-playground-series-oct-2022/bodies/363288_img/01.jpg,tabular-playground-series-oct-2022,363288,https://www.kaggle.com/competitions/tabular-playground-series-oct-2022/discussion/363288,jpg,25165,P1,榜首榜单一度第一,analysis/deep/tabular-playground-series-oct-2022.md|notes/tabular/tabular-playground-series-oct-2022.md
intel/tabular-playground-series-oct-2022/bodies/363288_img/02.png,tabular-playground-series-oct-2022,363288,https://www.kaggle.com/competitions/tabular-playground-series-oct-2022/discussion/363288,png,194003,P1,Neptune 实验日志,analysis/deep/tabular-playground-series-oct-2022.md|notes/tabular/tabular-playground-series-oct-2022.md
intel/tlvmc-parkinsons-freezing-gait-prediction/bodies/415992_img/01.png,tlvmc-parkinsons-freezing-gait-prediction,415992,https://www.kaggle.com/competitions/tlvmc-parkinsons-freezing-gait-prediction/discussion/415992,png,109295,P1,6th 的频谱图/小波双分支,analysis/deep/tlvmc-parkinsons-freezing-gait-prediction.md|notes/tabular/tlvmc-parkinsons-freezing-gait-prediction.md
intel/tlvmc-parkinsons-freezing-gait-prediction/bodies/415992_img/02.png,tlvmc-parkinsons-freezing-gait-prediction,415992,https://www.kaggle.com/competitions/tlvmc-parkinsons-freezing-gait-prediction/discussion/415992,png,10450,P2,inbox%2F3355848%2F3db704367c0eb1a6f7e46f82684e3f31%2FFOG_attention_mask.png,
intel/ubiquant-market-prediction/bodies/338220_img/01.png,ubiquant-market-prediction,338220,https://www.kaggle.com/competitions/ubiquant-market-prediction/discussion/338220,png,30316,P1,szse,analysis/deep/ubiquant-market-prediction.md|notes/tabular/ubiquant-market-prediction.md
intel/ubiquant-market-prediction/bodies/338220_img/02.jpg,ubiquant-market-prediction,338220,https://www.kaggle.com/competitions/ubiquant-market-prediction/discussion/338220,jpg,188564,P2,inbox%2F6960421%2F0286cd6a82565ccd3c0e62b391b0b7f7%2F300%20_2.jpg,
intel/um-game-playing-strength-of-mcts-variants/bodies/549582_img/01.jpg,um-game-playing-strength-of-mcts-variants,549582,https://www.kaggle.com/competitions/um-game-playing-strength-of-mcts-variants/discussion/549582,jpg,376665,P1,6th 的零成本数据生成 + 两阶段集成管线,analysis/deep/um-game-playing-strength-of-mcts-variants.md
intel/um-game-playing-strength-of-mcts-variants/bodies/549582_img/02.jpg,um-game-playing-strength-of-mcts-variants,549582,https://www.kaggle.com/competitions/um-game-playing-strength-of-mcts-variants/discussion/549582,jpg,176748,P2,inbox%2F5007869%2Fbbbe9e715a7fcec7bd8e3e23f7029c14%2Ffeature_importances.jpg,
intel/um-game-playing-strength-of-mcts-variants/bodies/549582_img/03.jpg,um-game-playing-strength-of-mcts-variants,549582,https://www.kaggle.com/competitions/um-game-playing-strength-of-mcts-variants/discussion/549582,jpg,390896,P1,6th 的翻转增强缺口对照,analysis/deep/um-game-playing-strength-of-mcts-variants.md|notes/tabular/um-game-playing-strength-of-mcts-variants.md
intel/um-game-playing-strength-of-mcts-variants/bodies/549582_img/04.jpg,um-game-playing-strength-of-mcts-variants,549582,https://www.kaggle.com/competitions/um-game-playing-strength-of-mcts-variants/discussion/549582,jpg,258065,P2,inbox%2F5007869%2F39645e500c397e14f6e047fa979b61de%2FData_generation.jpg,
intel/um-game-playing-strength-of-mcts-variants/bodies/549582_img/05.jpg,um-game-playing-strength-of-mcts-variants,549582,https://www.kaggle.com/competitions/um-game-playing-strength-of-mcts-variants/discussion/549582,jpg,141366,P2,inbox%2F5007869%2F3df9b735efc3d7c598e40280a19ee4ee%2Fshap_values.jpg,
intel/um-game-playing-strength-of-mcts-variants/bodies/549588_img/01.png,um-game-playing-strength-of-mcts-variants,549588,https://www.kaggle.com/competitions/um-game-playing-strength-of-mcts-variants/discussion/549588,png,155468,P2,inbox%2F715257%2F88b93b72cda534ab930bc51b7803536d%2Fum_solution.png,
intel/um-game-playing-strength-of-mcts-variants/bodies/549617_img/01.png,um-game-playing-strength-of-mcts-variants,549617,https://www.kaggle.com/competitions/um-game-playing-strength-of-mcts-variants/discussion/549617,png,233182,P2,inbox%2F42245%2Fb63b4e38a569839cc70292a3cb924532%2F487DD89B26C8B046F3607B5AF48D8CE2.png,
intel/um-game-playing-strength-of-mcts-variants/bodies/549801_img/01.png,um-game-playing-strength-of-mcts-variants,549801,https://www.kaggle.com/competitions/um-game-playing-strength-of-mcts-variants/discussion/549801,png,84566,P1,1st 的树搜索特征 + 三模型 + 等渗回归管线,analysis/deep/um-game-playing-strength-of-mcts-variants.md
intel/um-game-playing-strength-of-mcts-variants/bodies/549801_img/02.png,um-game-playing-strength-of-mcts-variants,549801,https://www.kaggle.com/competitions/um-game-playing-strength-of-mcts-variants/discussion/549801,png,102561,P2,inbox%2F3512350%2Ff0cd2eb8ead5029fe5fae3566c3a47fb%2FMCTS_configs.png,
intel/us-patent-phrase-to-phrase-matching/bodies/332273_img/01.jpg,us-patent-phrase-to-phrase-matching,332273,https://www.kaggle.com/competitions/us-patent-phrase-to-phrase-matching/discussion/332273,jpg,117440,P2,cvlb.jpg,
intel/us-patent-phrase-to-phrase-matching/bodies/332273_img/02.jpg,us-patent-phrase-to-phrase-matching,332273,https://www.kaggle.com/competitions/us-patent-phrase-to-phrase-matching/discussion/332273,jpg,8552,P2,teampicture.jpg,
intel/us-patent-phrase-to-phrase-matching/bodies/332418_img/01.png,us-patent-phrase-to-phrase-matching,332418,https://www.kaggle.com/competitions/us-patent-phrase-to-phrase-matching/discussion/332418,png,78738,P1,5th 的 prompt 结构,analysis/deep/us-patent-phrase-to-phrase-matching.md|notes/nlp/us-patent-phrase-to-phrase-matching.md
intel/us-patent-phrase-to-phrase-matching/bodies/337853_img/01.jpg,us-patent-phrase-to-phrase-matching,337853,https://www.kaggle.com/competitions/us-patent-phrase-to-phrase-matching/discussion/337853,jpg,137145,P2,1688.jpg,
intel/uspto-explainable-ai/bodies/522201_img/01.png,uspto-explainable-ai,522201,https://www.kaggle.com/competitions/uspto-explainable-ai/discussion/522201,png,20763,P2,inbox%2F2304617%2Ff0d3b8a7adc696a2971955b617e550eb%2F__results___5_0.png,
intel/uspto-explainable-ai/bodies/522202_img/01.png,uspto-explainable-ai,522202,https://www.kaggle.com/competitions/uspto-explainable-ai/discussion/522202,png,136814,P2,inbox%2F3097455%2F4356475ff5ee4752a0f5de78853bbf7a%2Fuspto_ap50_p1n1.png,
intel/uspto-explainable-ai/bodies/522202_img/02.png,uspto-explainable-ai,522202,https://www.kaggle.com/competitions/uspto-explainable-ai/discussion/522202,png,59820,P2,inbox%2F3097455%2Fabf1280c0f592a0a028e4615b135da90%2Fuspto_score1.png,
intel/uspto-explainable-ai/bodies/522202_img/03.png,uspto-explainable-ai,522202,https://www.kaggle.com/competitions/uspto-explainable-ai/discussion/522202,png,28213,P2,inbox%2F3097455%2Ff47a9d31197257e42b2dd840194ebaaa%2Fscore2_distribution.png,
intel/uspto-explainable-ai/bodies/522258_img/01.png,uspto-explainable-ai,522258,https://www.kaggle.com/competitions/uspto-explainable-ai/discussion/522258,png,197885,P1,2nd 的三步查询合成流程,analysis/deep/uspto-explainable-ai.md|notes/nlp/uspto-explainable-ai.md
intel/uspto-explainable-ai/bodies/522258_img/02.png,uspto-explainable-ai,522258,https://www.kaggle.com/competitions/uspto-explainable-ai/discussion/522258,png,7453,P2,inbox%2F3026173%2Fcbe617f06b8231ec355b94ea87d1e652%2F2024-07-25%20172310.png,
intel/uw-madison-gi-tract-image-segmentation/bodies/320060_img/01.png,uw-madison-gi-tract-image-segmentation,320060,https://www.kaggle.com/competitions/uw-madison-gi-tract-image-segmentation/discussion/320060,png,212092,P1,ASPP 结构（资源帖引用）,notes/cv/uw-madison-gi-tract-image-segmentation.md
intel/uw-madison-gi-tract-image-segmentation/bodies/320060_img/02.png,uw-madison-gi-tract-image-segmentation,320060,https://www.kaggle.com/competitions/uw-madison-gi-tract-image-segmentation/discussion/320060,png,25047,P1,SE 结构（资源帖引用）,notes/cv/uw-madison-gi-tract-image-segmentation.md
intel/uw-madison-gi-tract-image-segmentation/bodies/337197_img/01.png,uw-madison-gi-tract-image-segmentation,337197,https://www.kaggle.com/competitions/uw-madison-gi-tract-image-segmentation/discussion/337197,png,58616,P1,1st 的完整管线：三分层分割 + CLS 门控 + 清理,notes/cv/uw-madison-gi-tract-image-segmentation.md
intel/ventilator-pressure-prediction/bodies/276599_img/01.png,ventilator-pressure-prediction,276599,https://www.kaggle.com/competitions/ventilator-pressure-prediction/discussion/276599,png,28719,P2,ex_28.png,
intel/ventilator-pressure-prediction/bodies/276599_img/02.png,ventilator-pressure-prediction,276599,https://www.kaggle.com/competitions/ventilator-pressure-prediction/discussion/276599,png,210453,P1,rc physics,notes/science/ventilator-pressure-prediction.md
intel/ventilator-pressure-prediction/bodies/276599_img/03.png,ventilator-pressure-prediction,276599,https://www.kaggle.com/competitions/ventilator-pressure-prediction/discussion/276599,png,27335,P2,ex_87.png,
intel/ventilator-pressure-prediction/bodies/276599_img/04.png,ventilator-pressure-prediction,276599,https://www.kaggle.com/competitions/ventilator-pressure-prediction/discussion/276599,png,145629,P2,ex_R.png,
intel/ventilator-pressure-prediction/bodies/285256_img/01.png,ventilator-pressure-prediction,285256,https://www.kaggle.com/competitions/ventilator-pressure-prediction/discussion/285256,png,39134,P1,training curve,notes/science/ventilator-pressure-prediction.md
intel/ventilator-pressure-prediction/bodies/285256_img/02.png,ventilator-pressure-prediction,285256,https://www.kaggle.com/competitions/ventilator-pressure-prediction/discussion/285256,png,11444,P1,inverse matching,notes/science/ventilator-pressure-prediction.md
intel/ventilator-pressure-prediction/bodies/285256_img/03.png,ventilator-pressure-prediction,285256,https://www.kaggle.com/competitions/ventilator-pressure-prediction/discussion/285256,png,2832,P1,pid equations,notes/science/ventilator-pressure-prediction.md
intel/ventilator-pressure-prediction/bodies/285256_img/04.jpg,ventilator-pressure-prediction,285256,https://www.kaggle.com/competitions/ventilator-pressure-prediction/discussion/285256,jpg,112661,P2,writeup_fig5.jpg,
intel/ventilator-pressure-prediction/bodies/285256_img/05.png,ventilator-pressure-prediction,285256,https://www.kaggle.com/competitions/ventilator-pressure-prediction/discussion/285256,png,68300,P2,writeup_fig2.png,
intel/ventilator-pressure-prediction/bodies/285256_img/06.jpg,ventilator-pressure-prediction,285256,https://www.kaggle.com/competitions/ventilator-pressure-prediction/discussion/285256,jpg,22396,P2,writeup_fig3.jpg,
intel/ventilator-pressure-prediction/bodies/285277_img/01.png,ventilator-pressure-prediction,285277,https://www.kaggle.com/competitions/ventilator-pressure-prediction/discussion/285277,png,305399,P1,transformer,notes/science/ventilator-pressure-prediction.md
intel/ventilator-pressure-prediction/bodies/285330_img/01.png,ventilator-pressure-prediction,285330,https://www.kaggle.com/competitions/ventilator-pressure-prediction/discussion/285330,png,152517,P1,arch,notes/science/ventilator-pressure-prediction.md
intel/ventilator-pressure-prediction/bodies/285330_img/02.png,ventilator-pressure-prediction,285330,https://www.kaggle.com/competitions/ventilator-pressure-prediction/discussion/285330,png,78235,P2,masking.png,
intel/ventilator-pressure-prediction/bodies/285330_img/03.png,ventilator-pressure-prediction,285330,https://www.kaggle.com/competitions/ventilator-pressure-prediction/discussion/285330,png,57862,P2,shuffling.png,
intel/ventilator-pressure-prediction/bodies/285330_img/04.png,ventilator-pressure-prediction,285330,https://www.kaggle.com/competitions/ventilator-pressure-prediction/discussion/285330,png,43649,P1,mixup,notes/science/ventilator-pressure-prediction.md
intel/ventilator-pressure-prediction/bodies/285330_img/05.png,ventilator-pressure-prediction,285330,https://www.kaggle.com/competitions/ventilator-pressure-prediction/discussion/285330,png,154151,P2,loss.png,
intel/ventilator-pressure-prediction/bodies/285353_img/01.png,ventilator-pressure-prediction,285353,https://www.kaggle.com/competitions/ventilator-pressure-prediction/discussion/285353,png,326829,P1,laplace,notes/science/ventilator-pressure-prediction.md
intel/ventilator-pressure-prediction/bodies/285353_img/02.png,ventilator-pressure-prediction,285353,https://www.kaggle.com/competitions/ventilator-pressure-prediction/discussion/285353,png,160929,P2,140300044-7dba94d8-c54b-422f-a306-568165171c19.png,
intel/vesuvius-challenge-ink-detection/bodies/407545_img/01.png,vesuvius-challenge-ink-detection,407545,https://www.kaggle.com/competitions/vesuvius-challenge-ink-detection/discussion/407545,png,842908,P2,%E3%82%B9%E3%82%AF%E3%83%AA%E3%83%BC%E3%83%B3%E3%82%B7%E3%83%A7%E3%83%83%E3%83%88%202023-05-07%2010.02.44.png,
intel/vesuvius-challenge-ink-detection/bodies/407545_img/02.png,vesuvius-challenge-ink-detection,407545,https://www.kaggle.com/competitions/vesuvius-challenge-ink-detection/discussion/407545,png,1949213,P2,%E3%82%B9%E3%82%AF%E3%83%AA%E3%83%BC%E3%83%B3%E3%82%B7%E3%83%A7%E3%83%83%E3%83%88%202023-05-06%2019.29.51.png,
intel/vesuvius-challenge-ink-detection/bodies/407545_img/03.png,vesuvius-challenge-ink-detection,407545,https://www.kaggle.com/competitions/vesuvius-challenge-ink-detection/discussion/407545,png,2229761,P2,%E3%82%B9%E3%82%AF%E3%83%AA%E3%83%BC%E3%83%B3%E3%82%B7%E3%83%A7%E3%83%83%E3%83%88%202023-05-06%2019.31.20.png,
intel/vesuvius-challenge-ink-detection/bodies/407545_img/04.png,vesuvius-challenge-ink-detection,407545,https://www.kaggle.com/competitions/vesuvius-challenge-ink-detection/discussion/407545,png,2199124,P2,%E3%82%B9%E3%82%AF%E3%83%AA%E3%83%BC%E3%83%B3%E3%82%B7%E3%83%A7%E3%83%83%E3%83%88%202023-05-06%2019.13.58.png,
intel/vesuvius-challenge-ink-detection/bodies/407545_img/05.png,vesuvius-challenge-ink-detection,407545,https://www.kaggle.com/competitions/vesuvius-challenge-ink-detection/discussion/407545,png,2950769,P2,%E3%82%B9%E3%82%AF%E3%83%AA%E3%83%BC%E3%83%B3%E3%82%B7%E3%83%A7%E3%83%83%E3%83%88%202023-05-06%2019.14.25.png,
intel/vesuvius-challenge-ink-detection/bodies/407545_img/06.png,vesuvius-challenge-ink-detection,407545,https://www.kaggle.com/competitions/vesuvius-challenge-ink-detection/discussion/407545,png,2935052,P2,%E3%82%B9%E3%82%AF%E3%83%AA%E3%83%BC%E3%83%B3%E3%82%B7%E3%83%A7%E3%83%83%E3%83%88%202023-05-06%2019.30.15.png,
intel/vesuvius-challenge-ink-detection/bodies/417255_img/01.png,vesuvius-challenge-ink-detection,417255,https://www.kaggle.com/competitions/vesuvius-challenge-ink-detection/discussion/417255,png,860,P1,red area,notes/cv/vesuvius-challenge-ink-detection.md
intel/vesuvius-challenge-ink-detection/bodies/417274_img/01.jpg,vesuvius-challenge-ink-detection,417274,https://www.kaggle.com/competitions/vesuvius-challenge-ink-detection/discussion/417274,jpg,79590,P1,rotation,notes/cv/vesuvius-challenge-ink-detection.md
intel/vesuvius-challenge-ink-detection/bodies/417274_img/02.jpg,vesuvius-challenge-ink-detection,417274,https://www.kaggle.com/competitions/vesuvius-challenge-ink-detection/discussion/417274,jpg,173051,P1,cnnunet,notes/cv/vesuvius-challenge-ink-detection.md
intel/vesuvius-challenge-ink-detection/bodies/417274_img/03.jpg,vesuvius-challenge-ink-detection,417274,https://www.kaggle.com/competitions/vesuvius-challenge-ink-detection/discussion/417274,jpg,157688,P1,segformer,notes/cv/vesuvius-challenge-ink-detection.md
intel/vesuvius-challenge-ink-detection/bodies/417274_img/04.jpg,vesuvius-challenge-ink-detection,417274,https://www.kaggle.com/competitions/vesuvius-challenge-ink-detection/discussion/417274,jpg,495033,P2,inbox%2F4001300%2F985af9f03d54b031cc820f29b63bc891%2Fpredictions.jpg,
intel/vesuvius-challenge-ink-detection/bodies/417496_img/01.png,vesuvius-challenge-ink-detection,417496,https://www.kaggle.com/competitions/vesuvius-challenge-ink-detection/discussion/417496,png,646983,P1,crop size,analysis/deep/vesuvius-challenge-ink-detection.md|notes/cv/vesuvius-challenge-ink-detection.md
intel/vesuvius-challenge-ink-detection/bodies/417496_img/02.png,vesuvius-challenge-ink-detection,417496,https://www.kaggle.com/competitions/vesuvius-challenge-ink-detection/discussion/417496,png,238503,P2,inbox%2F1035002%2Fb59a1b2b524ffdbea3882fd6883e87ad%2FScreen%20Shot%202023-06-15%20at%204.12.57%20PM.png,
intel/vesuvius-challenge-ink-detection/bodies/417496_img/03.png,vesuvius-challenge-ink-detection,417496,https://www.kaggle.com/competitions/vesuvius-challenge-ink-detection/discussion/417496,png,45788,P2,inbox%2F1035002%2Fd3566ee53b477abe6e4026db29d35531%2FScreen%20Shot%202023-06-15%20at%204.03.32%20PM.png,
intel/vesuvius-challenge-ink-detection/bodies/417496_img/04.png,vesuvius-challenge-ink-detection,417496,https://www.kaggle.com/competitions/vesuvius-challenge-ink-detection/discussion/417496,png,303101,P2,inbox%2F1035002%2F44380bdf9ac40366cfd12f6db39f1bef%2FScreen%20Shot%202023-06-15%20at%204.29.24%20PM.png,
intel/vesuvius-challenge-ink-detection/bodies/417496_img/05.png,vesuvius-challenge-ink-detection,417496,https://www.kaggle.com/competitions/vesuvius-challenge-ink-detection/discussion/417496,png,432327,P1,threshold,analysis/deep/vesuvius-challenge-ink-detection.md|notes/cv/vesuvius-challenge-ink-detection.md
intel/vesuvius-challenge-ink-detection/bodies/417496_img/06.png,vesuvius-challenge-ink-detection,417496,https://www.kaggle.com/competitions/vesuvius-challenge-ink-detection/discussion/417496,png,41199,P1,before,analysis/deep/vesuvius-challenge-ink-detection.md|notes/cv/vesuvius-challenge-ink-detection.md
intel/vesuvius-challenge-ink-detection/bodies/417496_img/07.png,vesuvius-challenge-ink-detection,417496,https://www.kaggle.com/competitions/vesuvius-challenge-ink-detection/discussion/417496,png,40090,P1,after,analysis/deep/vesuvius-challenge-ink-detection.md|notes/cv/vesuvius-challenge-ink-detection.md
intel/vesuvius-challenge-surface-detection/bodies/651532_img/01.png,vesuvius-challenge-surface-detection,651532,https://www.kaggle.com/competitions/vesuvius-challenge-surface-detection/discussion/651532,png,57411,P2,inbox%2F113660%2F5ea0dcb437185526a48b879f5ff4b24d%2FSelection_1614.png,
intel/vesuvius-challenge-surface-detection/bodies/651532_img/02.png,vesuvius-challenge-surface-detection,651532,https://www.kaggle.com/competitions/vesuvius-challenge-surface-detection/discussion/651532,png,230330,P2,inbox%2F113660%2Fe148bb135b9b439353d6edaa4a8f5a3a%2FSelection_1399.png,
intel/vesuvius-challenge-surface-detection/bodies/663144_img/01.gif,vesuvius-challenge-surface-detection,663144,https://www.kaggle.com/competitions/vesuvius-challenge-surface-detection/discussion/663144,gif,5562503,P2,ssv1.gif [GIF],
intel/vesuvius-challenge-surface-detection/bodies/679238_img/01.jpg,vesuvius-challenge-surface-detection,679238,https://www.kaggle.com/competitions/vesuvius-challenge-surface-detection/discussion/679238,jpg,13981,P1,高度图补大洞,analysis/deep/vesuvius-challenge-surface-detection.md|notes/cv/vesuvius-challenge-surface-detection.md
intel/vesuvius-challenge-surface-detection/bodies/679238_img/02.jpg,vesuvius-challenge-surface-detection,679238,https://www.kaggle.com/competitions/vesuvius-challenge-surface-detection/discussion/679238,jpg,7471,P2,Cubes.jpg,
intel/vesuvius-challenge-surface-detection/bodies/679238_img/03.jpg,vesuvius-challenge-surface-detection,679238,https://www.kaggle.com/competitions/vesuvius-challenge-surface-detection/discussion/679238,jpg,19097,P2,PaperCubes1.jpg,
intel/vesuvius-challenge-surface-detection/bodies/679360_img/01.png,vesuvius-challenge-surface-detection,679360,https://www.kaggle.com/competitions/vesuvius-challenge-surface-detection/discussion/679360,png,150119,P1,SDF 目标与高斯权重,analysis/deep/vesuvius-challenge-surface-detection.md|notes/cv/vesuvius-challenge-surface-detection.md
intel/waveform-inversion/bodies/587388_img/01.png,waveform-inversion,587388,https://www.kaggle.com/competitions/waveform-inversion/discussion/587388,png,535565,P2,inbox%2F1794509%2F2c0bdcf39b2d105431911c182de5ec99%2Finput.png,
intel/waveform-inversion/bodies/587388_img/02.png,waveform-inversion,587388,https://www.kaggle.com/competitions/waveform-inversion/discussion/587388,png,317840,P1,1st 的 ViT 回归结构（无 UNet 解码器）,notes/science/waveform-inversion.md
intel/waveform-inversion/bodies/587388_img/03.png,waveform-inversion,587388,https://www.kaggle.com/competitions/waveform-inversion/discussion/587388,png,184577,P2,inbox%2F1794509%2F84e7795e777d616c22ffc264e10dec37%2Farch2.png,
intel/waveform-inversion/bodies/587388_img/04.png,waveform-inversion,587388,https://www.kaggle.com/competitions/waveform-inversion/discussion/587388,png,195678,P1,1st 的最终架构（encoder+decoder 双 ViT）,notes/science/waveform-inversion.md
intel/waveform-inversion/bodies/587388_img/05.png,waveform-inversion,587388,https://www.kaggle.com/competitions/waveform-inversion/discussion/587388,png,50176,P2,inbox%2F1794509%2Fe47301b125f7736663b1cc57e63e095b%2Ftrain1.png,
intel/waveform-inversion/bodies/587388_img/06.png,waveform-inversion,587388,https://www.kaggle.com/competitions/waveform-inversion/discussion/587388,png,143462,P1,1st 的分阶段分辨率训练,notes/science/waveform-inversion.md
intel/waveform-inversion/bodies/587388_img/07.png,waveform-inversion,587388,https://www.kaggle.com/competitions/waveform-inversion/discussion/587388,png,351931,P2,inbox%2F1794509%2F60f4f0f2f6421676e6d86a7d478b199e%2Ftrain3.png,
intel/waveform-inversion/bodies/587388_img/08.png,waveform-inversion,587388,https://www.kaggle.com/competitions/waveform-inversion/discussion/587388,png,60481,P1,1st 的 Top4 专业化模型,notes/science/waveform-inversion.md
intel/waveform-inversion/bodies/587950_img/01.png,waveform-inversion,587950,https://www.kaggle.com/competitions/waveform-inversion/discussion/587950,png,205980,P1,正演易、反演难（任务示意）,notes/science/waveform-inversion.md
intel/waveform-inversion/bodies/587950_img/02.png,waveform-inversion,587950,https://www.kaggle.com/competitions/waveform-inversion/discussion/587950,png,846,P2,inbox%2F14984949%2F8fc5ef9592231a41259cda052c71bae3%2FScreenshot%202025-07-03%20165936.png,
intel/waveform-inversion/bodies/587950_img/03.png,waveform-inversion,587950,https://www.kaggle.com/competitions/waveform-inversion/discussion/587950,png,11951,P1,Style 家族样貌（GP 先验的对象）,notes/science/waveform-inversion.md
intel/waveform-inversion/bodies/587950_img/04.png,waveform-inversion,587950,https://www.kaggle.com/competitions/waveform-inversion/discussion/587950,png,13067,P2,inbox%2F14984949%2F872cb2fbc53d8ca3975539ae406ce082%2FScreenshot%202025-07-03%20165908.png,
intel/waveform-inversion/bodies/587950_img/05.png,waveform-inversion,587950,https://www.kaggle.com/competitions/waveform-inversion/discussion/587950,png,2615,P2,inbox%2F14984949%2Fef50f49c655a76f1c190ac17160647d3%2FScreenshot%202025-07-03%20165806.png,
intel/womens-march-mania-2022/bodies/316966_img/01.png,womens-march-mania-2022,316966,https://www.kaggle.com/competitions/womens-march-mania-2022/discussion/316966,png,55121,P2,womens-march-mania-2022-2nd.png,
intel/womens-march-mania-2022/bodies/316966_img/02.png,womens-march-mania-2022,316966,https://www.kaggle.com/competitions/womens-march-mania-2022/discussion/316966,png,65933,P1,13 场赌博的全组合模拟,analysis/deep/womens-march-mania-2022.md|notes/tabular/womens-march-mania-2022.md
intel/wsdm-cup-multilingual-chatbot-arena/bodies/567589_img/01.png,wsdm-cup-multilingual-chatbot-arena,567589,https://www.kaggle.com/competitions/wsdm-cup-multilingual-chatbot-arena/discussion/567589,png,126492,P1,7th 的不确定性级联集成,analysis/deep/wsdm-cup-multilingual-chatbot-arena.md|notes/nlp/wsdm-cup-multilingual-chatbot-arena.md
intel/wsdm-cup-multilingual-chatbot-arena/bodies/567589_img/02.png,wsdm-cup-multilingual-chatbot-arena,567589,https://www.kaggle.com/competitions/wsdm-cup-multilingual-chatbot-arena/discussion/567589,png,76770,P2,inbox%2F2125251%2Fc38d8dacd5ffc2e52cf02981900c24f0%2Fmodel_scores.png,
